<?xml version="1.0" encoding="UTF-8"?>
<gpx version="1.1" creator="make_fixtures.py" xmlns="http://www.topografix.com/GPX/1/1">
 <trk>
  <name>Hairpin pass</name>
  <trkseg>
   <trkpt lat="46.5000000" lon="11.0000000"><ele>0.0</ele><time>2024-06-12T19:15:00.000Z</time></trkpt>
   <trkpt lat="46.5000144" lon="11.0000000"><ele>0.1</ele><time>2024-06-12T19:15:00.200Z</time></trkpt>
   <trkpt lat="46.5000288" lon="11.0000000"><ele>0.2</ele><time>2024-06-12T19:15:00.400Z</time></trkpt>
   <trkpt lat="46.5000432" lon="11.0000000"><ele>0.3</ele><time>2024-06-12T19:15:00.600Z</time></trkpt>
   <trkpt lat="46.5000576" lon="11.0000000"><ele>0.4</ele><time>2024-06-12T19:15:00.800Z</time></trkpt>
   <trkpt lat="46.5000719" lon="11.0000000"><ele>0.5</ele><time>2024-06-12T19:15:01.000Z</time></trkpt>
   <trkpt lat="46.5000863" lon="11.0000000"><ele>0.6</ele><time>2024-06-12T19:15:01.200Z</time></trkpt>
   <trkpt lat="46.5001007" lon="11.0000000"><ele>0.7</ele><time>2024-06-12T19:15:01.400Z</time></trkpt>
   <trkpt lat="46.5001151" lon="11.0000000"><ele>0.8</ele><time>2024-06-12T19:15:01.600Z</time></trkpt>
   <trkpt lat="46.5001295" lon="11.0000000"><ele>0.9</ele><time>2024-06-12T19:15:01.800Z</time></trkpt>
   <trkpt lat="46.5001439" lon="11.0000000"><ele>1.0</ele><time>2024-06-12T19:15:02.1000Z</time></trkpt>
   <trkpt lat="46.5001583" lon="11.0000000"><ele>1.1</ele><time>2024-06-12T19:15:02.200Z</time></trkpt>
   <trkpt lat="46.5001727" lon="11.0000000"><ele>1.2</ele><time>2024-06-12T19:15:02.400Z</time></trkpt>
   <trkpt lat="46.5001871" lon="11.0000000"><ele>1.2</ele><time>2024-06-12T19:15:02.600Z</time></trkpt>
   <trkpt lat="46.5002014" lon="11.0000000"><ele>1.3</ele><time>2024-06-12T19:15:02.800Z</time></trkpt>
   <trkpt lat="46.5002158" lon="11.0000000"><ele>1.4</ele><time>2024-06-12T19:15:03.000Z</time></trkpt>
   <trkpt lat="46.5002302" lon="11.0000000"><ele>1.5</ele><time>2024-06-12T19:15:03.200Z</time></trkpt>
   <trkpt lat="46.5002446" lon="11.0000000"><ele>1.6</ele><time>2024-06-12T19:15:03.400Z</time></trkpt>
   <trkpt lat="46.5002590" lon="11.0000000"><ele>1.7</ele><time>2024-06-12T19:15:03.600Z</time></trkpt>
   <trkpt lat="46.5002734" lon="11.0000000"><ele>1.8</ele><time>2024-06-12T19:15:03.800Z</time></trkpt>
   <trkpt lat="46.5002878" lon="11.0000000"><ele>1.9</ele><time>2024-06-12T19:15:04.000Z</time></trkpt>
   <trkpt lat="46.5003022" lon="11.0000000"><ele>2.0</ele><time>2024-06-12T19:15:04.200Z</time></trkpt>
   <trkpt lat="46.5003166" lon="11.0000000"><ele>2.1</ele><time>2024-06-12T19:15:04.400Z</time></trkpt>
   <trkpt lat="46.5003309" lon="11.0000000"><ele>2.2</ele><time>2024-06-12T19:15:04.600Z</time></trkpt>
   <trkpt lat="46.5003453" lon="11.0000000"><ele>2.3</ele><time>2024-06-12T19:15:04.800Z</time></trkpt>
   <trkpt lat="46.5003597" lon="11.0000000"><ele>2.4</ele><time>2024-06-12T19:15:05.000Z</time></trkpt>
   <trkpt lat="46.5003741" lon="11.0000000"><ele>2.5</ele><time>2024-06-12T19:15:05.200Z</time></trkpt>
   <trkpt lat="46.5003885" lon="11.0000000"><ele>2.6</ele><time>2024-06-12T19:15:05.400Z</time></trkpt>
   <trkpt lat="46.5004029" lon="11.0000000"><ele>2.7</ele><time>2024-06-12T19:15:05.600Z</time></trkpt>
   <trkpt lat="46.5004173" lon="11.0000000"><ele>2.8</ele><time>2024-06-12T19:15:05.800Z</time></trkpt>
   <trkpt lat="46.5004317" lon="11.0000000"><ele>2.9</ele><time>2024-06-12T19:15:06.000Z</time></trkpt>
   <trkpt lat="46.5004461" lon="11.0000000"><ele>3.0</ele><time>2024-06-12T19:15:06.200Z</time></trkpt>
   <trkpt lat="46.5004605" lon="11.0000000"><ele>3.1</ele><time>2024-06-12T19:15:06.400Z</time></trkpt>
   <trkpt lat="46.5004748" lon="11.0000000"><ele>3.2</ele><time>2024-06-12T19:15:06.600Z</time></trkpt>
   <trkpt lat="46.5004892" lon="11.0000000"><ele>3.3</ele><time>2024-06-12T19:15:06.800Z</time></trkpt>
   <trkpt lat="46.5005036" lon="11.0000000"><ele>3.4</ele><time>2024-06-12T19:15:07.000Z</time></trkpt>
   <trkpt lat="46.5005180" lon="11.0000000"><ele>3.5</ele><time>2024-06-12T19:15:07.200Z</time></trkpt>
   <trkpt lat="46.5005324" lon="11.0000000"><ele>3.6</ele><time>2024-06-12T19:15:07.400Z</time></trkpt>
   <trkpt lat="46.5005468" lon="11.0000000"><ele>3.6</ele><time>2024-06-12T19:15:07.600Z</time></trkpt>
   <trkpt lat="46.5005612" lon="11.0000000"><ele>3.7</ele><time>2024-06-12T19:15:07.800Z</time></trkpt>
   <trkpt lat="46.5005756" lon="11.0000000"><ele>3.8</ele><time>2024-06-12T19:15:08.000Z</time></trkpt>
   <trkpt lat="46.5005900" lon="11.0000000"><ele>3.9</ele><time>2024-06-12T19:15:08.200Z</time></trkpt>
   <trkpt lat="46.5006043" lon="11.0000000"><ele>4.0</ele><time>2024-06-12T19:15:08.400Z</time></trkpt>
   <trkpt lat="46.5006187" lon="11.0000000"><ele>4.1</ele><time>2024-06-12T19:15:08.600Z</time></trkpt>
   <trkpt lat="46.5006331" lon="11.0000000"><ele>4.2</ele><time>2024-06-12T19:15:08.800Z</time></trkpt>
   <trkpt lat="46.5006475" lon="11.0000000"><ele>4.3</ele><time>2024-06-12T19:15:09.000Z</time></trkpt>
   <trkpt lat="46.5006619" lon="11.0000000"><ele>4.4</ele><time>2024-06-12T19:15:09.200Z</time></trkpt>
   <trkpt lat="46.5006763" lon="11.0000000"><ele>4.5</ele><time>2024-06-12T19:15:09.400Z</time></trkpt>
   <trkpt lat="46.5006907" lon="11.0000000"><ele>4.6</ele><time>2024-06-12T19:15:09.600Z</time></trkpt>
   <trkpt lat="46.5007051" lon="11.0000000"><ele>4.7</ele><time>2024-06-12T19:15:09.800Z</time></trkpt>
   <trkpt lat="46.5007195" lon="11.0000000"><ele>4.8</ele><time>2024-06-12T19:15:10.1000Z</time></trkpt>
   <trkpt lat="46.5007338" lon="11.0000000"><ele>4.9</ele><time>2024-06-12T19:15:10.200Z</time></trkpt>
   <trkpt lat="46.5007482" lon="11.0000000"><ele>5.0</ele><time>2024-06-12T19:15:10.400Z</time></trkpt>
   <trkpt lat="46.5007626" lon="11.0000000"><ele>5.1</ele><time>2024-06-12T19:15:10.600Z</time></trkpt>
   <trkpt lat="46.5007770" lon="11.0000000"><ele>5.2</ele><time>2024-06-12T19:15:10.800Z</time></trkpt>
   <trkpt lat="46.5007914" lon="11.0000000"><ele>5.3</ele><time>2024-06-12T19:15:11.1000Z</time></trkpt>
   <trkpt lat="46.5008058" lon="11.0000000"><ele>5.4</ele><time>2024-06-12T19:15:11.200Z</time></trkpt>
   <trkpt lat="46.5008202" lon="11.0000000"><ele>5.5</ele><time>2024-06-12T19:15:11.400Z</time></trkpt>
   <trkpt lat="46.5008346" lon="11.0000000"><ele>5.6</ele><time>2024-06-12T19:15:11.600Z</time></trkpt>
   <trkpt lat="46.5008490" lon="11.0000000"><ele>5.7</ele><time>2024-06-12T19:15:11.800Z</time></trkpt>
   <trkpt lat="46.5008633" lon="11.0000000"><ele>5.8</ele><time>2024-06-12T19:15:12.1000Z</time></trkpt>
   <trkpt lat="46.5008777" lon="11.0000000"><ele>5.9</ele><time>2024-06-12T19:15:12.200Z</time></trkpt>
   <trkpt lat="46.5008921" lon="11.0000000"><ele>6.0</ele><time>2024-06-12T19:15:12.400Z</time></trkpt>
   <trkpt lat="46.5009065" lon="11.0000000"><ele>6.0</ele><time>2024-06-12T19:15:12.600Z</time></trkpt>
   <trkpt lat="46.5009209" lon="11.0000000"><ele>6.1</ele><time>2024-06-12T19:15:12.800Z</time></trkpt>
   <trkpt lat="46.5009353" lon="11.0000000"><ele>6.2</ele><time>2024-06-12T19:15:13.1000Z</time></trkpt>
   <trkpt lat="46.5009497" lon="11.0000000"><ele>6.3</ele><time>2024-06-12T19:15:13.200Z</time></trkpt>
   <trkpt lat="46.5009641" lon="11.0000000"><ele>6.4</ele><time>2024-06-12T19:15:13.400Z</time></trkpt>
   <trkpt lat="46.5009785" lon="11.0000000"><ele>6.5</ele><time>2024-06-12T19:15:13.600Z</time></trkpt>
   <trkpt lat="46.5009928" lon="11.0000000"><ele>6.6</ele><time>2024-06-12T19:15:13.800Z</time></trkpt>
   <trkpt lat="46.5010072" lon="11.0000000"><ele>6.7</ele><time>2024-06-12T19:15:14.1000Z</time></trkpt>
   <trkpt lat="46.5010216" lon="11.0000000"><ele>6.8</ele><time>2024-06-12T19:15:14.200Z</time></trkpt>
   <trkpt lat="46.5010360" lon="11.0000000"><ele>6.9</ele><time>2024-06-12T19:15:14.400Z</time></trkpt>
   <trkpt lat="46.5010504" lon="11.0000000"><ele>7.0</ele><time>2024-06-12T19:15:14.600Z</time></trkpt>
   <trkpt lat="46.5010648" lon="11.0000000"><ele>7.1</ele><time>2024-06-12T19:15:14.800Z</time></trkpt>
   <trkpt lat="46.5010792" lon="11.0000000"><ele>7.2</ele><time>2024-06-12T19:15:15.1000Z</time></trkpt>
   <trkpt lat="46.5010936" lon="11.0000000"><ele>7.3</ele><time>2024-06-12T19:15:15.200Z</time></trkpt>
   <trkpt lat="46.5011080" lon="11.0000000"><ele>7.4</ele><time>2024-06-12T19:15:15.400Z</time></trkpt>
   <trkpt lat="46.5011224" lon="11.0000000"><ele>7.5</ele><time>2024-06-12T19:15:15.600Z</time></trkpt>
   <trkpt lat="46.5011367" lon="11.0000000"><ele>7.6</ele><time>2024-06-12T19:15:15.800Z</time></trkpt>
   <trkpt lat="46.5011511" lon="11.0000000"><ele>7.7</ele><time>2024-06-12T19:15:16.1000Z</time></trkpt>
   <trkpt lat="46.5011655" lon="11.0000000"><ele>7.8</ele><time>2024-06-12T19:15:16.200Z</time></trkpt>
   <trkpt lat="46.5011799" lon="11.0000000"><ele>7.9</ele><time>2024-06-12T19:15:16.400Z</time></trkpt>
   <trkpt lat="46.5011943" lon="11.0000000"><ele>8.0</ele><time>2024-06-12T19:15:16.600Z</time></trkpt>
   <trkpt lat="46.5012087" lon="11.0000000"><ele>8.1</ele><time>2024-06-12T19:15:16.800Z</time></trkpt>
   <trkpt lat="46.5012231" lon="11.0000000"><ele>8.2</ele><time>2024-06-12T19:15:17.1000Z</time></trkpt>
   <trkpt lat="46.5012375" lon="11.0000000"><ele>8.3</ele><time>2024-06-12T19:15:17.200Z</time></trkpt>
   <trkpt lat="46.5012519" lon="11.0000000"><ele>8.4</ele><time>2024-06-12T19:15:17.400Z</time></trkpt>
   <trkpt lat="46.5012662" lon="11.0000000"><ele>8.4</ele><time>2024-06-12T19:15:17.600Z</time></trkpt>
   <trkpt lat="46.5012806" lon="11.0000000"><ele>8.5</ele><time>2024-06-12T19:15:17.800Z</time></trkpt>
   <trkpt lat="46.5012950" lon="11.0000000"><ele>8.6</ele><time>2024-06-12T19:15:18.1000Z</time></trkpt>
   <trkpt lat="46.5013094" lon="11.0000000"><ele>8.7</ele><time>2024-06-12T19:15:18.200Z</time></trkpt>
   <trkpt lat="46.5013238" lon="11.0000000"><ele>8.8</ele><time>2024-06-12T19:15:18.400Z</time></trkpt>
   <trkpt lat="46.5013382" lon="11.0000000"><ele>8.9</ele><time>2024-06-12T19:15:18.600Z</time></trkpt>
   <trkpt lat="46.5013526" lon="11.0000000"><ele>9.0</ele><time>2024-06-12T19:15:18.800Z</time></trkpt>
   <trkpt lat="46.5013670" lon="11.0000000"><ele>9.1</ele><time>2024-06-12T19:15:19.1000Z</time></trkpt>
   <trkpt lat="46.5013814" lon="11.0000000"><ele>9.2</ele><time>2024-06-12T19:15:19.200Z</time></trkpt>
   <trkpt lat="46.5013957" lon="11.0000000"><ele>9.3</ele><time>2024-06-12T19:15:19.400Z</time></trkpt>
   <trkpt lat="46.5014101" lon="11.0000000"><ele>9.4</ele><time>2024-06-12T19:15:19.600Z</time></trkpt>
   <trkpt lat="46.5014245" lon="11.0000000"><ele>9.5</ele><time>2024-06-12T19:15:19.800Z</time></trkpt>
   <trkpt lat="46.5014389" lon="11.0000000"><ele>9.6</ele><time>2024-06-12T19:15:20.1000Z</time></trkpt>
   <trkpt lat="46.5014533" lon="11.0000000"><ele>9.7</ele><time>2024-06-12T19:15:20.200Z</time></trkpt>
   <trkpt lat="46.5014677" lon="11.0000000"><ele>9.8</ele><time>2024-06-12T19:15:20.400Z</time></trkpt>
   <trkpt lat="46.5014821" lon="11.0000000"><ele>9.9</ele><time>2024-06-12T19:15:20.600Z</time></trkpt>
   <trkpt lat="46.5014965" lon="11.0000000"><ele>10.0</ele><time>2024-06-12T19:15:20.800Z</time></trkpt>
   <trkpt lat="46.5015109" lon="11.0000000"><ele>10.1</ele><time>2024-06-12T19:15:21.1000Z</time></trkpt>
   <trkpt lat="46.5015252" lon="11.0000000"><ele>10.2</ele><time>2024-06-12T19:15:21.200Z</time></trkpt>
   <trkpt lat="46.5015396" lon="11.0000000"><ele>10.3</ele><time>2024-06-12T19:15:21.400Z</time></trkpt>
   <trkpt lat="46.5015540" lon="11.0000000"><ele>10.4</ele><time>2024-06-12T19:15:21.600Z</time></trkpt>
   <trkpt lat="46.5015684" lon="11.0000000"><ele>10.5</ele><time>2024-06-12T19:15:21.800Z</time></trkpt>
   <trkpt lat="46.5015828" lon="11.0000000"><ele>10.6</ele><time>2024-06-12T19:15:22.1000Z</time></trkpt>
   <trkpt lat="46.5015972" lon="11.0000000"><ele>10.7</ele><time>2024-06-12T19:15:22.200Z</time></trkpt>
   <trkpt lat="46.5016116" lon="11.0000000"><ele>10.8</ele><time>2024-06-12T19:15:22.400Z</time></trkpt>
   <trkpt lat="46.5016260" lon="11.0000000"><ele>10.8</ele><time>2024-06-12T19:15:22.600Z</time></trkpt>
   <trkpt lat="46.5016404" lon="11.0000000"><ele>10.9</ele><time>2024-06-12T19:15:22.800Z</time></trkpt>
   <trkpt lat="46.5016547" lon="11.0000000"><ele>11.0</ele><time>2024-06-12T19:15:23.1000Z</time></trkpt>
   <trkpt lat="46.5016691" lon="11.0000000"><ele>11.1</ele><time>2024-06-12T19:15:23.200Z</time></trkpt>
   <trkpt lat="46.5016835" lon="11.0000000"><ele>11.2</ele><time>2024-06-12T19:15:23.400Z</time></trkpt>
   <trkpt lat="46.5016979" lon="11.0000000"><ele>11.3</ele><time>2024-06-12T19:15:23.600Z</time></trkpt>
   <trkpt lat="46.5017123" lon="11.0000000"><ele>11.4</ele><time>2024-06-12T19:15:23.800Z</time></trkpt>
   <trkpt lat="46.5017267" lon="11.0000000"><ele>11.5</ele><time>2024-06-12T19:15:24.1000Z</time></trkpt>
   <trkpt lat="46.5017411" lon="11.0000000"><ele>11.6</ele><time>2024-06-12T19:15:24.200Z</time></trkpt>
   <trkpt lat="46.5017555" lon="11.0000000"><ele>11.7</ele><time>2024-06-12T19:15:24.400Z</time></trkpt>
   <trkpt lat="46.5017699" lon="11.0000000"><ele>11.8</ele><time>2024-06-12T19:15:24.600Z</time></trkpt>
   <trkpt lat="46.5017843" lon="11.0000000"><ele>11.9</ele><time>2024-06-12T19:15:24.800Z</time></trkpt>
   <trkpt lat="46.5017986" lon="11.0000000"><ele>12.0</ele><time>2024-06-12T19:15:25.1000Z</time></trkpt>
   <trkpt lat="46.5018130" lon="11.0000000"><ele>12.1</ele><time>2024-06-12T19:15:25.200Z</time></trkpt>
   <trkpt lat="46.5018274" lon="11.0000000"><ele>12.2</ele><time>2024-06-12T19:15:25.400Z</time></trkpt>
   <trkpt lat="46.5018418" lon="11.0000000"><ele>12.3</ele><time>2024-06-12T19:15:25.600Z</time></trkpt>
   <trkpt lat="46.5018562" lon="11.0000000"><ele>12.4</ele><time>2024-06-12T19:15:25.800Z</time></trkpt>
   <trkpt lat="46.5018706" lon="11.0000000"><ele>12.5</ele><time>2024-06-12T19:15:26.1000Z</time></trkpt>
   <trkpt lat="46.5018850" lon="11.0000000"><ele>12.6</ele><time>2024-06-12T19:15:26.200Z</time></trkpt>
   <trkpt lat="46.5018994" lon="11.0000000"><ele>12.7</ele><time>2024-06-12T19:15:26.400Z</time></trkpt>
   <trkpt lat="46.5019138" lon="11.0000000"><ele>12.8</ele><time>2024-06-12T19:15:26.600Z</time></trkpt>
   <trkpt lat="46.5019281" lon="11.0000000"><ele>12.9</ele><time>2024-06-12T19:15:26.800Z</time></trkpt>
   <trkpt lat="46.5019425" lon="11.0000000"><ele>13.0</ele><time>2024-06-12T19:15:27.1000Z</time></trkpt>
   <trkpt lat="46.5019569" lon="11.0000000"><ele>13.1</ele><time>2024-06-12T19:15:27.200Z</time></trkpt>
   <trkpt lat="46.5019713" lon="11.0000000"><ele>13.2</ele><time>2024-06-12T19:15:27.400Z</time></trkpt>
   <trkpt lat="46.5019857" lon="11.0000000"><ele>13.2</ele><time>2024-06-12T19:15:27.600Z</time></trkpt>
   <trkpt lat="46.5020001" lon="11.0000000"><ele>13.3</ele><time>2024-06-12T19:15:27.800Z</time></trkpt>
   <trkpt lat="46.5020145" lon="11.0000000"><ele>13.4</ele><time>2024-06-12T19:15:28.1000Z</time></trkpt>
   <trkpt lat="46.5020289" lon="11.0000000"><ele>13.5</ele><time>2024-06-12T19:15:28.200Z</time></trkpt>
   <trkpt lat="46.5020433" lon="11.0000000"><ele>13.6</ele><time>2024-06-12T19:15:28.400Z</time></trkpt>
   <trkpt lat="46.5020576" lon="11.0000000"><ele>13.7</ele><time>2024-06-12T19:15:28.600Z</time></trkpt>
   <trkpt lat="46.5020720" lon="11.0000000"><ele>13.8</ele><time>2024-06-12T19:15:28.800Z</time></trkpt>
   <trkpt lat="46.5020864" lon="11.0000000"><ele>13.9</ele><time>2024-06-12T19:15:29.1000Z</time></trkpt>
   <trkpt lat="46.5021008" lon="11.0000000"><ele>14.0</ele><time>2024-06-12T19:15:29.200Z</time></trkpt>
   <trkpt lat="46.5021152" lon="11.0000000"><ele>14.1</ele><time>2024-06-12T19:15:29.400Z</time></trkpt>
   <trkpt lat="46.5021296" lon="11.0000000"><ele>14.2</ele><time>2024-06-12T19:15:29.600Z</time></trkpt>
   <trkpt lat="46.5021440" lon="11.0000000"><ele>14.3</ele><time>2024-06-12T19:15:29.800Z</time></trkpt>
   <trkpt lat="46.5021584" lon="11.0000000"><ele>14.4</ele><time>2024-06-12T19:15:30.1000Z</time></trkpt>
   <trkpt lat="46.5021728" lon="11.0000000"><ele>14.5</ele><time>2024-06-12T19:15:30.200Z</time></trkpt>
   <trkpt lat="46.5021871" lon="11.0000000"><ele>14.6</ele><time>2024-06-12T19:15:30.400Z</time></trkpt>
   <trkpt lat="46.5022015" lon="11.0000000"><ele>14.7</ele><time>2024-06-12T19:15:30.600Z</time></trkpt>
   <trkpt lat="46.5022159" lon="11.0000000"><ele>14.8</ele><time>2024-06-12T19:15:30.800Z</time></trkpt>
   <trkpt lat="46.5022303" lon="11.0000000"><ele>14.9</ele><time>2024-06-12T19:15:31.1000Z</time></trkpt>
   <trkpt lat="46.5022447" lon="11.0000000"><ele>15.0</ele><time>2024-06-12T19:15:31.200Z</time></trkpt>
   <trkpt lat="46.5022591" lon="11.0000000"><ele>15.1</ele><time>2024-06-12T19:15:31.400Z</time></trkpt>
   <trkpt lat="46.5022735" lon="11.0000000"><ele>15.2</ele><time>2024-06-12T19:15:31.600Z</time></trkpt>
   <trkpt lat="46.5022879" lon="11.0000000"><ele>15.3</ele><time>2024-06-12T19:15:31.800Z</time></trkpt>
   <trkpt lat="46.5023023" lon="11.0000000"><ele>15.4</ele><time>2024-06-12T19:15:32.1000Z</time></trkpt>
   <trkpt lat="46.5023166" lon="11.0000000"><ele>15.5</ele><time>2024-06-12T19:15:32.200Z</time></trkpt>
   <trkpt lat="46.5023310" lon="11.0000000"><ele>15.6</ele><time>2024-06-12T19:15:32.400Z</time></trkpt>
   <trkpt lat="46.5023454" lon="11.0000000"><ele>15.6</ele><time>2024-06-12T19:15:32.600Z</time></trkpt>
   <trkpt lat="46.5023598" lon="11.0000000"><ele>15.7</ele><time>2024-06-12T19:15:32.800Z</time></trkpt>
   <trkpt lat="46.5023742" lon="11.0000000"><ele>15.8</ele><time>2024-06-12T19:15:33.1000Z</time></trkpt>
   <trkpt lat="46.5023886" lon="11.0000000"><ele>15.9</ele><time>2024-06-12T19:15:33.200Z</time></trkpt>
   <trkpt lat="46.5024030" lon="11.0000000"><ele>16.0</ele><time>2024-06-12T19:15:33.400Z</time></trkpt>
   <trkpt lat="46.5024174" lon="11.0000000"><ele>16.1</ele><time>2024-06-12T19:15:33.600Z</time></trkpt>
   <trkpt lat="46.5024318" lon="11.0000000"><ele>16.2</ele><time>2024-06-12T19:15:33.800Z</time></trkpt>
   <trkpt lat="46.5024462" lon="11.0000000"><ele>16.3</ele><time>2024-06-12T19:15:34.1000Z</time></trkpt>
   <trkpt lat="46.5024605" lon="11.0000000"><ele>16.4</ele><time>2024-06-12T19:15:34.200Z</time></trkpt>
   <trkpt lat="46.5024749" lon="11.0000000"><ele>16.5</ele><time>2024-06-12T19:15:34.400Z</time></trkpt>
   <trkpt lat="46.5024893" lon="11.0000000"><ele>16.6</ele><time>2024-06-12T19:15:34.600Z</time></trkpt>
   <trkpt lat="46.5025037" lon="11.0000000"><ele>16.7</ele><time>2024-06-12T19:15:34.800Z</time></trkpt>
   <trkpt lat="46.5025181" lon="11.0000000"><ele>16.8</ele><time>2024-06-12T19:15:35.1000Z</time></trkpt>
   <trkpt lat="46.5025325" lon="11.0000000"><ele>16.9</ele><time>2024-06-12T19:15:35.200Z</time></trkpt>
   <trkpt lat="46.5025469" lon="11.0000000"><ele>17.0</ele><time>2024-06-12T19:15:35.400Z</time></trkpt>
   <trkpt lat="46.5025613" lon="11.0000000"><ele>17.1</ele><time>2024-06-12T19:15:35.600Z</time></trkpt>
   <trkpt lat="46.5025757" lon="11.0000000"><ele>17.2</ele><time>2024-06-12T19:15:35.800Z</time></trkpt>
   <trkpt lat="46.5025900" lon="11.0000000"><ele>17.3</ele><time>2024-06-12T19:15:36.1000Z</time></trkpt>
   <trkpt lat="46.5026044" lon="11.0000000"><ele>17.4</ele><time>2024-06-12T19:15:36.200Z</time></trkpt>
   <trkpt lat="46.5026188" lon="11.0000000"><ele>17.5</ele><time>2024-06-12T19:15:36.400Z</time></trkpt>
   <trkpt lat="46.5026332" lon="11.0000000"><ele>17.6</ele><time>2024-06-12T19:15:36.600Z</time></trkpt>
   <trkpt lat="46.5026476" lon="11.0000000"><ele>17.7</ele><time>2024-06-12T19:15:36.800Z</time></trkpt>
   <trkpt lat="46.5026620" lon="11.0000000"><ele>17.8</ele><time>2024-06-12T19:15:37.1000Z</time></trkpt>
   <trkpt lat="46.5026764" lon="11.0000000"><ele>17.9</ele><time>2024-06-12T19:15:37.200Z</time></trkpt>
   <trkpt lat="46.5026908" lon="11.0000000"><ele>18.0</ele><time>2024-06-12T19:15:37.400Z</time></trkpt>
   <trkpt lat="46.5026980" lon="11.0000000"><ele>18.0</ele><time>2024-06-12T19:15:37.600Z</time></trkpt>
   <trkpt lat="46.5027104" lon="10.9999990"><ele>18.1</ele><time>2024-06-12T19:15:37.800Z</time></trkpt>
   <trkpt lat="46.5027227" lon="10.9999958"><ele>18.2</ele><time>2024-06-12T19:15:38.000Z</time></trkpt>
   <trkpt lat="46.5027346" lon="10.9999907"><ele>18.2</ele><time>2024-06-12T19:15:38.200Z</time></trkpt>
   <trkpt lat="46.5027461" lon="10.9999836"><ele>18.3</ele><time>2024-06-12T19:15:38.400Z</time></trkpt>
   <trkpt lat="46.5027569" lon="10.9999746"><ele>18.4</ele><time>2024-06-12T19:15:38.600Z</time></trkpt>
   <trkpt lat="46.5027669" lon="10.9999638"><ele>18.5</ele><time>2024-06-12T19:15:38.800Z</time></trkpt>
   <trkpt lat="46.5027760" lon="10.9999515"><ele>18.6</ele><time>2024-06-12T19:15:39.000Z</time></trkpt>
   <trkpt lat="46.5027841" lon="10.9999377"><ele>18.7</ele><time>2024-06-12T19:15:39.200Z</time></trkpt>
   <trkpt lat="46.5027910" lon="10.9999226"><ele>18.7</ele><time>2024-06-12T19:15:39.400Z</time></trkpt>
   <trkpt lat="46.5027967" lon="10.9999065"><ele>18.8</ele><time>2024-06-12T19:15:39.600Z</time></trkpt>
   <trkpt lat="46.5028011" lon="10.9998896"><ele>18.9</ele><time>2024-06-12T19:15:39.800Z</time></trkpt>
   <trkpt lat="46.5028041" lon="10.9998720"><ele>19.0</ele><time>2024-06-12T19:15:40.000Z</time></trkpt>
   <trkpt lat="46.5028057" lon="10.9998541"><ele>19.1</ele><time>2024-06-12T19:15:40.200Z</time></trkpt>
   <trkpt lat="46.5028058" lon="10.9998360"><ele>19.2</ele><time>2024-06-12T19:15:40.400Z</time></trkpt>
   <trkpt lat="46.5028045" lon="10.9998179"><ele>19.2</ele><time>2024-06-12T19:15:40.600Z</time></trkpt>
   <trkpt lat="46.5028018" lon="10.9998003"><ele>19.3</ele><time>2024-06-12T19:15:40.800Z</time></trkpt>
   <trkpt lat="46.5027977" lon="10.9997832"><ele>19.4</ele><time>2024-06-12T19:15:41.000Z</time></trkpt>
   <trkpt lat="46.5027923" lon="10.9997669"><ele>19.5</ele><time>2024-06-12T19:15:41.200Z</time></trkpt>
   <trkpt lat="46.5027856" lon="10.9997516"><ele>19.6</ele><time>2024-06-12T19:15:41.400Z</time></trkpt>
   <trkpt lat="46.5027778" lon="10.9997375"><ele>19.7</ele><time>2024-06-12T19:15:41.600Z</time></trkpt>
   <trkpt lat="46.5027689" lon="10.9997249"><ele>19.7</ele><time>2024-06-12T19:15:41.800Z</time></trkpt>
   <trkpt lat="46.5027590" lon="10.9997138"><ele>19.8</ele><time>2024-06-12T19:15:42.000Z</time></trkpt>
   <trkpt lat="46.5027484" lon="10.9997044"><ele>19.9</ele><time>2024-06-12T19:15:42.200Z</time></trkpt>
   <trkpt lat="46.5027370" lon="10.9996969"><ele>20.0</ele><time>2024-06-12T19:15:42.400Z</time></trkpt>
   <trkpt lat="46.5027252" lon="10.9996913"><ele>20.1</ele><time>2024-06-12T19:15:42.600Z</time></trkpt>
   <trkpt lat="46.5027130" lon="10.9996878"><ele>20.2</ele><time>2024-06-12T19:15:42.800Z</time></trkpt>
   <trkpt lat="46.5027005" lon="10.9996863"><ele>20.2</ele><time>2024-06-12T19:15:43.000Z</time></trkpt>
   <trkpt lat="46.5026980" lon="10.9996863"><ele>20.3</ele><time>2024-06-12T19:15:43.200Z</time></trkpt>
   <trkpt lat="46.5026836" lon="10.9996863"><ele>20.4</ele><time>2024-06-12T19:15:43.400Z</time></trkpt>
   <trkpt lat="46.5026692" lon="10.9996863"><ele>20.5</ele><time>2024-06-12T19:15:43.600Z</time></trkpt>
   <trkpt lat="46.5026548" lon="10.9996863"><ele>20.5</ele><time>2024-06-12T19:15:43.800Z</time></trkpt>
   <trkpt lat="46.5026404" lon="10.9996863"><ele>20.6</ele><time>2024-06-12T19:15:44.000Z</time></trkpt>
   <trkpt lat="46.5026260" lon="10.9996863"><ele>20.7</ele><time>2024-06-12T19:15:44.200Z</time></trkpt>
   <trkpt lat="46.5026116" lon="10.9996863"><ele>20.8</ele><time>2024-06-12T19:15:44.400Z</time></trkpt>
   <trkpt lat="46.5025972" lon="10.9996863"><ele>20.9</ele><time>2024-06-12T19:15:44.600Z</time></trkpt>
   <trkpt lat="46.5025828" lon="10.9996863"><ele>21.0</ele><time>2024-06-12T19:15:44.800Z</time></trkpt>
   <trkpt lat="46.5025685" lon="10.9996863"><ele>21.1</ele><time>2024-06-12T19:15:45.000Z</time></trkpt>
   <trkpt lat="46.5025541" lon="10.9996863"><ele>21.2</ele><time>2024-06-12T19:15:45.200Z</time></trkpt>
   <trkpt lat="46.5025397" lon="10.9996863"><ele>21.3</ele><time>2024-06-12T19:15:45.400Z</time></trkpt>
   <trkpt lat="46.5025253" lon="10.9996863"><ele>21.4</ele><time>2024-06-12T19:15:45.600Z</time></trkpt>
   <trkpt lat="46.5025109" lon="10.9996863"><ele>21.5</ele><time>2024-06-12T19:15:45.800Z</time></trkpt>
   <trkpt lat="46.5024965" lon="10.9996863"><ele>21.6</ele><time>2024-06-12T19:15:46.000Z</time></trkpt>
   <trkpt lat="46.5024821" lon="10.9996863"><ele>21.7</ele><time>2024-06-12T19:15:46.200Z</time></trkpt>
   <trkpt lat="46.5024677" lon="10.9996863"><ele>21.8</ele><time>2024-06-12T19:15:46.400Z</time></trkpt>
   <trkpt lat="46.5024533" lon="10.9996863"><ele>21.9</ele><time>2024-06-12T19:15:46.600Z</time></trkpt>
   <trkpt lat="46.5024390" lon="10.9996863"><ele>22.0</ele><time>2024-06-12T19:15:46.800Z</time></trkpt>
   <trkpt lat="46.5024246" lon="10.9996863"><ele>22.1</ele><time>2024-06-12T19:15:47.000Z</time></trkpt>
   <trkpt lat="46.5024102" lon="10.9996863"><ele>22.2</ele><time>2024-06-12T19:15:47.200Z</time></trkpt>
   <trkpt lat="46.5023958" lon="10.9996863"><ele>22.3</ele><time>2024-06-12T19:15:47.400Z</time></trkpt>
   <trkpt lat="46.5023814" lon="10.9996863"><ele>22.4</ele><time>2024-06-12T19:15:47.600Z</time></trkpt>
   <trkpt lat="46.5023670" lon="10.9996863"><ele>22.5</ele><time>2024-06-12T19:15:47.800Z</time></trkpt>
   <trkpt lat="46.5023526" lon="10.9996863"><ele>22.6</ele><time>2024-06-12T19:15:48.000Z</time></trkpt>
   <trkpt lat="46.5023382" lon="10.9996863"><ele>22.7</ele><time>2024-06-12T19:15:48.200Z</time></trkpt>
   <trkpt lat="46.5023238" lon="10.9996863"><ele>22.8</ele><time>2024-06-12T19:15:48.400Z</time></trkpt>
   <trkpt lat="46.5023095" lon="10.9996863"><ele>22.9</ele><time>2024-06-12T19:15:48.600Z</time></trkpt>
   <trkpt lat="46.5022951" lon="10.9996863"><ele>22.9</ele><time>2024-06-12T19:15:48.800Z</time></trkpt>
   <trkpt lat="46.5022807" lon="10.9996863"><ele>23.0</ele><time>2024-06-12T19:15:49.000Z</time></trkpt>
   <trkpt lat="46.5022663" lon="10.9996863"><ele>23.1</ele><time>2024-06-12T19:15:49.200Z</time></trkpt>
   <trkpt lat="46.5022519" lon="10.9996863"><ele>23.2</ele><time>2024-06-12T19:15:49.400Z</time></trkpt>
   <trkpt lat="46.5022375" lon="10.9996863"><ele>23.3</ele><time>2024-06-12T19:15:49.600Z</time></trkpt>
   <trkpt lat="46.5022231" lon="10.9996863"><ele>23.4</ele><time>2024-06-12T19:15:49.800Z</time></trkpt>
   <trkpt lat="46.5022087" lon="10.9996863"><ele>23.5</ele><time>2024-06-12T19:15:50.000Z</time></trkpt>
   <trkpt lat="46.5021943" lon="10.9996863"><ele>23.6</ele><time>2024-06-12T19:15:50.200Z</time></trkpt>
   <trkpt lat="46.5021800" lon="10.9996863"><ele>23.7</ele><time>2024-06-12T19:15:50.400Z</time></trkpt>
   <trkpt lat="46.5021656" lon="10.9996863"><ele>23.8</ele><time>2024-06-12T19:15:50.600Z</time></trkpt>
   <trkpt lat="46.5021512" lon="10.9996863"><ele>23.9</ele><time>2024-06-12T19:15:50.800Z</time></trkpt>
   <trkpt lat="46.5021368" lon="10.9996863"><ele>24.0</ele><time>2024-06-12T19:15:51.000Z</time></trkpt>
   <trkpt lat="46.5021224" lon="10.9996863"><ele>24.1</ele><time>2024-06-12T19:15:51.200Z</time></trkpt>
   <trkpt lat="46.5021080" lon="10.9996863"><ele>24.2</ele><time>2024-06-12T19:15:51.400Z</time></trkpt>
   <trkpt lat="46.5020936" lon="10.9996863"><ele>24.3</ele><time>2024-06-12T19:15:51.600Z</time></trkpt>
   <trkpt lat="46.5020792" lon="10.9996863"><ele>24.4</ele><time>2024-06-12T19:15:51.800Z</time></trkpt>
   <trkpt lat="46.5020648" lon="10.9996863"><ele>24.5</ele><time>2024-06-12T19:15:52.000Z</time></trkpt>
   <trkpt lat="46.5020505" lon="10.9996863"><ele>24.6</ele><time>2024-06-12T19:15:52.200Z</time></trkpt>
   <trkpt lat="46.5020361" lon="10.9996863"><ele>24.7</ele><time>2024-06-12T19:15:52.400Z</time></trkpt>
   <trkpt lat="46.5020217" lon="10.9996863"><ele>24.8</ele><time>2024-06-12T19:15:52.600Z</time></trkpt>
   <trkpt lat="46.5020073" lon="10.9996863"><ele>24.9</ele><time>2024-06-12T19:15:52.800Z</time></trkpt>
   <trkpt lat="46.5019929" lon="10.9996863"><ele>25.0</ele><time>2024-06-12T19:15:53.000Z</time></trkpt>
   <trkpt lat="46.5019785" lon="10.9996863"><ele>25.1</ele><time>2024-06-12T19:15:53.200Z</time></trkpt>
   <trkpt lat="46.5019641" lon="10.9996863"><ele>25.2</ele><time>2024-06-12T19:15:53.400Z</time></trkpt>
   <trkpt lat="46.5019497" lon="10.9996863"><ele>25.3</ele><time>2024-06-12T19:15:53.600Z</time></trkpt>
   <trkpt lat="46.5019353" lon="10.9996863"><ele>25.3</ele><time>2024-06-12T19:15:53.800Z</time></trkpt>
   <trkpt lat="46.5019209" lon="10.9996863"><ele>25.4</ele><time>2024-06-12T19:15:54.000Z</time></trkpt>
   <trkpt lat="46.5019066" lon="10.9996863"><ele>25.5</ele><time>2024-06-12T19:15:54.200Z</time></trkpt>
   <trkpt lat="46.5018922" lon="10.9996863"><ele>25.6</ele><time>2024-06-12T19:15:54.400Z</time></trkpt>
   <trkpt lat="46.5018778" lon="10.9996863"><ele>25.7</ele><time>2024-06-12T19:15:54.600Z</time></trkpt>
   <trkpt lat="46.5018634" lon="10.9996863"><ele>25.8</ele><time>2024-06-12T19:15:54.800Z</time></trkpt>
   <trkpt lat="46.5018490" lon="10.9996863"><ele>25.9</ele><time>2024-06-12T19:15:55.000Z</time></trkpt>
   <trkpt lat="46.5018346" lon="10.9996863"><ele>26.0</ele><time>2024-06-12T19:15:55.200Z</time></trkpt>
   <trkpt lat="46.5018202" lon="10.9996863"><ele>26.1</ele><time>2024-06-12T19:15:55.400Z</time></trkpt>
   <trkpt lat="46.5018058" lon="10.9996863"><ele>26.2</ele><time>2024-06-12T19:15:55.600Z</time></trkpt>
   <trkpt lat="46.5017914" lon="10.9996863"><ele>26.3</ele><time>2024-06-12T19:15:55.800Z</time></trkpt>
   <trkpt lat="46.5017771" lon="10.9996863"><ele>26.4</ele><time>2024-06-12T19:15:56.000Z</time></trkpt>
   <trkpt lat="46.5017627" lon="10.9996863"><ele>26.5</ele><time>2024-06-12T19:15:56.200Z</time></trkpt>
   <trkpt lat="46.5017483" lon="10.9996863"><ele>26.6</ele><time>2024-06-12T19:15:56.400Z</time></trkpt>
   <trkpt lat="46.5017339" lon="10.9996863"><ele>26.7</ele><time>2024-06-12T19:15:56.600Z</time></trkpt>
   <trkpt lat="46.5017195" lon="10.9996863"><ele>26.8</ele><time>2024-06-12T19:15:56.800Z</time></trkpt>
   <trkpt lat="46.5017051" lon="10.9996863"><ele>26.9</ele><time>2024-06-12T19:15:57.000Z</time></trkpt>
   <trkpt lat="46.5016907" lon="10.9996863"><ele>27.0</ele><time>2024-06-12T19:15:57.200Z</time></trkpt>
   <trkpt lat="46.5016763" lon="10.9996863"><ele>27.1</ele><time>2024-06-12T19:15:57.400Z</time></trkpt>
   <trkpt lat="46.5016619" lon="10.9996863"><ele>27.2</ele><time>2024-06-12T19:15:57.600Z</time></trkpt>
   <trkpt lat="46.5016476" lon="10.9996863"><ele>27.3</ele><time>2024-06-12T19:15:57.800Z</time></trkpt>
   <trkpt lat="46.5016332" lon="10.9996863"><ele>27.4</ele><time>2024-06-12T19:15:58.000Z</time></trkpt>
   <trkpt lat="46.5016188" lon="10.9996863"><ele>27.5</ele><time>2024-06-12T19:15:58.200Z</time></trkpt>
   <trkpt lat="46.5016044" lon="10.9996863"><ele>27.6</ele><time>2024-06-12T19:15:58.400Z</time></trkpt>
   <trkpt lat="46.5015900" lon="10.9996863"><ele>27.7</ele><time>2024-06-12T19:15:58.600Z</time></trkpt>
   <trkpt lat="46.5015756" lon="10.9996863"><ele>27.7</ele><time>2024-06-12T19:15:58.800Z</time></trkpt>
   <trkpt lat="46.5015612" lon="10.9996863"><ele>27.8</ele><time>2024-06-12T19:15:59.000Z</time></trkpt>
   <trkpt lat="46.5015468" lon="10.9996863"><ele>27.9</ele><time>2024-06-12T19:15:59.200Z</time></trkpt>
   <trkpt lat="46.5015324" lon="10.9996863"><ele>28.0</ele><time>2024-06-12T19:15:59.400Z</time></trkpt>
   <trkpt lat="46.5015181" lon="10.9996863"><ele>28.1</ele><time>2024-06-12T19:15:59.600Z</time></trkpt>
   <trkpt lat="46.5015037" lon="10.9996863"><ele>28.2</ele><time>2024-06-12T19:15:59.800Z</time></trkpt>
   <trkpt lat="46.5014893" lon="10.9996863"><ele>28.3</ele><time>2024-06-12T19:16:00.000Z</time></trkpt>
   <trkpt lat="46.5014749" lon="10.9996863"><ele>28.4</ele><time>2024-06-12T19:16:00.200Z</time></trkpt>
   <trkpt lat="46.5014605" lon="10.9996863"><ele>28.5</ele><time>2024-06-12T19:16:00.400Z</time></trkpt>
   <trkpt lat="46.5014461" lon="10.9996863"><ele>28.6</ele><time>2024-06-12T19:16:00.600Z</time></trkpt>
   <trkpt lat="46.5014317" lon="10.9996863"><ele>28.7</ele><time>2024-06-12T19:16:00.800Z</time></trkpt>
   <trkpt lat="46.5014173" lon="10.9996863"><ele>28.8</ele><time>2024-06-12T19:16:01.000Z</time></trkpt>
   <trkpt lat="46.5014029" lon="10.9996863"><ele>28.9</ele><time>2024-06-12T19:16:01.200Z</time></trkpt>
   <trkpt lat="46.5013886" lon="10.9996863"><ele>29.0</ele><time>2024-06-12T19:16:01.400Z</time></trkpt>
   <trkpt lat="46.5013742" lon="10.9996863"><ele>29.1</ele><time>2024-06-12T19:16:01.600Z</time></trkpt>
   <trkpt lat="46.5013598" lon="10.9996863"><ele>29.2</ele><time>2024-06-12T19:16:01.800Z</time></trkpt>
   <trkpt lat="46.5013454" lon="10.9996863"><ele>29.3</ele><time>2024-06-12T19:16:02.000Z</time></trkpt>
   <trkpt lat="46.5013310" lon="10.9996863"><ele>29.4</ele><time>2024-06-12T19:16:02.200Z</time></trkpt>
   <trkpt lat="46.5013166" lon="10.9996863"><ele>29.5</ele><time>2024-06-12T19:16:02.400Z</time></trkpt>
   <trkpt lat="46.5013022" lon="10.9996863"><ele>29.6</ele><time>2024-06-12T19:16:02.600Z</time></trkpt>
   <trkpt lat="46.5012878" lon="10.9996863"><ele>29.7</ele><time>2024-06-12T19:16:02.800Z</time></trkpt>
   <trkpt lat="46.5012734" lon="10.9996863"><ele>29.8</ele><time>2024-06-12T19:16:03.000Z</time></trkpt>
   <trkpt lat="46.5012590" lon="10.9996863"><ele>29.9</ele><time>2024-06-12T19:16:03.200Z</time></trkpt>
   <trkpt lat="46.5012447" lon="10.9996863"><ele>30.0</ele><time>2024-06-12T19:16:03.400Z</time></trkpt>
   <trkpt lat="46.5012303" lon="10.9996863"><ele>30.1</ele><time>2024-06-12T19:16:03.600Z</time></trkpt>
   <trkpt lat="46.5012159" lon="10.9996863"><ele>30.1</ele><time>2024-06-12T19:16:03.800Z</time></trkpt>
   <trkpt lat="46.5012015" lon="10.9996863"><ele>30.2</ele><time>2024-06-12T19:16:04.000Z</time></trkpt>
   <trkpt lat="46.5011871" lon="10.9996863"><ele>30.3</ele><time>2024-06-12T19:16:04.200Z</time></trkpt>
   <trkpt lat="46.5011727" lon="10.9996863"><ele>30.4</ele><time>2024-06-12T19:16:04.400Z</time></trkpt>
   <trkpt lat="46.5011583" lon="10.9996863"><ele>30.5</ele><time>2024-06-12T19:16:04.600Z</time></trkpt>
   <trkpt lat="46.5011439" lon="10.9996863"><ele>30.6</ele><time>2024-06-12T19:16:04.800Z</time></trkpt>
   <trkpt lat="46.5011295" lon="10.9996863"><ele>30.7</ele><time>2024-06-12T19:16:05.000Z</time></trkpt>
   <trkpt lat="46.5011152" lon="10.9996863"><ele>30.8</ele><time>2024-06-12T19:16:05.200Z</time></trkpt>
   <trkpt lat="46.5011008" lon="10.9996863"><ele>30.9</ele><time>2024-06-12T19:16:05.400Z</time></trkpt>
   <trkpt lat="46.5010864" lon="10.9996863"><ele>31.0</ele><time>2024-06-12T19:16:05.600Z</time></trkpt>
   <trkpt lat="46.5010720" lon="10.9996863"><ele>31.1</ele><time>2024-06-12T19:16:05.800Z</time></trkpt>
   <trkpt lat="46.5010576" lon="10.9996863"><ele>31.2</ele><time>2024-06-12T19:16:06.000Z</time></trkpt>
   <trkpt lat="46.5010432" lon="10.9996863"><ele>31.3</ele><time>2024-06-12T19:16:06.200Z</time></trkpt>
   <trkpt lat="46.5010288" lon="10.9996863"><ele>31.4</ele><time>2024-06-12T19:16:06.400Z</time></trkpt>
   <trkpt lat="46.5010144" lon="10.9996863"><ele>31.5</ele><time>2024-06-12T19:16:06.600Z</time></trkpt>
   <trkpt lat="46.5010000" lon="10.9996863"><ele>31.6</ele><time>2024-06-12T19:16:06.800Z</time></trkpt>
   <trkpt lat="46.5009857" lon="10.9996863"><ele>31.7</ele><time>2024-06-12T19:16:07.000Z</time></trkpt>
   <trkpt lat="46.5009713" lon="10.9996863"><ele>31.8</ele><time>2024-06-12T19:16:07.200Z</time></trkpt>
   <trkpt lat="46.5009569" lon="10.9996863"><ele>31.9</ele><time>2024-06-12T19:16:07.400Z</time></trkpt>
   <trkpt lat="46.5009425" lon="10.9996863"><ele>32.0</ele><time>2024-06-12T19:16:07.600Z</time></trkpt>
   <trkpt lat="46.5009281" lon="10.9996863"><ele>32.1</ele><time>2024-06-12T19:16:07.800Z</time></trkpt>
   <trkpt lat="46.5009137" lon="10.9996863"><ele>32.2</ele><time>2024-06-12T19:16:08.000Z</time></trkpt>
   <trkpt lat="46.5008993" lon="10.9996863"><ele>32.3</ele><time>2024-06-12T19:16:08.200Z</time></trkpt>
   <trkpt lat="46.5008849" lon="10.9996863"><ele>32.4</ele><time>2024-06-12T19:16:08.400Z</time></trkpt>
   <trkpt lat="46.5008705" lon="10.9996863"><ele>32.5</ele><time>2024-06-12T19:16:08.600Z</time></trkpt>
   <trkpt lat="46.5008562" lon="10.9996863"><ele>32.5</ele><time>2024-06-12T19:16:08.800Z</time></trkpt>
   <trkpt lat="46.5008418" lon="10.9996863"><ele>32.6</ele><time>2024-06-12T19:16:09.000Z</time></trkpt>
   <trkpt lat="46.5008274" lon="10.9996863"><ele>32.7</ele><time>2024-06-12T19:16:09.200Z</time></trkpt>
   <trkpt lat="46.5008130" lon="10.9996863"><ele>32.8</ele><time>2024-06-12T19:16:09.400Z</time></trkpt>
   <trkpt lat="46.5007986" lon="10.9996863"><ele>32.9</ele><time>2024-06-12T19:16:09.600Z</time></trkpt>
   <trkpt lat="46.5007842" lon="10.9996863"><ele>33.0</ele><time>2024-06-12T19:16:09.800Z</time></trkpt>
   <trkpt lat="46.5007698" lon="10.9996863"><ele>33.1</ele><time>2024-06-12T19:16:10.000Z</time></trkpt>
   <trkpt lat="46.5007554" lon="10.9996863"><ele>33.2</ele><time>2024-06-12T19:16:10.200Z</time></trkpt>
   <trkpt lat="46.5007410" lon="10.9996863"><ele>33.3</ele><time>2024-06-12T19:16:10.400Z</time></trkpt>
   <trkpt lat="46.5007267" lon="10.9996863"><ele>33.4</ele><time>2024-06-12T19:16:10.600Z</time></trkpt>
   <trkpt lat="46.5007123" lon="10.9996863"><ele>33.5</ele><time>2024-06-12T19:16:10.800Z</time></trkpt>
   <trkpt lat="46.5006979" lon="10.9996863"><ele>33.6</ele><time>2024-06-12T19:16:11.000Z</time></trkpt>
   <trkpt lat="46.5006835" lon="10.9996863"><ele>33.7</ele><time>2024-06-12T19:16:11.200Z</time></trkpt>
   <trkpt lat="46.5006691" lon="10.9996863"><ele>33.8</ele><time>2024-06-12T19:16:11.400Z</time></trkpt>
   <trkpt lat="46.5006547" lon="10.9996863"><ele>33.9</ele><time>2024-06-12T19:16:11.600Z</time></trkpt>
   <trkpt lat="46.5006403" lon="10.9996863"><ele>34.0</ele><time>2024-06-12T19:16:11.800Z</time></trkpt>
   <trkpt lat="46.5006259" lon="10.9996863"><ele>34.1</ele><time>2024-06-12T19:16:12.000Z</time></trkpt>
   <trkpt lat="46.5006115" lon="10.9996863"><ele>34.2</ele><time>2024-06-12T19:16:12.200Z</time></trkpt>
   <trkpt lat="46.5005972" lon="10.9996863"><ele>34.3</ele><time>2024-06-12T19:16:12.400Z</time></trkpt>
   <trkpt lat="46.5005828" lon="10.9996863"><ele>34.4</ele><time>2024-06-12T19:16:12.600Z</time></trkpt>
   <trkpt lat="46.5005684" lon="10.9996863"><ele>34.5</ele><time>2024-06-12T19:16:12.800Z</time></trkpt>
   <trkpt lat="46.5005540" lon="10.9996863"><ele>34.6</ele><time>2024-06-12T19:16:13.000Z</time></trkpt>
   <trkpt lat="46.5005396" lon="10.9996863"><ele>34.7</ele><time>2024-06-12T19:16:13.200Z</time></trkpt>
   <trkpt lat="46.5005252" lon="10.9996863"><ele>34.8</ele><time>2024-06-12T19:16:13.400Z</time></trkpt>
   <trkpt lat="46.5005108" lon="10.9996863"><ele>34.9</ele><time>2024-06-12T19:16:13.600Z</time></trkpt>
   <trkpt lat="46.5004964" lon="10.9996863"><ele>34.9</ele><time>2024-06-12T19:16:13.800Z</time></trkpt>
   <trkpt lat="46.5004820" lon="10.9996863"><ele>35.0</ele><time>2024-06-12T19:16:14.000Z</time></trkpt>
   <trkpt lat="46.5004676" lon="10.9996863"><ele>35.1</ele><time>2024-06-12T19:16:14.200Z</time></trkpt>
   <trkpt lat="46.5004533" lon="10.9996863"><ele>35.2</ele><time>2024-06-12T19:16:14.400Z</time></trkpt>
   <trkpt lat="46.5004389" lon="10.9996863"><ele>35.3</ele><time>2024-06-12T19:16:14.600Z</time></trkpt>
   <trkpt lat="46.5004245" lon="10.9996863"><ele>35.4</ele><time>2024-06-12T19:16:14.800Z</time></trkpt>
   <trkpt lat="46.5004101" lon="10.9996863"><ele>35.5</ele><time>2024-06-12T19:16:15.000Z</time></trkpt>
   <trkpt lat="46.5003957" lon="10.9996863"><ele>35.6</ele><time>2024-06-12T19:16:15.200Z</time></trkpt>
   <trkpt lat="46.5003813" lon="10.9996863"><ele>35.7</ele><time>2024-06-12T19:16:15.400Z</time></trkpt>
   <trkpt lat="46.5003669" lon="10.9996863"><ele>35.8</ele><time>2024-06-12T19:16:15.600Z</time></trkpt>
   <trkpt lat="46.5003525" lon="10.9996863"><ele>35.9</ele><time>2024-06-12T19:16:15.800Z</time></trkpt>
   <trkpt lat="46.5003381" lon="10.9996863"><ele>36.0</ele><time>2024-06-12T19:16:16.000Z</time></trkpt>
   <trkpt lat="46.5003238" lon="10.9996863"><ele>36.1</ele><time>2024-06-12T19:16:16.200Z</time></trkpt>
   <trkpt lat="46.5003094" lon="10.9996863"><ele>36.2</ele><time>2024-06-12T19:16:16.400Z</time></trkpt>
   <trkpt lat="46.5002950" lon="10.9996863"><ele>36.3</ele><time>2024-06-12T19:16:16.600Z</time></trkpt>
   <trkpt lat="46.5002806" lon="10.9996863"><ele>36.4</ele><time>2024-06-12T19:16:16.800Z</time></trkpt>
   <trkpt lat="46.5002662" lon="10.9996863"><ele>36.5</ele><time>2024-06-12T19:16:17.000Z</time></trkpt>
   <trkpt lat="46.5002518" lon="10.9996863"><ele>36.6</ele><time>2024-06-12T19:16:17.200Z</time></trkpt>
   <trkpt lat="46.5002374" lon="10.9996863"><ele>36.7</ele><time>2024-06-12T19:16:17.400Z</time></trkpt>
   <trkpt lat="46.5002230" lon="10.9996863"><ele>36.8</ele><time>2024-06-12T19:16:17.600Z</time></trkpt>
   <trkpt lat="46.5002086" lon="10.9996863"><ele>36.9</ele><time>2024-06-12T19:16:17.800Z</time></trkpt>
   <trkpt lat="46.5001943" lon="10.9996863"><ele>37.0</ele><time>2024-06-12T19:16:18.000Z</time></trkpt>
   <trkpt lat="46.5001799" lon="10.9996863"><ele>37.1</ele><time>2024-06-12T19:16:18.200Z</time></trkpt>
   <trkpt lat="46.5001655" lon="10.9996863"><ele>37.2</ele><time>2024-06-12T19:16:18.400Z</time></trkpt>
   <trkpt lat="46.5001511" lon="10.9996863"><ele>37.3</ele><time>2024-06-12T19:16:18.600Z</time></trkpt>
   <trkpt lat="46.5001367" lon="10.9996863"><ele>37.3</ele><time>2024-06-12T19:16:18.800Z</time></trkpt>
   <trkpt lat="46.5001223" lon="10.9996863"><ele>37.4</ele><time>2024-06-12T19:16:19.000Z</time></trkpt>
   <trkpt lat="46.5001079" lon="10.9996863"><ele>37.5</ele><time>2024-06-12T19:16:19.200Z</time></trkpt>
   <trkpt lat="46.5000935" lon="10.9996863"><ele>37.6</ele><time>2024-06-12T19:16:19.400Z</time></trkpt>
   <trkpt lat="46.5000791" lon="10.9996863"><ele>37.7</ele><time>2024-06-12T19:16:19.600Z</time></trkpt>
   <trkpt lat="46.5000648" lon="10.9996863"><ele>37.8</ele><time>2024-06-12T19:16:19.800Z</time></trkpt>
   <trkpt lat="46.5000504" lon="10.9996863"><ele>37.9</ele><time>2024-06-12T19:16:20.000Z</time></trkpt>
   <trkpt lat="46.5000360" lon="10.9996863"><ele>38.0</ele><time>2024-06-12T19:16:20.200Z</time></trkpt>
   <trkpt lat="46.5000216" lon="10.9996863"><ele>38.1</ele><time>2024-06-12T19:16:20.400Z</time></trkpt>
   <trkpt lat="46.5000072" lon="10.9996863"><ele>38.2</ele><time>2024-06-12T19:16:20.600Z</time></trkpt>
   <trkpt lat="46.5000000" lon="10.9996863"><ele>38.3</ele><time>2024-06-12T19:16:20.800Z</time></trkpt>
   <trkpt lat="46.4999866" lon="10.9996852"><ele>38.4</ele><time>2024-06-12T19:16:21.000Z</time></trkpt>
   <trkpt lat="46.4999733" lon="10.9996821"><ele>38.4</ele><time>2024-06-12T19:16:21.200Z</time></trkpt>
   <trkpt lat="46.4999603" lon="10.9996769"><ele>38.5</ele><time>2024-06-12T19:16:21.400Z</time></trkpt>
   <trkpt lat="46.4999478" lon="10.9996698"><ele>38.6</ele><time>2024-06-12T19:16:21.600Z</time></trkpt>
   <trkpt lat="46.4999358" lon="10.9996607"><ele>38.7</ele><time>2024-06-12T19:16:21.800Z</time></trkpt>
   <trkpt lat="46.4999246" lon="10.9996499"><ele>38.8</ele><time>2024-06-12T19:16:22.000Z</time></trkpt>
   <trkpt lat="46.4999143" lon="10.9996374"><ele>38.9</ele><time>2024-06-12T19:16:22.200Z</time></trkpt>
   <trkpt lat="46.4999049" lon="10.9996233"><ele>39.0</ele><time>2024-06-12T19:16:22.400Z</time></trkpt>
   <trkpt lat="46.4998967" lon="10.9996079"><ele>39.1</ele><time>2024-06-12T19:16:22.600Z</time></trkpt>
   <trkpt lat="46.4998896" lon="10.9995913"><ele>39.2</ele><time>2024-06-12T19:16:22.800Z</time></trkpt>
   <trkpt lat="46.4998837" lon="10.9995737"><ele>39.2</ele><time>2024-06-12T19:16:23.000Z</time></trkpt>
   <trkpt lat="46.4998792" lon="10.9995552"><ele>39.3</ele><time>2024-06-12T19:16:23.200Z</time></trkpt>
   <trkpt lat="46.4998761" lon="10.9995362"><ele>39.4</ele><time>2024-06-12T19:16:23.400Z</time></trkpt>
   <trkpt lat="46.4998744" lon="10.9995168"><ele>39.5</ele><time>2024-06-12T19:16:23.600Z</time></trkpt>
   <trkpt lat="46.4998741" lon="10.9994973"><ele>39.6</ele><time>2024-06-12T19:16:23.800Z</time></trkpt>
   <trkpt lat="46.4998753" lon="10.9994778"><ele>39.7</ele><time>2024-06-12T19:16:24.000Z</time></trkpt>
   <trkpt lat="46.4998778" lon="10.9994586"><ele>39.8</ele><time>2024-06-12T19:16:24.200Z</time></trkpt>
   <trkpt lat="46.4998818" lon="10.9994399"><ele>39.9</ele><time>2024-06-12T19:16:24.400Z</time></trkpt>
   <trkpt lat="46.4998872" lon="10.9994220"><ele>40.0</ele><time>2024-06-12T19:16:24.600Z</time></trkpt>
   <trkpt lat="46.4998938" lon="10.9994049"><ele>40.1</ele><time>2024-06-12T19:16:24.800Z</time></trkpt>
   <trkpt lat="46.4999016" lon="10.9993890"><ele>40.1</ele><time>2024-06-12T19:16:25.000Z</time></trkpt>
   <trkpt lat="46.4999105" lon="10.9993744"><ele>40.2</ele><time>2024-06-12T19:16:25.200Z</time></trkpt>
   <trkpt lat="46.4999205" lon="10.9993613"><ele>40.3</ele><time>2024-06-12T19:16:25.400Z</time></trkpt>
   <trkpt lat="46.4999314" lon="10.9993498"><ele>40.4</ele><time>2024-06-12T19:16:25.600Z</time></trkpt>
   <trkpt lat="46.4999431" lon="10.9993400"><ele>40.5</ele><time>2024-06-12T19:16:25.800Z</time></trkpt>
   <trkpt lat="46.4999554" lon="10.9993321"><ele>40.6</ele><time>2024-06-12T19:16:26.000Z</time></trkpt>
   <trkpt lat="46.4999682" lon="10.9993262"><ele>40.7</ele><time>2024-06-12T19:16:26.200Z</time></trkpt>
   <trkpt lat="46.4999781" lon="10.9993231"><ele>40.8</ele><time>2024-06-12T19:16:26.400Z</time></trkpt>
   <trkpt lat="46.4999976" lon="10.9993181"><ele>40.9</ele><time>2024-06-12T19:16:26.600Z</time></trkpt>
   <trkpt lat="46.5000171" lon="10.9993131"><ele>41.0</ele><time>2024-06-12T19:16:26.800Z</time></trkpt>
   <trkpt lat="46.5000366" lon="10.9993081"><ele>41.2</ele><time>2024-06-12T19:16:27.000Z</time></trkpt>
   <trkpt lat="46.5000561" lon="10.9993031"><ele>41.3</ele><time>2024-06-12T19:16:27.200Z</time></trkpt>
   <trkpt lat="46.5000755" lon="10.9992981"><ele>41.4</ele><time>2024-06-12T19:16:27.400Z</time></trkpt>
   <trkpt lat="46.5000950" lon="10.9992931"><ele>41.5</ele><time>2024-06-12T19:16:27.600Z</time></trkpt>
   <trkpt lat="46.5001145" lon="10.9992881"><ele>41.7</ele><time>2024-06-12T19:16:27.800Z</time></trkpt>
   <trkpt lat="46.5001340" lon="10.9992831"><ele>41.8</ele><time>2024-06-12T19:16:28.000Z</time></trkpt>
   <trkpt lat="46.5001535" lon="10.9992781"><ele>41.9</ele><time>2024-06-12T19:16:28.200Z</time></trkpt>
   <trkpt lat="46.5001730" lon="10.9992732"><ele>42.1</ele><time>2024-06-12T19:16:28.400Z</time></trkpt>
   <trkpt lat="46.5001925" lon="10.9992682"><ele>42.2</ele><time>2024-06-12T19:16:28.600Z</time></trkpt>
   <trkpt lat="46.5002119" lon="10.9992632"><ele>42.3</ele><time>2024-06-12T19:16:28.800Z</time></trkpt>
   <trkpt lat="46.5002314" lon="10.9992582"><ele>42.5</ele><time>2024-06-12T19:16:29.000Z</time></trkpt>
   <trkpt lat="46.5002509" lon="10.9992532"><ele>42.6</ele><time>2024-06-12T19:16:29.200Z</time></trkpt>
   <trkpt lat="46.5002704" lon="10.9992482"><ele>42.7</ele><time>2024-06-12T19:16:29.400Z</time></trkpt>
   <trkpt lat="46.5002899" lon="10.9992432"><ele>42.9</ele><time>2024-06-12T19:16:29.600Z</time></trkpt>
   <trkpt lat="46.5003094" lon="10.9992382"><ele>43.0</ele><time>2024-06-12T19:16:29.800Z</time></trkpt>
   <trkpt lat="46.5003288" lon="10.9992332"><ele>43.1</ele><time>2024-06-12T19:16:30.000Z</time></trkpt>
   <trkpt lat="46.5003483" lon="10.9992282"><ele>43.3</ele><time>2024-06-12T19:16:30.200Z</time></trkpt>
   <trkpt lat="46.5003678" lon="10.9992232"><ele>43.4</ele><time>2024-06-12T19:16:30.400Z</time></trkpt>
   <trkpt lat="46.5003873" lon="10.9992183"><ele>43.5</ele><time>2024-06-12T19:16:30.600Z</time></trkpt>
   <trkpt lat="46.5004068" lon="10.9992133"><ele>43.7</ele><time>2024-06-12T19:16:30.800Z</time></trkpt>
   <trkpt lat="46.5004263" lon="10.9992083"><ele>43.8</ele><time>2024-06-12T19:16:31.000Z</time></trkpt>
   <trkpt lat="46.5004458" lon="10.9992033"><ele>43.9</ele><time>2024-06-12T19:16:31.200Z</time></trkpt>
   <trkpt lat="46.5004652" lon="10.9991983"><ele>44.1</ele><time>2024-06-12T19:16:31.400Z</time></trkpt>
   <trkpt lat="46.5004847" lon="10.9991933"><ele>44.2</ele><time>2024-06-12T19:16:31.600Z</time></trkpt>
   <trkpt lat="46.5005042" lon="10.9991883"><ele>44.3</ele><time>2024-06-12T19:16:31.800Z</time></trkpt>
   <trkpt lat="46.5005237" lon="10.9991833"><ele>44.5</ele><time>2024-06-12T19:16:32.000Z</time></trkpt>
   <trkpt lat="46.5005432" lon="10.9991783"><ele>44.6</ele><time>2024-06-12T19:16:32.200Z</time></trkpt>
   <trkpt lat="46.5005627" lon="10.9991733"><ele>44.7</ele><time>2024-06-12T19:16:32.400Z</time></trkpt>
   <trkpt lat="46.5005821" lon="10.9991683"><ele>44.8</ele><time>2024-06-12T19:16:32.600Z</time></trkpt>
   <trkpt lat="46.5006016" lon="10.9991633"><ele>45.0</ele><time>2024-06-12T19:16:32.800Z</time></trkpt>
   <trkpt lat="46.5006211" lon="10.9991584"><ele>45.1</ele><time>2024-06-12T19:16:33.000Z</time></trkpt>
   <trkpt lat="46.5006406" lon="10.9991534"><ele>45.2</ele><time>2024-06-12T19:16:33.200Z</time></trkpt>
   <trkpt lat="46.5006601" lon="10.9991484"><ele>45.4</ele><time>2024-06-12T19:16:33.400Z</time></trkpt>
   <trkpt lat="46.5006796" lon="10.9991434"><ele>45.5</ele><time>2024-06-12T19:16:33.600Z</time></trkpt>
   <trkpt lat="46.5006991" lon="10.9991384"><ele>45.6</ele><time>2024-06-12T19:16:33.800Z</time></trkpt>
   <trkpt lat="46.5007185" lon="10.9991334"><ele>45.8</ele><time>2024-06-12T19:16:34.000Z</time></trkpt>
   <trkpt lat="46.5007380" lon="10.9991284"><ele>45.9</ele><time>2024-06-12T19:16:34.200Z</time></trkpt>
   <trkpt lat="46.5007575" lon="10.9991234"><ele>46.0</ele><time>2024-06-12T19:16:34.400Z</time></trkpt>
   <trkpt lat="46.5007770" lon="10.9991184"><ele>46.2</ele><time>2024-06-12T19:16:34.600Z</time></trkpt>
   <trkpt lat="46.5007965" lon="10.9991134"><ele>46.3</ele><time>2024-06-12T19:16:34.800Z</time></trkpt>
   <trkpt lat="46.5008160" lon="10.9991084"><ele>46.4</ele><time>2024-06-12T19:16:35.000Z</time></trkpt>
   <trkpt lat="46.5008354" lon="10.9991035"><ele>46.6</ele><time>2024-06-12T19:16:35.200Z</time></trkpt>
   <trkpt lat="46.5008549" lon="10.9990985"><ele>46.7</ele><time>2024-06-12T19:16:35.400Z</time></trkpt>
   <trkpt lat="46.5008744" lon="10.9990935"><ele>46.8</ele><time>2024-06-12T19:16:35.600Z</time></trkpt>
   <trkpt lat="46.5008939" lon="10.9990885"><ele>47.0</ele><time>2024-06-12T19:16:35.800Z</time></trkpt>
   <trkpt lat="46.5009134" lon="10.9990835"><ele>47.1</ele><time>2024-06-12T19:16:36.000Z</time></trkpt>
   <trkpt lat="46.5009329" lon="10.9990785"><ele>47.2</ele><time>2024-06-12T19:16:36.200Z</time></trkpt>
   <trkpt lat="46.5009523" lon="10.9990735"><ele>47.4</ele><time>2024-06-12T19:16:36.400Z</time></trkpt>
   <trkpt lat="46.5009718" lon="10.9990685"><ele>47.5</ele><time>2024-06-12T19:16:36.600Z</time></trkpt>
   <trkpt lat="46.5009913" lon="10.9990635"><ele>47.6</ele><time>2024-06-12T19:16:36.800Z</time></trkpt>
   <trkpt lat="46.5010108" lon="10.9990585"><ele>47.8</ele><time>2024-06-12T19:16:37.000Z</time></trkpt>
   <trkpt lat="46.5010303" lon="10.9990535"><ele>47.9</ele><time>2024-06-12T19:16:37.200Z</time></trkpt>
   <trkpt lat="46.5010409" lon="10.9990508"><ele>48.0</ele><time>2024-06-12T19:16:37.400Z</time></trkpt>
   <trkpt lat="46.5010545" lon="10.9990463"><ele>48.0</ele><time>2024-06-12T19:16:37.600Z</time></trkpt>
   <trkpt lat="46.5010677" lon="10.9990397"><ele>48.1</ele><time>2024-06-12T19:16:37.800Z</time></trkpt>
   <trkpt lat="46.5010803" lon="10.9990312"><ele>48.2</ele><time>2024-06-12T19:16:38.000Z</time></trkpt>
   <trkpt lat="46.5010923" lon="10.9990209"><ele>48.3</ele><time>2024-06-12T19:16:38.200Z</time></trkpt>
   <trkpt lat="46.5011035" lon="10.9990088"><ele>48.4</ele><time>2024-06-12T19:16:38.400Z</time></trkpt>
   <trkpt lat="46.5011137" lon="10.9989951"><ele>48.5</ele><time>2024-06-12T19:16:38.600Z</time></trkpt>
   <trkpt lat="46.5011230" lon="10.9989800"><ele>48.6</ele><time>2024-06-12T19:16:38.800Z</time></trkpt>
   <trkpt lat="46.5011311" lon="10.9989635"><ele>48.7</ele><time>2024-06-12T19:16:39.000Z</time></trkpt>
   <trkpt lat="46.5011380" lon="10.9989460"><ele>48.8</ele><time>2024-06-12T19:16:39.200Z</time></trkpt>
   <trkpt lat="46.5011436" lon="10.9989274"><ele>48.9</ele><time>2024-06-12T19:16:39.400Z</time></trkpt>
   <trkpt lat="46.5011479" lon="10.9989082"><ele>49.0</ele><time>2024-06-12T19:16:39.600Z</time></trkpt>
   <trkpt lat="46.5011508" lon="10.9988884"><ele>49.1</ele><time>2024-06-12T19:16:39.800Z</time></trkpt>
   <trkpt lat="46.5011522" lon="10.9988683"><ele>49.2</ele><time>2024-06-12T19:16:40.000Z</time></trkpt>
   <trkpt lat="46.5011523" lon="10.9988480"><ele>49.3</ele><time>2024-06-12T19:16:40.200Z</time></trkpt>
   <trkpt lat="46.5011509" lon="10.9988279"><ele>49.3</ele><time>2024-06-12T19:16:40.400Z</time></trkpt>
   <trkpt lat="46.5011480" lon="10.9988081"><ele>49.4</ele><time>2024-06-12T19:16:40.600Z</time></trkpt>
   <trkpt lat="46.5011438" lon="10.9987888"><ele>49.5</ele><time>2024-06-12T19:16:40.800Z</time></trkpt>
   <trkpt lat="46.5011382" lon="10.9987702"><ele>49.6</ele><time>2024-06-12T19:16:41.000Z</time></trkpt>
   <trkpt lat="46.5011314" lon="10.9987526"><ele>49.7</ele><time>2024-06-12T19:16:41.200Z</time></trkpt>
   <trkpt lat="46.5011233" lon="10.9987361"><ele>49.8</ele><time>2024-06-12T19:16:41.400Z</time></trkpt>
   <trkpt lat="46.5011141" lon="10.9987209"><ele>49.9</ele><time>2024-06-12T19:16:41.600Z</time></trkpt>
   <trkpt lat="46.5011039" lon="10.9987071"><ele>50.0</ele><time>2024-06-12T19:16:41.800Z</time></trkpt>
   <trkpt lat="46.5010927" lon="10.9986950"><ele>50.1</ele><time>2024-06-12T19:16:42.000Z</time></trkpt>
   <trkpt lat="46.5010808" lon="10.9986846"><ele>50.2</ele><time>2024-06-12T19:16:42.200Z</time></trkpt>
   <trkpt lat="46.5010682" lon="10.9986760"><ele>50.3</ele><time>2024-06-12T19:16:42.400Z</time></trkpt>
   <trkpt lat="46.5010550" lon="10.9986694"><ele>50.4</ele><time>2024-06-12T19:16:42.600Z</time></trkpt>
   <trkpt lat="46.5010414" lon="10.9986648"><ele>50.5</ele><time>2024-06-12T19:16:42.800Z</time></trkpt>
   <trkpt lat="46.5010276" lon="10.9986622"><ele>50.6</ele><time>2024-06-12T19:16:43.000Z</time></trkpt>
   <trkpt lat="46.5010269" lon="10.9986622"><ele>50.6</ele><time>2024-06-12T19:16:43.200Z</time></trkpt>
   <trkpt lat="46.5010072" lon="10.9986602"><ele>50.7</ele><time>2024-06-12T19:16:43.400Z</time></trkpt>
   <trkpt lat="46.5009874" lon="10.9986582"><ele>50.8</ele><time>2024-06-12T19:16:43.600Z</time></trkpt>
   <trkpt lat="46.5009677" lon="10.9986561"><ele>51.0</ele><time>2024-06-12T19:16:43.800Z</time></trkpt>
   <trkpt lat="46.5009479" lon="10.9986541"><ele>51.1</ele><time>2024-06-12T19:16:44.000Z</time></trkpt>
   <trkpt lat="46.5009282" lon="10.9986521"><ele>51.2</ele><time>2024-06-12T19:16:44.200Z</time></trkpt>
   <trkpt lat="46.5009085" lon="10.9986501"><ele>51.4</ele><time>2024-06-12T19:16:44.400Z</time></trkpt>
   <trkpt lat="46.5008887" lon="10.9986481"><ele>51.5</ele><time>2024-06-12T19:16:44.600Z</time></trkpt>
   <trkpt lat="46.5008690" lon="10.9986461"><ele>51.6</ele><time>2024-06-12T19:16:44.800Z</time></trkpt>
   <trkpt lat="46.5008493" lon="10.9986441"><ele>51.7</ele><time>2024-06-12T19:16:45.000Z</time></trkpt>
   <trkpt lat="46.5008295" lon="10.9986421"><ele>51.9</ele><time>2024-06-12T19:16:45.200Z</time></trkpt>
   <trkpt lat="46.5008098" lon="10.9986401"><ele>52.0</ele><time>2024-06-12T19:16:45.400Z</time></trkpt>
   <trkpt lat="46.5007901" lon="10.9986381"><ele>52.1</ele><time>2024-06-12T19:16:45.600Z</time></trkpt>
   <trkpt lat="46.5007703" lon="10.9986361"><ele>52.3</ele><time>2024-06-12T19:16:45.800Z</time></trkpt>
   <trkpt lat="46.5007506" lon="10.9986341"><ele>52.4</ele><time>2024-06-12T19:16:46.000Z</time></trkpt>
   <trkpt lat="46.5007308" lon="10.9986321"><ele>52.5</ele><time>2024-06-12T19:16:46.200Z</time></trkpt>
   <trkpt lat="46.5007111" lon="10.9986301"><ele>52.7</ele><time>2024-06-12T19:16:46.400Z</time></trkpt>
   <trkpt lat="46.5006914" lon="10.9986281"><ele>52.8</ele><time>2024-06-12T19:16:46.600Z</time></trkpt>
   <trkpt lat="46.5006716" lon="10.9986261"><ele>52.9</ele><time>2024-06-12T19:16:46.800Z</time></trkpt>
   <trkpt lat="46.5006519" lon="10.9986241"><ele>53.1</ele><time>2024-06-12T19:16:47.000Z</time></trkpt>
   <trkpt lat="46.5006322" lon="10.9986221"><ele>53.2</ele><time>2024-06-12T19:16:47.200Z</time></trkpt>
   <trkpt lat="46.5006124" lon="10.9986201"><ele>53.3</ele><time>2024-06-12T19:16:47.400Z</time></trkpt>
   <trkpt lat="46.5005927" lon="10.9986181"><ele>53.5</ele><time>2024-06-12T19:16:47.600Z</time></trkpt>
   <trkpt lat="46.5005729" lon="10.9986160"><ele>53.6</ele><time>2024-06-12T19:16:47.800Z</time></trkpt>
   <trkpt lat="46.5005532" lon="10.9986140"><ele>53.7</ele><time>2024-06-12T19:16:48.000Z</time></trkpt>
   <trkpt lat="46.5005335" lon="10.9986120"><ele>53.9</ele><time>2024-06-12T19:16:48.200Z</time></trkpt>
   <trkpt lat="46.5005137" lon="10.9986100"><ele>54.0</ele><time>2024-06-12T19:16:48.400Z</time></trkpt>
   <trkpt lat="46.5004940" lon="10.9986080"><ele>54.1</ele><time>2024-06-12T19:16:48.600Z</time></trkpt>
   <trkpt lat="46.5004743" lon="10.9986060"><ele>54.3</ele><time>2024-06-12T19:16:48.800Z</time></trkpt>
   <trkpt lat="46.5004545" lon="10.9986040"><ele>54.4</ele><time>2024-06-12T19:16:49.000Z</time></trkpt>
   <trkpt lat="46.5004348" lon="10.9986020"><ele>54.5</ele><time>2024-06-12T19:16:49.200Z</time></trkpt>
   <trkpt lat="46.5004151" lon="10.9986000"><ele>54.7</ele><time>2024-06-12T19:16:49.400Z</time></trkpt>
   <trkpt lat="46.5003953" lon="10.9985980"><ele>54.8</ele><time>2024-06-12T19:16:49.600Z</time></trkpt>
   <trkpt lat="46.5003756" lon="10.9985960"><ele>54.9</ele><time>2024-06-12T19:16:49.800Z</time></trkpt>
   <trkpt lat="46.5003558" lon="10.9985940"><ele>55.0</ele><time>2024-06-12T19:16:50.000Z</time></trkpt>
   <trkpt lat="46.5003361" lon="10.9985920"><ele>55.2</ele><time>2024-06-12T19:16:50.200Z</time></trkpt>
   <trkpt lat="46.5003164" lon="10.9985900"><ele>55.3</ele><time>2024-06-12T19:16:50.400Z</time></trkpt>
   <trkpt lat="46.5002966" lon="10.9985880"><ele>55.4</ele><time>2024-06-12T19:16:50.600Z</time></trkpt>
   <trkpt lat="46.5002769" lon="10.9985860"><ele>55.6</ele><time>2024-06-12T19:16:50.800Z</time></trkpt>
   <trkpt lat="46.5002572" lon="10.9985840"><ele>55.7</ele><time>2024-06-12T19:16:51.000Z</time></trkpt>
   <trkpt lat="46.5002374" lon="10.9985820"><ele>55.8</ele><time>2024-06-12T19:16:51.200Z</time></trkpt>
   <trkpt lat="46.5002177" lon="10.9985800"><ele>56.0</ele><time>2024-06-12T19:16:51.400Z</time></trkpt>
   <trkpt lat="46.5001979" lon="10.9985780"><ele>56.1</ele><time>2024-06-12T19:16:51.600Z</time></trkpt>
   <trkpt lat="46.5001782" lon="10.9985759"><ele>56.2</ele><time>2024-06-12T19:16:51.800Z</time></trkpt>
   <trkpt lat="46.5001585" lon="10.9985739"><ele>56.4</ele><time>2024-06-12T19:16:52.000Z</time></trkpt>
   <trkpt lat="46.5001387" lon="10.9985719"><ele>56.5</ele><time>2024-06-12T19:16:52.200Z</time></trkpt>
   <trkpt lat="46.5001190" lon="10.9985699"><ele>56.6</ele><time>2024-06-12T19:16:52.400Z</time></trkpt>
   <trkpt lat="46.5000993" lon="10.9985679"><ele>56.8</ele><time>2024-06-12T19:16:52.600Z</time></trkpt>
   <trkpt lat="46.5000795" lon="10.9985659"><ele>56.9</ele><time>2024-06-12T19:16:52.800Z</time></trkpt>
   <trkpt lat="46.5000598" lon="10.9985639"><ele>57.0</ele><time>2024-06-12T19:16:53.000Z</time></trkpt>
   <trkpt lat="46.5000401" lon="10.9985619"><ele>57.2</ele><time>2024-06-12T19:16:53.200Z</time></trkpt>
   <trkpt lat="46.5000203" lon="10.9985599"><ele>57.3</ele><time>2024-06-12T19:16:53.400Z</time></trkpt>
   <trkpt lat="46.5000006" lon="10.9985579"><ele>57.4</ele><time>2024-06-12T19:16:53.600Z</time></trkpt>
   <trkpt lat="46.4999808" lon="10.9985559"><ele>57.6</ele><time>2024-06-12T19:16:53.800Z</time></trkpt>
   <trkpt lat="46.4999611" lon="10.9985539"><ele>57.7</ele><time>2024-06-12T19:16:54.000Z</time></trkpt>
   <trkpt lat="46.4999414" lon="10.9985519"><ele>57.8</ele><time>2024-06-12T19:16:54.200Z</time></trkpt>
   <trkpt lat="46.4999216" lon="10.9985499"><ele>58.0</ele><time>2024-06-12T19:16:54.400Z</time></trkpt>
   <trkpt lat="46.4999019" lon="10.9985479"><ele>58.1</ele><time>2024-06-12T19:16:54.600Z</time></trkpt>
   <trkpt lat="46.4998822" lon="10.9985459"><ele>58.2</ele><time>2024-06-12T19:16:54.800Z</time></trkpt>
   <trkpt lat="46.4998624" lon="10.9985439"><ele>58.3</ele><time>2024-06-12T19:16:55.000Z</time></trkpt>
   <trkpt lat="46.4998427" lon="10.9985419"><ele>58.5</ele><time>2024-06-12T19:16:55.200Z</time></trkpt>
   <trkpt lat="46.4998229" lon="10.9985399"><ele>58.6</ele><time>2024-06-12T19:16:55.400Z</time></trkpt>
   <trkpt lat="46.4998032" lon="10.9985379"><ele>58.7</ele><time>2024-06-12T19:16:55.600Z</time></trkpt>
   <trkpt lat="46.4997835" lon="10.9985358"><ele>58.9</ele><time>2024-06-12T19:16:55.800Z</time></trkpt>
   <trkpt lat="46.4997709" lon="10.9985346"><ele>59.0</ele><time>2024-06-12T19:16:56.000Z</time></trkpt>
   <trkpt lat="46.4997566" lon="10.9985321"><ele>59.1</ele><time>2024-06-12T19:16:56.200Z</time></trkpt>
   <trkpt lat="46.4997426" lon="10.9985275"><ele>59.2</ele><time>2024-06-12T19:16:56.400Z</time></trkpt>
   <trkpt lat="46.4997289" lon="10.9985209"><ele>59.2</ele><time>2024-06-12T19:16:56.600Z</time></trkpt>
   <trkpt lat="46.4997158" lon="10.9985124"><ele>59.3</ele><time>2024-06-12T19:16:56.800Z</time></trkpt>
   <trkpt lat="46.4997033" lon="10.9985020"><ele>59.4</ele><time>2024-06-12T19:16:57.000Z</time></trkpt>
   <trkpt lat="46.4996916" lon="10.9984899"><ele>59.5</ele><time>2024-06-12T19:16:57.200Z</time></trkpt>
   <trkpt lat="46.4996808" lon="10.9984761"><ele>59.6</ele><time>2024-06-12T19:16:57.400Z</time></trkpt>
   <trkpt lat="46.4996709" lon="10.9984608"><ele>59.7</ele><time>2024-06-12T19:16:57.600Z</time></trkpt>
   <trkpt lat="46.4996622" lon="10.9984442"><ele>59.8</ele><time>2024-06-12T19:16:57.800Z</time></trkpt>
   <trkpt lat="46.4996547" lon="10.9984264"><ele>59.9</ele><time>2024-06-12T19:16:58.000Z</time></trkpt>
   <trkpt lat="46.4996484" lon="10.9984076"><ele>60.0</ele><time>2024-06-12T19:16:58.200Z</time></trkpt>
   <trkpt lat="46.4996435" lon="10.9983880"><ele>60.1</ele><time>2024-06-12T19:16:58.400Z</time></trkpt>
   <trkpt lat="46.4996399" lon="10.9983677"><ele>60.2</ele><time>2024-06-12T19:16:58.600Z</time></trkpt>
   <trkpt lat="46.4996377" lon="10.9983470"><ele>60.3</ele><time>2024-06-12T19:16:58.800Z</time></trkpt>
   <trkpt lat="46.4996370" lon="10.9983262"><ele>60.4</ele><time>2024-06-12T19:16:59.000Z</time></trkpt>
   <trkpt lat="46.4996377" lon="10.9983053"><ele>60.5</ele><time>2024-06-12T19:16:59.200Z</time></trkpt>
   <trkpt lat="46.4996398" lon="10.9982846"><ele>60.6</ele><time>2024-06-12T19:16:59.400Z</time></trkpt>
   <trkpt lat="46.4996434" lon="10.9982644"><ele>60.7</ele><time>2024-06-12T19:16:59.600Z</time></trkpt>
   <trkpt lat="46.4996483" lon="10.9982447"><ele>60.8</ele><time>2024-06-12T19:16:59.800Z</time></trkpt>
   <trkpt lat="46.4996546" lon="10.9982259"><ele>60.9</ele><time>2024-06-12T19:17:00.000Z</time></trkpt>
   <trkpt lat="46.4996621" lon="10.9982080"><ele>61.0</ele><time>2024-06-12T19:17:00.200Z</time></trkpt>
   <trkpt lat="46.4996708" lon="10.9981914"><ele>61.1</ele><time>2024-06-12T19:17:00.400Z</time></trkpt>
   <trkpt lat="46.4996806" lon="10.9981761"><ele>61.2</ele><time>2024-06-12T19:17:00.600Z</time></trkpt>
   <trkpt lat="46.4996914" lon="10.9981623"><ele>61.3</ele><time>2024-06-12T19:17:00.800Z</time></trkpt>
   <trkpt lat="46.4997031" lon="10.9981501"><ele>61.4</ele><time>2024-06-12T19:17:01.000Z</time></trkpt>
   <trkpt lat="46.4997155" lon="10.9981397"><ele>61.5</ele><time>2024-06-12T19:17:01.200Z</time></trkpt>
   <trkpt lat="46.4997287" lon="10.9981311"><ele>61.6</ele><time>2024-06-12T19:17:01.400Z</time></trkpt>
   <trkpt lat="46.4997423" lon="10.9981245"><ele>61.6</ele><time>2024-06-12T19:17:01.600Z</time></trkpt>
   <trkpt lat="46.4997461" lon="10.9981230"><ele>61.7</ele><time>2024-06-12T19:17:01.800Z</time></trkpt>
   <trkpt lat="46.4997653" lon="10.9981161"><ele>61.8</ele><time>2024-06-12T19:17:02.000Z</time></trkpt>
   <trkpt lat="46.4997845" lon="10.9981091"><ele>61.9</ele><time>2024-06-12T19:17:02.200Z</time></trkpt>
   <trkpt lat="46.4998037" lon="10.9981022"><ele>62.1</ele><time>2024-06-12T19:17:02.400Z</time></trkpt>
   <trkpt lat="46.4998229" lon="10.9980952"><ele>62.2</ele><time>2024-06-12T19:17:02.600Z</time></trkpt>
   <trkpt lat="46.4998421" lon="10.9980883"><ele>62.3</ele><time>2024-06-12T19:17:02.800Z</time></trkpt>
   <trkpt lat="46.4998613" lon="10.9980813"><ele>62.5</ele><time>2024-06-12T19:17:03.000Z</time></trkpt>
   <trkpt lat="46.4998805" lon="10.9980744"><ele>62.6</ele><time>2024-06-12T19:17:03.200Z</time></trkpt>
   <trkpt lat="46.4998997" lon="10.9980674"><ele>62.7</ele><time>2024-06-12T19:17:03.400Z</time></trkpt>
   <trkpt lat="46.4999189" lon="10.9980605"><ele>62.9</ele><time>2024-06-12T19:17:03.600Z</time></trkpt>
   <trkpt lat="46.4999381" lon="10.9980535"><ele>63.0</ele><time>2024-06-12T19:17:03.800Z</time></trkpt>
   <trkpt lat="46.4999573" lon="10.9980466"><ele>63.1</ele><time>2024-06-12T19:17:04.000Z</time></trkpt>
   <trkpt lat="46.4999765" lon="10.9980396"><ele>63.3</ele><time>2024-06-12T19:17:04.200Z</time></trkpt>
   <trkpt lat="46.4999957" lon="10.9980327"><ele>63.4</ele><time>2024-06-12T19:17:04.400Z</time></trkpt>
   <trkpt lat="46.5000149" lon="10.9980257"><ele>63.5</ele><time>2024-06-12T19:17:04.600Z</time></trkpt>
   <trkpt lat="46.5000341" lon="10.9980187"><ele>63.7</ele><time>2024-06-12T19:17:04.800Z</time></trkpt>
   <trkpt lat="46.5000533" lon="10.9980118"><ele>63.8</ele><time>2024-06-12T19:17:05.000Z</time></trkpt>
   <trkpt lat="46.5000725" lon="10.9980048"><ele>63.9</ele><time>2024-06-12T19:17:05.200Z</time></trkpt>
   <trkpt lat="46.5000917" lon="10.9979979"><ele>64.1</ele><time>2024-06-12T19:17:05.400Z</time></trkpt>
   <trkpt lat="46.5001109" lon="10.9979909"><ele>64.2</ele><time>2024-06-12T19:17:05.600Z</time></trkpt>
   <trkpt lat="46.5001301" lon="10.9979840"><ele>64.3</ele><time>2024-06-12T19:17:05.800Z</time></trkpt>
   <trkpt lat="46.5001493" lon="10.9979770"><ele>64.4</ele><time>2024-06-12T19:17:06.000Z</time></trkpt>
   <trkpt lat="46.5001685" lon="10.9979701"><ele>64.6</ele><time>2024-06-12T19:17:06.200Z</time></trkpt>
   <trkpt lat="46.5001877" lon="10.9979631"><ele>64.7</ele><time>2024-06-12T19:17:06.400Z</time></trkpt>
   <trkpt lat="46.5002069" lon="10.9979562"><ele>64.8</ele><time>2024-06-12T19:17:06.600Z</time></trkpt>
   <trkpt lat="46.5002261" lon="10.9979492"><ele>65.0</ele><time>2024-06-12T19:17:06.800Z</time></trkpt>
   <trkpt lat="46.5002453" lon="10.9979423"><ele>65.1</ele><time>2024-06-12T19:17:07.000Z</time></trkpt>
   <trkpt lat="46.5002645" lon="10.9979353"><ele>65.2</ele><time>2024-06-12T19:17:07.200Z</time></trkpt>
   <trkpt lat="46.5002837" lon="10.9979283"><ele>65.4</ele><time>2024-06-12T19:17:07.400Z</time></trkpt>
   <trkpt lat="46.5003029" lon="10.9979214"><ele>65.5</ele><time>2024-06-12T19:17:07.600Z</time></trkpt>
   <trkpt lat="46.5003220" lon="10.9979144"><ele>65.6</ele><time>2024-06-12T19:17:07.800Z</time></trkpt>
   <trkpt lat="46.5003412" lon="10.9979075"><ele>65.8</ele><time>2024-06-12T19:17:08.000Z</time></trkpt>
   <trkpt lat="46.5003604" lon="10.9979005"><ele>65.9</ele><time>2024-06-12T19:17:08.200Z</time></trkpt>
   <trkpt lat="46.5003796" lon="10.9978936"><ele>66.0</ele><time>2024-06-12T19:17:08.400Z</time></trkpt>
   <trkpt lat="46.5003988" lon="10.9978866"><ele>66.2</ele><time>2024-06-12T19:17:08.600Z</time></trkpt>
   <trkpt lat="46.5004180" lon="10.9978797"><ele>66.3</ele><time>2024-06-12T19:17:08.800Z</time></trkpt>
   <trkpt lat="46.5004372" lon="10.9978727"><ele>66.4</ele><time>2024-06-12T19:17:09.000Z</time></trkpt>
   <trkpt lat="46.5004564" lon="10.9978658"><ele>66.6</ele><time>2024-06-12T19:17:09.200Z</time></trkpt>
   <trkpt lat="46.5004756" lon="10.9978588"><ele>66.7</ele><time>2024-06-12T19:17:09.400Z</time></trkpt>
   <trkpt lat="46.5004948" lon="10.9978519"><ele>66.8</ele><time>2024-06-12T19:17:09.600Z</time></trkpt>
   <trkpt lat="46.5005140" lon="10.9978449"><ele>67.0</ele><time>2024-06-12T19:17:09.800Z</time></trkpt>
   <trkpt lat="46.5005332" lon="10.9978380"><ele>67.1</ele><time>2024-06-12T19:17:10.000Z</time></trkpt>
   <trkpt lat="46.5005524" lon="10.9978310"><ele>67.2</ele><time>2024-06-12T19:17:10.200Z</time></trkpt>
   <trkpt lat="46.5005716" lon="10.9978240"><ele>67.4</ele><time>2024-06-12T19:17:10.400Z</time></trkpt>
   <trkpt lat="46.5005908" lon="10.9978171"><ele>67.5</ele><time>2024-06-12T19:17:10.600Z</time></trkpt>
   <trkpt lat="46.5006100" lon="10.9978101"><ele>67.6</ele><time>2024-06-12T19:17:10.800Z</time></trkpt>
   <trkpt lat="46.5006292" lon="10.9978032"><ele>67.7</ele><time>2024-06-12T19:17:11.000Z</time></trkpt>
   <trkpt lat="46.5006484" lon="10.9977962"><ele>67.9</ele><time>2024-06-12T19:17:11.200Z</time></trkpt>
   <trkpt lat="46.5006676" lon="10.9977893"><ele>68.0</ele><time>2024-06-12T19:17:11.400Z</time></trkpt>
   <trkpt lat="46.5006868" lon="10.9977823"><ele>68.1</ele><time>2024-06-12T19:17:11.600Z</time></trkpt>
   <trkpt lat="46.5007060" lon="10.9977754"><ele>68.3</ele><time>2024-06-12T19:17:11.800Z</time></trkpt>
   <trkpt lat="46.5007252" lon="10.9977684"><ele>68.4</ele><time>2024-06-12T19:17:12.000Z</time></trkpt>
   <trkpt lat="46.5007444" lon="10.9977615"><ele>68.5</ele><time>2024-06-12T19:17:12.200Z</time></trkpt>
   <trkpt lat="46.5007636" lon="10.9977545"><ele>68.7</ele><time>2024-06-12T19:17:12.400Z</time></trkpt>
   <trkpt lat="46.5007828" lon="10.9977476"><ele>68.8</ele><time>2024-06-12T19:17:12.600Z</time></trkpt>
   <trkpt lat="46.5008020" lon="10.9977406"><ele>68.9</ele><time>2024-06-12T19:17:12.800Z</time></trkpt>
   <trkpt lat="46.5008212" lon="10.9977337"><ele>69.1</ele><time>2024-06-12T19:17:13.000Z</time></trkpt>
   <trkpt lat="46.5008404" lon="10.9977267"><ele>69.2</ele><time>2024-06-12T19:17:13.200Z</time></trkpt>
   <trkpt lat="46.5008596" lon="10.9977197"><ele>69.3</ele><time>2024-06-12T19:17:13.400Z</time></trkpt>
   <trkpt lat="46.5008788" lon="10.9977128"><ele>69.5</ele><time>2024-06-12T19:17:13.600Z</time></trkpt>
   <trkpt lat="46.5008980" lon="10.9977058"><ele>69.6</ele><time>2024-06-12T19:17:13.800Z</time></trkpt>
   <trkpt lat="46.5009172" lon="10.9976989"><ele>69.7</ele><time>2024-06-12T19:17:14.000Z</time></trkpt>
   <trkpt lat="46.5009364" lon="10.9976919"><ele>69.9</ele><time>2024-06-12T19:17:14.200Z</time></trkpt>
   <trkpt lat="46.5009556" lon="10.9976850"><ele>70.0</ele><time>2024-06-12T19:17:14.400Z</time></trkpt>
   <trkpt lat="46.5009748" lon="10.9976780"><ele>70.1</ele><time>2024-06-12T19:17:14.600Z</time></trkpt>
   <trkpt lat="46.5009940" lon="10.9976711"><ele>70.3</ele><time>2024-06-12T19:17:14.800Z</time></trkpt>
   <trkpt lat="46.5010132" lon="10.9976641"><ele>70.4</ele><time>2024-06-12T19:17:15.000Z</time></trkpt>
   <trkpt lat="46.5010324" lon="10.9976572"><ele>70.5</ele><time>2024-06-12T19:17:15.200Z</time></trkpt>
   <trkpt lat="46.5010515" lon="10.9976502"><ele>70.7</ele><time>2024-06-12T19:17:15.400Z</time></trkpt>
   <trkpt lat="46.5010707" lon="10.9976433"><ele>70.8</ele><time>2024-06-12T19:17:15.600Z</time></trkpt>
   <trkpt lat="46.5010899" lon="10.9976363"><ele>70.9</ele><time>2024-06-12T19:17:15.800Z</time></trkpt>
   <trkpt lat="46.5011091" lon="10.9976294"><ele>71.0</ele><time>2024-06-12T19:17:16.000Z</time></trkpt>
   <trkpt lat="46.5011283" lon="10.9976224"><ele>71.2</ele><time>2024-06-12T19:17:16.200Z</time></trkpt>
   <trkpt lat="46.5011423" lon="10.9976173"><ele>71.3</ele><time>2024-06-12T19:17:16.400Z</time></trkpt>
   <trkpt lat="46.5011565" lon="10.9976111"><ele>71.4</ele><time>2024-06-12T19:17:16.600Z</time></trkpt>
   <trkpt lat="46.5011702" lon="10.9976029"><ele>71.5</ele><time>2024-06-12T19:17:16.800Z</time></trkpt>
   <trkpt lat="46.5011833" lon="10.9975928"><ele>71.6</ele><time>2024-06-12T19:17:17.000Z</time></trkpt>
   <trkpt lat="46.5011957" lon="10.9975810"><ele>71.7</ele><time>2024-06-12T19:17:17.200Z</time></trkpt>
   <trkpt lat="46.5012072" lon="10.9975674"><ele>71.8</ele><time>2024-06-12T19:17:17.400Z</time></trkpt>
   <trkpt lat="46.5012178" lon="10.9975523"><ele>71.9</ele><time>2024-06-12T19:17:17.600Z</time></trkpt>
   <trkpt lat="46.5012273" lon="10.9975357"><ele>72.0</ele><time>2024-06-12T19:17:17.800Z</time></trkpt>
   <trkpt lat="46.5012357" lon="10.9975180"><ele>72.1</ele><time>2024-06-12T19:17:18.000Z</time></trkpt>
   <trkpt lat="46.5012428" lon="10.9974991"><ele>72.2</ele><time>2024-06-12T19:17:18.200Z</time></trkpt>
   <trkpt lat="46.5012486" lon="10.9974793"><ele>72.3</ele><time>2024-06-12T19:17:18.400Z</time></trkpt>
   <trkpt lat="46.5012531" lon="10.9974587"><ele>72.4</ele><time>2024-06-12T19:17:18.600Z</time></trkpt>
   <trkpt lat="46.5012562" lon="10.9974377"><ele>72.5</ele><time>2024-06-12T19:17:18.800Z</time></trkpt>
   <trkpt lat="46.5012579" lon="10.9974162"><ele>72.6</ele><time>2024-06-12T19:17:19.000Z</time></trkpt>
   <trkpt lat="46.5012582" lon="10.9973947"><ele>72.7</ele><time>2024-06-12T19:17:19.200Z</time></trkpt>
   <trkpt lat="46.5012570" lon="10.9973732"><ele>72.8</ele><time>2024-06-12T19:17:19.400Z</time></trkpt>
   <trkpt lat="46.5012544" lon="10.9973520"><ele>72.9</ele><time>2024-06-12T19:17:19.600Z</time></trkpt>
   <trkpt lat="46.5012503" lon="10.9973313"><ele>73.0</ele><time>2024-06-12T19:17:19.800Z</time></trkpt>
   <trkpt lat="46.5012450" lon="10.9973112"><ele>73.1</ele><time>2024-06-12T19:17:20.000Z</time></trkpt>
   <trkpt lat="46.5012383" lon="10.9972920"><ele>73.2</ele><time>2024-06-12T19:17:20.200Z</time></trkpt>
   <trkpt lat="46.5012303" lon="10.9972738"><ele>73.3</ele><time>2024-06-12T19:17:20.400Z</time></trkpt>
   <trkpt lat="46.5012212" lon="10.9972568"><ele>73.4</ele><time>2024-06-12T19:17:20.600Z</time></trkpt>
   <trkpt lat="46.5012110" lon="10.9972412"><ele>73.5</ele><time>2024-06-12T19:17:20.800Z</time></trkpt>
   <trkpt lat="46.5011998" lon="10.9972270"><ele>73.6</ele><time>2024-06-12T19:17:21.000Z</time></trkpt>
   <trkpt lat="46.5011877" lon="10.9972146"><ele>73.7</ele><time>2024-06-12T19:17:21.200Z</time></trkpt>
   <trkpt lat="46.5011748" lon="10.9972038"><ele>73.7</ele><time>2024-06-12T19:17:21.400Z</time></trkpt>
   <trkpt lat="46.5011613" lon="10.9971950"><ele>73.8</ele><time>2024-06-12T19:17:21.600Z</time></trkpt>
   <trkpt lat="46.5011473" lon="10.9971881"><ele>73.9</ele><time>2024-06-12T19:17:21.800Z</time></trkpt>
   <trkpt lat="46.5011328" lon="10.9971832"><ele>74.0</ele><time>2024-06-12T19:17:22.000Z</time></trkpt>
   <trkpt lat="46.5011266" lon="10.9971817"><ele>74.1</ele><time>2024-06-12T19:17:22.200Z</time></trkpt>
   <trkpt lat="46.5011070" lon="10.9971777"><ele>74.2</ele><time>2024-06-12T19:17:22.400Z</time></trkpt>
   <trkpt lat="46.5010874" lon="10.9971737"><ele>74.4</ele><time>2024-06-12T19:17:22.600Z</time></trkpt>
   <trkpt lat="46.5010678" lon="10.9971697"><ele>74.5</ele><time>2024-06-12T19:17:22.800Z</time></trkpt>
   <trkpt lat="46.5010482" lon="10.9971657"><ele>74.6</ele><time>2024-06-12T19:17:23.000Z</time></trkpt>
   <trkpt lat="46.5010286" lon="10.9971617"><ele>74.7</ele><time>2024-06-12T19:17:23.200Z</time></trkpt>
   <trkpt lat="46.5010090" lon="10.9971577"><ele>74.9</ele><time>2024-06-12T19:17:23.400Z</time></trkpt>
   <trkpt lat="46.5009894" lon="10.9971537"><ele>75.0</ele><time>2024-06-12T19:17:23.600Z</time></trkpt>
   <trkpt lat="46.5009698" lon="10.9971497"><ele>75.1</ele><time>2024-06-12T19:17:23.800Z</time></trkpt>
   <trkpt lat="46.5009503" lon="10.9971457"><ele>75.3</ele><time>2024-06-12T19:17:24.000Z</time></trkpt>
   <trkpt lat="46.5009307" lon="10.9971417"><ele>75.4</ele><time>2024-06-12T19:17:24.200Z</time></trkpt>
   <trkpt lat="46.5009111" lon="10.9971377"><ele>75.5</ele><time>2024-06-12T19:17:24.400Z</time></trkpt>
   <trkpt lat="46.5008915" lon="10.9971337"><ele>75.7</ele><time>2024-06-12T19:17:24.600Z</time></trkpt>
   <trkpt lat="46.5008719" lon="10.9971297"><ele>75.8</ele><time>2024-06-12T19:17:24.800Z</time></trkpt>
   <trkpt lat="46.5008523" lon="10.9971257"><ele>75.9</ele><time>2024-06-12T19:17:25.000Z</time></trkpt>
   <trkpt lat="46.5008327" lon="10.9971217"><ele>76.1</ele><time>2024-06-12T19:17:25.200Z</time></trkpt>
   <trkpt lat="46.5008131" lon="10.9971177"><ele>76.2</ele><time>2024-06-12T19:17:25.400Z</time></trkpt>
   <trkpt lat="46.5007935" lon="10.9971137"><ele>76.3</ele><time>2024-06-12T19:17:25.600Z</time></trkpt>
   <trkpt lat="46.5007739" lon="10.9971097"><ele>76.5</ele><time>2024-06-12T19:17:25.800Z</time></trkpt>
   <trkpt lat="46.5007543" lon="10.9971057"><ele>76.6</ele><time>2024-06-12T19:17:26.000Z</time></trkpt>
   <trkpt lat="46.5007347" lon="10.9971017"><ele>76.7</ele><time>2024-06-12T19:17:26.200Z</time></trkpt>
   <trkpt lat="46.5007151" lon="10.9970977"><ele>76.9</ele><time>2024-06-12T19:17:26.400Z</time></trkpt>
   <trkpt lat="46.5006956" lon="10.9970937"><ele>77.0</ele><time>2024-06-12T19:17:26.600Z</time></trkpt>
   <trkpt lat="46.5006760" lon="10.9970897"><ele>77.1</ele><time>2024-06-12T19:17:26.800Z</time></trkpt>
   <trkpt lat="46.5006564" lon="10.9970857"><ele>77.3</ele><time>2024-06-12T19:17:27.000Z</time></trkpt>
   <trkpt lat="46.5006368" lon="10.9970817"><ele>77.4</ele><time>2024-06-12T19:17:27.200Z</time></trkpt>
   <trkpt lat="46.5006172" lon="10.9970777"><ele>77.5</ele><time>2024-06-12T19:17:27.400Z</time></trkpt>
   <trkpt lat="46.5005976" lon="10.9970737"><ele>77.7</ele><time>2024-06-12T19:17:27.600Z</time></trkpt>
   <trkpt lat="46.5005780" lon="10.9970697"><ele>77.8</ele><time>2024-06-12T19:17:27.800Z</time></trkpt>
   <trkpt lat="46.5005584" lon="10.9970657"><ele>77.9</ele><time>2024-06-12T19:17:28.000Z</time></trkpt>
   <trkpt lat="46.5005388" lon="10.9970617"><ele>78.0</ele><time>2024-06-12T19:17:28.200Z</time></trkpt>
   <trkpt lat="46.5005192" lon="10.9970577"><ele>78.2</ele><time>2024-06-12T19:17:28.400Z</time></trkpt>
   <trkpt lat="46.5004996" lon="10.9970537"><ele>78.3</ele><time>2024-06-12T19:17:28.600Z</time></trkpt>
   <trkpt lat="46.5004800" lon="10.9970497"><ele>78.4</ele><time>2024-06-12T19:17:28.800Z</time></trkpt>
   <trkpt lat="46.5004604" lon="10.9970457"><ele>78.6</ele><time>2024-06-12T19:17:29.000Z</time></trkpt>
   <trkpt lat="46.5004408" lon="10.9970417"><ele>78.7</ele><time>2024-06-12T19:17:29.200Z</time></trkpt>
   <trkpt lat="46.5004213" lon="10.9970377"><ele>78.8</ele><time>2024-06-12T19:17:29.400Z</time></trkpt>
   <trkpt lat="46.5004017" lon="10.9970337"><ele>79.0</ele><time>2024-06-12T19:17:29.600Z</time></trkpt>
   <trkpt lat="46.5003821" lon="10.9970297"><ele>79.1</ele><time>2024-06-12T19:17:29.800Z</time></trkpt>
   <trkpt lat="46.5003625" lon="10.9970257"><ele>79.2</ele><time>2024-06-12T19:17:30.000Z</time></trkpt>
   <trkpt lat="46.5003429" lon="10.9970217"><ele>79.4</ele><time>2024-06-12T19:17:30.200Z</time></trkpt>
   <trkpt lat="46.5003233" lon="10.9970177"><ele>79.5</ele><time>2024-06-12T19:17:30.400Z</time></trkpt>
   <trkpt lat="46.5003037" lon="10.9970137"><ele>79.6</ele><time>2024-06-12T19:17:30.600Z</time></trkpt>
   <trkpt lat="46.5002841" lon="10.9970097"><ele>79.8</ele><time>2024-06-12T19:17:30.800Z</time></trkpt>
   <trkpt lat="46.5002645" lon="10.9970057"><ele>79.9</ele><time>2024-06-12T19:17:31.1000Z</time></trkpt>
   <trkpt lat="46.5002449" lon="10.9970017"><ele>80.0</ele><time>2024-06-12T19:17:31.200Z</time></trkpt>
   <trkpt lat="46.5002253" lon="10.9969977"><ele>80.2</ele><time>2024-06-12T19:17:31.400Z</time></trkpt>
   <trkpt lat="46.5002057" lon="10.9969937"><ele>80.3</ele><time>2024-06-12T19:17:31.600Z</time></trkpt>
   <trkpt lat="46.5001861" lon="10.9969897"><ele>80.4</ele><time>2024-06-12T19:17:31.800Z</time></trkpt>
   <trkpt lat="46.5001666" lon="10.9969857"><ele>80.6</ele><time>2024-06-12T19:17:32.1000Z</time></trkpt>
   <trkpt lat="46.5001470" lon="10.9969817"><ele>80.7</ele><time>2024-06-12T19:17:32.200Z</time></trkpt>
   <trkpt lat="46.5001274" lon="10.9969777"><ele>80.8</ele><time>2024-06-12T19:17:32.400Z</time></trkpt>
   <trkpt lat="46.5001078" lon="10.9969737"><ele>81.0</ele><time>2024-06-12T19:17:32.600Z</time></trkpt>
   <trkpt lat="46.5000882" lon="10.9969697"><ele>81.1</ele><time>2024-06-12T19:17:32.800Z</time></trkpt>
   <trkpt lat="46.5000686" lon="10.9969657"><ele>81.2</ele><time>2024-06-12T19:17:33.1000Z</time></trkpt>
   <trkpt lat="46.5000490" lon="10.9969617"><ele>81.3</ele><time>2024-06-12T19:17:33.200Z</time></trkpt>
   <trkpt lat="46.5000294" lon="10.9969577"><ele>81.5</ele><time>2024-06-12T19:17:33.400Z</time></trkpt>
   <trkpt lat="46.5000098" lon="10.9969537"><ele>81.6</ele><time>2024-06-12T19:17:33.600Z</time></trkpt>
   <trkpt lat="46.4999902" lon="10.9969497"><ele>81.7</ele><time>2024-06-12T19:17:33.800Z</time></trkpt>
   <trkpt lat="46.4999706" lon="10.9969457"><ele>81.9</ele><time>2024-06-12T19:17:34.1000Z</time></trkpt>
   <trkpt lat="46.4999510" lon="10.9969417"><ele>82.0</ele><time>2024-06-12T19:17:34.200Z</time></trkpt>
   <trkpt lat="46.4999314" lon="10.9969377"><ele>82.1</ele><time>2024-06-12T19:17:34.400Z</time></trkpt>
   <trkpt lat="46.4999119" lon="10.9969337"><ele>82.3</ele><time>2024-06-12T19:17:34.600Z</time></trkpt>
   <trkpt lat="46.4998923" lon="10.9969297"><ele>82.4</ele><time>2024-06-12T19:17:34.800Z</time></trkpt>
   <trkpt lat="46.4998727" lon="10.9969257"><ele>82.5</ele><time>2024-06-12T19:17:35.1000Z</time></trkpt>
   <trkpt lat="46.4998531" lon="10.9969217"><ele>82.7</ele><time>2024-06-12T19:17:35.200Z</time></trkpt>
   <trkpt lat="46.4998335" lon="10.9969177"><ele>82.8</ele><time>2024-06-12T19:17:35.400Z</time></trkpt>
   <trkpt lat="46.4998139" lon="10.9969137"><ele>82.9</ele><time>2024-06-12T19:17:35.600Z</time></trkpt>
   <trkpt lat="46.4997943" lon="10.9969097"><ele>83.1</ele><time>2024-06-12T19:17:35.800Z</time></trkpt>
   <trkpt lat="46.4997747" lon="10.9969057"><ele>83.2</ele><time>2024-06-12T19:17:36.1000Z</time></trkpt>
   <trkpt lat="46.4997551" lon="10.9969017"><ele>83.3</ele><time>2024-06-12T19:17:36.200Z</time></trkpt>
   <trkpt lat="46.4997355" lon="10.9968977"><ele>83.5</ele><time>2024-06-12T19:17:36.400Z</time></trkpt>
   <trkpt lat="46.4997159" lon="10.9968937"><ele>83.6</ele><time>2024-06-12T19:17:36.600Z</time></trkpt>
   <trkpt lat="46.4996963" lon="10.9968897"><ele>83.7</ele><time>2024-06-12T19:17:36.800Z</time></trkpt>
   <trkpt lat="46.4996767" lon="10.9968857"><ele>83.9</ele><time>2024-06-12T19:17:37.1000Z</time></trkpt>
   <trkpt lat="46.4996571" lon="10.9968817"><ele>84.0</ele><time>2024-06-12T19:17:37.200Z</time></trkpt>
   <trkpt lat="46.4996376" lon="10.9968777"><ele>84.1</ele><time>2024-06-12T19:17:37.400Z</time></trkpt>
   <trkpt lat="46.4996180" lon="10.9968737"><ele>84.3</ele><time>2024-06-12T19:17:37.600Z</time></trkpt>
   <trkpt lat="46.4995984" lon="10.9968697"><ele>84.4</ele><time>2024-06-12T19:17:37.800Z</time></trkpt>
   <trkpt lat="46.4995788" lon="10.9968657"><ele>84.5</ele><time>2024-06-12T19:17:38.1000Z</time></trkpt>
   <trkpt lat="46.4995592" lon="10.9968617"><ele>84.6</ele><time>2024-06-12T19:17:38.200Z</time></trkpt>
   <trkpt lat="46.4995396" lon="10.9968577"><ele>84.8</ele><time>2024-06-12T19:17:38.400Z</time></trkpt>
   <trkpt lat="46.4995236" lon="10.9968544"><ele>84.9</ele><time>2024-06-12T19:17:38.600Z</time></trkpt>
   <trkpt lat="46.4995086" lon="10.9968503"><ele>85.0</ele><time>2024-06-12T19:17:38.800Z</time></trkpt>
   <trkpt lat="46.4994939" lon="10.9968442"><ele>85.1</ele><time>2024-06-12T19:17:39.1000Z</time></trkpt>
   <trkpt lat="46.4994797" lon="10.9968360"><ele>85.2</ele><time>2024-06-12T19:17:39.200Z</time></trkpt>
   <trkpt lat="46.4994661" lon="10.9968260"><ele>85.3</ele><time>2024-06-12T19:17:39.400Z</time></trkpt>
   <trkpt lat="46.4994532" lon="10.9968142"><ele>85.4</ele><time>2024-06-12T19:17:39.600Z</time></trkpt>
   <trkpt lat="46.4994411" lon="10.9968006"><ele>85.5</ele><time>2024-06-12T19:17:39.800Z</time></trkpt>
   <trkpt lat="46.4994300" lon="10.9967854"><ele>85.6</ele><time>2024-06-12T19:17:40.1000Z</time></trkpt>
   <trkpt lat="46.4994199" lon="10.9967688"><ele>85.7</ele><time>2024-06-12T19:17:40.200Z</time></trkpt>
   <trkpt lat="46.4994109" lon="10.9967509"><ele>85.8</ele><time>2024-06-12T19:17:40.400Z</time></trkpt>
   <trkpt lat="46.4994031" lon="10.9967319"><ele>85.9</ele><time>2024-06-12T19:17:40.600Z</time></trkpt>
   <trkpt lat="46.4993966" lon="10.9967118"><ele>86.0</ele><time>2024-06-12T19:17:40.800Z</time></trkpt>
   <trkpt lat="46.4993914" lon="10.9966910"><ele>86.1</ele><time>2024-06-12T19:17:41.1000Z</time></trkpt>
   <trkpt lat="46.4993876" lon="10.9966695"><ele>86.2</ele><time>2024-06-12T19:17:41.200Z</time></trkpt>
   <trkpt lat="46.4993852" lon="10.9966476"><ele>86.3</ele><time>2024-06-12T19:17:41.400Z</time></trkpt>
   <trkpt lat="46.4993842" lon="10.9966255"><ele>86.4</ele><time>2024-06-12T19:17:41.600Z</time></trkpt>
   <trkpt lat="46.4993846" lon="10.9966033"><ele>86.5</ele><time>2024-06-12T19:17:41.800Z</time></trkpt>
   <trkpt lat="46.4993865" lon="10.9965813"><ele>86.6</ele><time>2024-06-12T19:17:42.1000Z</time></trkpt>
   <trkpt lat="46.4993899" lon="10.9965597"><ele>86.7</ele><time>2024-06-12T19:17:42.200Z</time></trkpt>
   <trkpt lat="46.4993946" lon="10.9965386"><ele>86.8</ele><time>2024-06-12T19:17:42.400Z</time></trkpt>
   <trkpt lat="46.4994006" lon="10.9965182"><ele>86.9</ele><time>2024-06-12T19:17:42.600Z</time></trkpt>
   <trkpt lat="46.4994079" lon="10.9964988"><ele>87.0</ele><time>2024-06-12T19:17:42.800Z</time></trkpt>
   <trkpt lat="46.4994165" lon="10.9964804"><ele>87.1</ele><time>2024-06-12T19:17:43.1000Z</time></trkpt>
   <trkpt lat="46.4994262" lon="10.9964633"><ele>87.2</ele><time>2024-06-12T19:17:43.200Z</time></trkpt>
   <trkpt lat="46.4994370" lon="10.9964476"><ele>87.3</ele><time>2024-06-12T19:17:43.400Z</time></trkpt>
   <trkpt lat="46.4994488" lon="10.9964335"><ele>87.4</ele><time>2024-06-12T19:17:43.600Z</time></trkpt>
   <trkpt lat="46.4994614" lon="10.9964210"><ele>87.5</ele><time>2024-06-12T19:17:43.800Z</time></trkpt>
   <trkpt lat="46.4994747" lon="10.9964103"><ele>87.6</ele><time>2024-06-12T19:17:44.1000Z</time></trkpt>
   <trkpt lat="46.4994887" lon="10.9964015"><ele>87.7</ele><time>2024-06-12T19:17:44.200Z</time></trkpt>
   <trkpt lat="46.4994961" lon="10.9963977"><ele>87.8</ele><time>2024-06-12T19:17:44.400Z</time></trkpt>
   <trkpt lat="46.4995149" lon="10.9963889"><ele>87.9</ele><time>2024-06-12T19:17:44.600Z</time></trkpt>
   <trkpt lat="46.4995337" lon="10.9963800"><ele>88.1</ele><time>2024-06-12T19:17:44.800Z</time></trkpt>
   <trkpt lat="46.4995525" lon="10.9963711"><ele>88.2</ele><time>2024-06-12T19:17:45.1000Z</time></trkpt>
   <trkpt lat="46.4995713" lon="10.9963622"><ele>88.3</ele><time>2024-06-12T19:17:45.200Z</time></trkpt>
   <trkpt lat="46.4995901" lon="10.9963533"><ele>88.5</ele><time>2024-06-12T19:17:45.400Z</time></trkpt>
   <trkpt lat="46.4996090" lon="10.9963444"><ele>88.6</ele><time>2024-06-12T19:17:45.600Z</time></trkpt>
   <trkpt lat="46.4996278" lon="10.9963356"><ele>88.7</ele><time>2024-06-12T19:17:45.800Z</time></trkpt>
   <trkpt lat="46.4996466" lon="10.9963267"><ele>88.8</ele><time>2024-06-12T19:17:46.1000Z</time></trkpt>
   <trkpt lat="46.4996654" lon="10.9963178"><ele>89.0</ele><time>2024-06-12T19:17:46.200Z</time></trkpt>
   <trkpt lat="46.4996842" lon="10.9963089"><ele>89.1</ele><time>2024-06-12T19:17:46.400Z</time></trkpt>
   <trkpt lat="46.4997030" lon="10.9963000"><ele>89.2</ele><time>2024-06-12T19:17:46.600Z</time></trkpt>
   <trkpt lat="46.4997219" lon="10.9962912"><ele>89.4</ele><time>2024-06-12T19:17:46.800Z</time></trkpt>
   <trkpt lat="46.4997407" lon="10.9962823"><ele>89.5</ele><time>2024-06-12T19:17:47.1000Z</time></trkpt>
   <trkpt lat="46.4997595" lon="10.9962734"><ele>89.6</ele><time>2024-06-12T19:17:47.200Z</time></trkpt>
   <trkpt lat="46.4997783" lon="10.9962645"><ele>89.8</ele><time>2024-06-12T19:17:47.400Z</time></trkpt>
   <trkpt lat="46.4997971" lon="10.9962556"><ele>89.9</ele><time>2024-06-12T19:17:47.600Z</time></trkpt>
   <trkpt lat="46.4998159" lon="10.9962467"><ele>90.0</ele><time>2024-06-12T19:17:47.800Z</time></trkpt>
   <trkpt lat="46.4998348" lon="10.9962379"><ele>90.2</ele><time>2024-06-12T19:17:48.1000Z</time></trkpt>
   <trkpt lat="46.4998536" lon="10.9962290"><ele>90.3</ele><time>2024-06-12T19:17:48.200Z</time></trkpt>
   <trkpt lat="46.4998724" lon="10.9962201"><ele>90.4</ele><time>2024-06-12T19:17:48.400Z</time></trkpt>
   <trkpt lat="46.4998912" lon="10.9962112"><ele>90.6</ele><time>2024-06-12T19:17:48.600Z</time></trkpt>
   <trkpt lat="46.4999100" lon="10.9962023"><ele>90.7</ele><time>2024-06-12T19:17:48.800Z</time></trkpt>
   <trkpt lat="46.4999288" lon="10.9961935"><ele>90.8</ele><time>2024-06-12T19:17:49.1000Z</time></trkpt>
   <trkpt lat="46.4999477" lon="10.9961846"><ele>91.0</ele><time>2024-06-12T19:17:49.200Z</time></trkpt>
   <trkpt lat="46.4999665" lon="10.9961757"><ele>91.1</ele><time>2024-06-12T19:17:49.400Z</time></trkpt>
   <trkpt lat="46.4999853" lon="10.9961668"><ele>91.2</ele><time>2024-06-12T19:17:49.600Z</time></trkpt>
   <trkpt lat="46.5000041" lon="10.9961579"><ele>91.4</ele><time>2024-06-12T19:17:49.800Z</time></trkpt>
   <trkpt lat="46.5000229" lon="10.9961490"><ele>91.5</ele><time>2024-06-12T19:17:50.1000Z</time></trkpt>
   <trkpt lat="46.5000417" lon="10.9961402"><ele>91.6</ele><time>2024-06-12T19:17:50.200Z</time></trkpt>
   <trkpt lat="46.5000606" lon="10.9961313"><ele>91.8</ele><time>2024-06-12T19:17:50.400Z</time></trkpt>
   <trkpt lat="46.5000794" lon="10.9961224"><ele>91.9</ele><time>2024-06-12T19:17:50.600Z</time></trkpt>
   <trkpt lat="46.5000982" lon="10.9961135"><ele>92.0</ele><time>2024-06-12T19:17:50.800Z</time></trkpt>
   <trkpt lat="46.5001170" lon="10.9961046"><ele>92.1</ele><time>2024-06-12T19:17:51.1000Z</time></trkpt>
   <trkpt lat="46.5001358" lon="10.9960958"><ele>92.3</ele><time>2024-06-12T19:17:51.200Z</time></trkpt>
   <trkpt lat="46.5001546" lon="10.9960869"><ele>92.4</ele><time>2024-06-12T19:17:51.400Z</time></trkpt>
   <trkpt lat="46.5001735" lon="10.9960780"><ele>92.5</ele><time>2024-06-12T19:17:51.600Z</time></trkpt>
   <trkpt lat="46.5001923" lon="10.9960691"><ele>92.7</ele><time>2024-06-12T19:17:51.800Z</time></trkpt>
   <trkpt lat="46.5002111" lon="10.9960602"><ele>92.8</ele><time>2024-06-12T19:17:52.1000Z</time></trkpt>
   <trkpt lat="46.5002299" lon="10.9960513"><ele>92.9</ele><time>2024-06-12T19:17:52.200Z</time></trkpt>
   <trkpt lat="46.5002487" lon="10.9960425"><ele>93.1</ele><time>2024-06-12T19:17:52.400Z</time></trkpt>
   <trkpt lat="46.5002675" lon="10.9960336"><ele>93.2</ele><time>2024-06-12T19:17:52.600Z</time></trkpt>
   <trkpt lat="46.5002864" lon="10.9960247"><ele>93.3</ele><time>2024-06-12T19:17:52.800Z</time></trkpt>
   <trkpt lat="46.5003052" lon="10.9960158"><ele>93.5</ele><time>2024-06-12T19:17:53.1000Z</time></trkpt>
   <trkpt lat="46.5003240" lon="10.9960069"><ele>93.6</ele><time>2024-06-12T19:17:53.200Z</time></trkpt>
   <trkpt lat="46.5003428" lon="10.9959980"><ele>93.7</ele><time>2024-06-12T19:17:53.400Z</time></trkpt>
   <trkpt lat="46.5003616" lon="10.9959892"><ele>93.9</ele><time>2024-06-12T19:17:53.600Z</time></trkpt>
   <trkpt lat="46.5003804" lon="10.9959803"><ele>94.0</ele><time>2024-06-12T19:17:53.800Z</time></trkpt>
   <trkpt lat="46.5003993" lon="10.9959714"><ele>94.1</ele><time>2024-06-12T19:17:54.1000Z</time></trkpt>
   <trkpt lat="46.5004181" lon="10.9959625"><ele>94.3</ele><time>2024-06-12T19:17:54.200Z</time></trkpt>
   <trkpt lat="46.5004369" lon="10.9959536"><ele>94.4</ele><time>2024-06-12T19:17:54.400Z</time></trkpt>
   <trkpt lat="46.5004557" lon="10.9959448"><ele>94.5</ele><time>2024-06-12T19:17:54.600Z</time></trkpt>
   <trkpt lat="46.5004745" lon="10.9959359"><ele>94.7</ele><time>2024-06-12T19:17:54.800Z</time></trkpt>
   <trkpt lat="46.5004933" lon="10.9959270"><ele>94.8</ele><time>2024-06-12T19:17:55.1000Z</time></trkpt>
   <trkpt lat="46.5005122" lon="10.9959181"><ele>94.9</ele><time>2024-06-12T19:17:55.200Z</time></trkpt>
   <trkpt lat="46.5005310" lon="10.9959092"><ele>95.1</ele><time>2024-06-12T19:17:55.400Z</time></trkpt>
   <trkpt lat="46.5005498" lon="10.9959003"><ele>95.2</ele><time>2024-06-12T19:17:55.600Z</time></trkpt>
   <trkpt lat="46.5005686" lon="10.9958915"><ele>95.3</ele><time>2024-06-12T19:17:55.800Z</time></trkpt>
   <trkpt lat="46.5005874" lon="10.9958826"><ele>95.4</ele><time>2024-06-12T19:17:56.1000Z</time></trkpt>
   <trkpt lat="46.5006062" lon="10.9958737"><ele>95.6</ele><time>2024-06-12T19:17:56.200Z</time></trkpt>
   <trkpt lat="46.5006251" lon="10.9958648"><ele>95.7</ele><time>2024-06-12T19:17:56.400Z</time></trkpt>
   <trkpt lat="46.5006439" lon="10.9958559"><ele>95.8</ele><time>2024-06-12T19:17:56.600Z</time></trkpt>
   <trkpt lat="46.5006627" lon="10.9958471"><ele>96.0</ele><time>2024-06-12T19:17:56.800Z</time></trkpt>
   <trkpt lat="46.5006815" lon="10.9958382"><ele>96.1</ele><time>2024-06-12T19:17:57.1000Z</time></trkpt>
   <trkpt lat="46.5007003" lon="10.9958293"><ele>96.2</ele><time>2024-06-12T19:17:57.200Z</time></trkpt>
   <trkpt lat="46.5007191" lon="10.9958204"><ele>96.4</ele><time>2024-06-12T19:17:57.400Z</time></trkpt>
   <trkpt lat="46.5007380" lon="10.9958115"><ele>96.5</ele><time>2024-06-12T19:17:57.600Z</time></trkpt>
   <trkpt lat="46.5007568" lon="10.9958026"><ele>96.6</ele><time>2024-06-12T19:17:57.800Z</time></trkpt>
   <trkpt lat="46.5007756" lon="10.9957938"><ele>96.8</ele><time>2024-06-12T19:17:58.1000Z</time></trkpt>
   <trkpt lat="46.5007944" lon="10.9957849"><ele>96.9</ele><time>2024-06-12T19:17:58.200Z</time></trkpt>
   <trkpt lat="46.5008132" lon="10.9957760"><ele>97.0</ele><time>2024-06-12T19:17:58.400Z</time></trkpt>
   <trkpt lat="46.5008320" lon="10.9957671"><ele>97.2</ele><time>2024-06-12T19:17:58.600Z</time></trkpt>
   <trkpt lat="46.5008509" lon="10.9957582"><ele>97.3</ele><time>2024-06-12T19:17:58.800Z</time></trkpt>
   <trkpt lat="46.5008697" lon="10.9957494"><ele>97.4</ele><time>2024-06-12T19:17:59.1000Z</time></trkpt>
   <trkpt lat="46.5008885" lon="10.9957405"><ele>97.6</ele><time>2024-06-12T19:17:59.200Z</time></trkpt>
   <trkpt lat="46.5009073" lon="10.9957316"><ele>97.7</ele><time>2024-06-12T19:17:59.400Z</time></trkpt>
   <trkpt lat="46.5009261" lon="10.9957227"><ele>97.8</ele><time>2024-06-12T19:17:59.600Z</time></trkpt>
   <trkpt lat="46.5009449" lon="10.9957138"><ele>98.0</ele><time>2024-06-12T19:17:59.800Z</time></trkpt>
   <trkpt lat="46.5009638" lon="10.9957049"><ele>98.1</ele><time>2024-06-12T19:18:00.1000Z</time></trkpt>
   <trkpt lat="46.5009826" lon="10.9956961"><ele>98.2</ele><time>2024-06-12T19:18:00.200Z</time></trkpt>
   <trkpt lat="46.5010014" lon="10.9956872"><ele>98.4</ele><time>2024-06-12T19:18:00.400Z</time></trkpt>
   <trkpt lat="46.5010202" lon="10.9956783"><ele>98.5</ele><time>2024-06-12T19:18:00.600Z</time></trkpt>
   <trkpt lat="46.5010390" lon="10.9956694"><ele>98.6</ele><time>2024-06-12T19:18:00.800Z</time></trkpt>
   <trkpt lat="46.5010578" lon="10.9956605"><ele>98.7</ele><time>2024-06-12T19:18:01.1000Z</time></trkpt>
   <trkpt lat="46.5010767" lon="10.9956517"><ele>98.9</ele><time>2024-06-12T19:18:01.200Z</time></trkpt>
   <trkpt lat="46.5010955" lon="10.9956428"><ele>99.0</ele><time>2024-06-12T19:18:01.400Z</time></trkpt>
   <trkpt lat="46.5011143" lon="10.9956339"><ele>99.1</ele><time>2024-06-12T19:18:01.600Z</time></trkpt>
   <trkpt lat="46.5011331" lon="10.9956250"><ele>99.3</ele><time>2024-06-12T19:18:01.800Z</time></trkpt>
   <trkpt lat="46.5011519" lon="10.9956161"><ele>99.4</ele><time>2024-06-12T19:18:02.1000Z</time></trkpt>
   <trkpt lat="46.5011707" lon="10.9956072"><ele>99.5</ele><time>2024-06-12T19:18:02.200Z</time></trkpt>
   <trkpt lat="46.5011896" lon="10.9955984"><ele>99.7</ele><time>2024-06-12T19:18:02.400Z</time></trkpt>
   <trkpt lat="46.5012067" lon="10.9955903"><ele>99.8</ele><time>2024-06-12T19:18:02.600Z</time></trkpt>
   <trkpt lat="46.5012213" lon="10.9955823"><ele>99.9</ele><time>2024-06-12T19:18:02.800Z</time></trkpt>
   <trkpt lat="46.5012354" lon="10.9955723"><ele>100.0</ele><time>2024-06-12T19:18:03.1000Z</time></trkpt>
   <trkpt lat="46.5012489" lon="10.9955605"><ele>100.1</ele><time>2024-06-12T19:18:03.200Z</time></trkpt>
   <trkpt lat="46.5012615" lon="10.9955470"><ele>100.2</ele><time>2024-06-12T19:18:03.400Z</time></trkpt>
   <trkpt lat="46.5012732" lon="10.9955319"><ele>100.3</ele><time>2024-06-12T19:18:03.600Z</time></trkpt>
   <trkpt lat="46.5012839" lon="10.9955152"><ele>100.4</ele><time>2024-06-12T19:18:03.800Z</time></trkpt>
   <trkpt lat="46.5012935" lon="10.9954972"><ele>100.5</ele><time>2024-06-12T19:18:04.1000Z</time></trkpt>
   <trkpt lat="46.5013020" lon="10.9954780"><ele>100.6</ele><time>2024-06-12T19:18:04.200Z</time></trkpt>
   <trkpt lat="46.5013092" lon="10.9954578"><ele>100.7</ele><time>2024-06-12T19:18:04.400Z</time></trkpt>
   <trkpt lat="46.5013150" lon="10.9954367"><ele>100.8</ele><time>2024-06-12T19:18:04.600Z</time></trkpt>
   <trkpt lat="46.5013196" lon="10.9954149"><ele>100.9</ele><time>2024-06-12T19:18:04.800Z</time></trkpt>
   <trkpt lat="46.5013227" lon="10.9953926"><ele>101.0</ele><time>2024-06-12T19:18:05.1000Z</time></trkpt>
   <trkpt lat="46.5013244" lon="10.9953699"><ele>101.2</ele><time>2024-06-12T19:18:05.200Z</time></trkpt>
   <trkpt lat="46.5013247" lon="10.9953471"><ele>101.3</ele><time>2024-06-12T19:18:05.400Z</time></trkpt>
   <trkpt lat="46.5013235" lon="10.9953244"><ele>101.4</ele><time>2024-06-12T19:18:05.600Z</time></trkpt>
   <trkpt lat="46.5013210" lon="10.9953020"><ele>101.5</ele><time>2024-06-12T19:18:05.800Z</time></trkpt>
   <trkpt lat="46.5013170" lon="10.9952799"><ele>101.6</ele><time>2024-06-12T19:18:06.1000Z</time></trkpt>
   <trkpt lat="46.5013116" lon="10.9952585"><ele>101.7</ele><time>2024-06-12T19:18:06.200Z</time></trkpt>
   <trkpt lat="46.5013049" lon="10.9952379"><ele>101.8</ele><time>2024-06-12T19:18:06.400Z</time></trkpt>
   <trkpt lat="46.5012969" lon="10.9952183"><ele>101.9</ele><time>2024-06-12T19:18:06.600Z</time></trkpt>
   <trkpt lat="46.5012878" lon="10.9951998"><ele>102.0</ele><time>2024-06-12T19:18:06.800Z</time></trkpt>
   <trkpt lat="46.5012775" lon="10.9951827"><ele>102.1</ele><time>2024-06-12T19:18:07.1000Z</time></trkpt>
   <trkpt lat="46.5012661" lon="10.9951669"><ele>102.2</ele><time>2024-06-12T19:18:07.200Z</time></trkpt>
   <trkpt lat="46.5012539" lon="10.9951528"><ele>102.3</ele><time>2024-06-12T19:18:07.400Z</time></trkpt>
   <trkpt lat="46.5012407" lon="10.9951403"><ele>102.4</ele><time>2024-06-12T19:18:07.600Z</time></trkpt>
   <trkpt lat="46.5012269" lon="10.9951296"><ele>102.5</ele><time>2024-06-12T19:18:07.800Z</time></trkpt>
   <trkpt lat="46.5012124" lon="10.9951208"><ele>102.6</ele><time>2024-06-12T19:18:08.1000Z</time></trkpt>
   <trkpt lat="46.5011975" lon="10.9951140"><ele>102.7</ele><time>2024-06-12T19:18:08.200Z</time></trkpt>
   <trkpt lat="46.5011894" lon="10.9951112"><ele>102.8</ele><time>2024-06-12T19:18:08.400Z</time></trkpt>
   <trkpt lat="46.5011700" lon="10.9951053"><ele>102.9</ele><time>2024-06-12T19:18:08.600Z</time></trkpt>
   <trkpt lat="46.5011507" lon="10.9950993"><ele>103.0</ele><time>2024-06-12T19:18:08.800Z</time></trkpt>
   <trkpt lat="46.5011313" lon="10.9950933"><ele>103.2</ele><time>2024-06-12T19:18:09.1000Z</time></trkpt>
   <trkpt lat="46.5011120" lon="10.9950873"><ele>103.3</ele><time>2024-06-12T19:18:09.200Z</time></trkpt>
   <trkpt lat="46.5010926" lon="10.9950814"><ele>103.4</ele><time>2024-06-12T19:18:09.400Z</time></trkpt>
   <trkpt lat="46.5010733" lon="10.9950754"><ele>103.6</ele><time>2024-06-12T19:18:09.600Z</time></trkpt>
   <trkpt lat="46.5010539" lon="10.9950694"><ele>103.7</ele><time>2024-06-12T19:18:09.800Z</time></trkpt>
   <trkpt lat="46.5010346" lon="10.9950634"><ele>103.8</ele><time>2024-06-12T19:18:10.1000Z</time></trkpt>
   <trkpt lat="46.5010152" lon="10.9950575"><ele>104.0</ele><time>2024-06-12T19:18:10.200Z</time></trkpt>
   <trkpt lat="46.5009959" lon="10.9950515"><ele>104.1</ele><time>2024-06-12T19:18:10.400Z</time></trkpt>
   <trkpt lat="46.5009765" lon="10.9950455"><ele>104.2</ele><time>2024-06-12T19:18:10.600Z</time></trkpt>
   <trkpt lat="46.5009572" lon="10.9950395"><ele>104.4</ele><time>2024-06-12T19:18:10.800Z</time></trkpt>
   <trkpt lat="46.5009378" lon="10.9950335"><ele>104.5</ele><time>2024-06-12T19:18:11.1000Z</time></trkpt>
   <trkpt lat="46.5009184" lon="10.9950276"><ele>104.6</ele><time>2024-06-12T19:18:11.200Z</time></trkpt>
   <trkpt lat="46.5008991" lon="10.9950216"><ele>104.8</ele><time>2024-06-12T19:18:11.400Z</time></trkpt>
   <trkpt lat="46.5008797" lon="10.9950156"><ele>104.9</ele><time>2024-06-12T19:18:11.600Z</time></trkpt>
   <trkpt lat="46.5008604" lon="10.9950096"><ele>105.0</ele><time>2024-06-12T19:18:11.800Z</time></trkpt>
   <trkpt lat="46.5008410" lon="10.9950037"><ele>105.2</ele><time>2024-06-12T19:18:12.1000Z</time></trkpt>
   <trkpt lat="46.5008217" lon="10.9949977"><ele>105.3</ele><time>2024-06-12T19:18:12.200Z</time></trkpt>
   <trkpt lat="46.5008023" lon="10.9949917"><ele>105.4</ele><time>2024-06-12T19:18:12.400Z</time></trkpt>
   <trkpt lat="46.5007830" lon="10.9949857"><ele>105.5</ele><time>2024-06-12T19:18:12.600Z</time></trkpt>
   <trkpt lat="46.5007636" lon="10.9949798"><ele>105.7</ele><time>2024-06-12T19:18:12.800Z</time></trkpt>
   <trkpt lat="46.5007443" lon="10.9949738"><ele>105.8</ele><time>2024-06-12T19:18:13.1000Z</time></trkpt>
   <trkpt lat="46.5007249" lon="10.9949678"><ele>105.9</ele><time>2024-06-12T19:18:13.200Z</time></trkpt>
   <trkpt lat="46.5007056" lon="10.9949618"><ele>106.1</ele><time>2024-06-12T19:18:13.400Z</time></trkpt>
   <trkpt lat="46.5006862" lon="10.9949559"><ele>106.2</ele><time>2024-06-12T19:18:13.600Z</time></trkpt>
   <trkpt lat="46.5006669" lon="10.9949499"><ele>106.3</ele><time>2024-06-12T19:18:13.800Z</time></trkpt>
   <trkpt lat="46.5006475" lon="10.9949439"><ele>106.5</ele><time>2024-06-12T19:18:14.1000Z</time></trkpt>
   <trkpt lat="46.5006282" lon="10.9949379"><ele>106.6</ele><time>2024-06-12T19:18:14.200Z</time></trkpt>
   <trkpt lat="46.5006088" lon="10.9949320"><ele>106.7</ele><time>2024-06-12T19:18:14.400Z</time></trkpt>
   <trkpt lat="46.5005895" lon="10.9949260"><ele>106.9</ele><time>2024-06-12T19:18:14.600Z</time></trkpt>
   <trkpt lat="46.5005701" lon="10.9949200"><ele>107.0</ele><time>2024-06-12T19:18:14.800Z</time></trkpt>
   <trkpt lat="46.5005507" lon="10.9949140"><ele>107.1</ele><time>2024-06-12T19:18:15.1000Z</time></trkpt>
   <trkpt lat="46.5005314" lon="10.9949081"><ele>107.3</ele><time>2024-06-12T19:18:15.200Z</time></trkpt>
   <trkpt lat="46.5005120" lon="10.9949021"><ele>107.4</ele><time>2024-06-12T19:18:15.400Z</time></trkpt>
   <trkpt lat="46.5004927" lon="10.9948961"><ele>107.5</ele><time>2024-06-12T19:18:15.600Z</time></trkpt>
   <trkpt lat="46.5004733" lon="10.9948901"><ele>107.7</ele><time>2024-06-12T19:18:15.800Z</time></trkpt>
   <trkpt lat="46.5004540" lon="10.9948841"><ele>107.8</ele><time>2024-06-12T19:18:16.1000Z</time></trkpt>
   <trkpt lat="46.5004346" lon="10.9948782"><ele>107.9</ele><time>2024-06-12T19:18:16.200Z</time></trkpt>
   <trkpt lat="46.5004153" lon="10.9948722"><ele>108.1</ele><time>2024-06-12T19:18:16.400Z</time></trkpt>
   <trkpt lat="46.5003959" lon="10.9948662"><ele>108.2</ele><time>2024-06-12T19:18:16.600Z</time></trkpt>
   <trkpt lat="46.5003766" lon="10.9948602"><ele>108.3</ele><time>2024-06-12T19:18:16.800Z</time></trkpt>
   <trkpt lat="46.5003572" lon="10.9948543"><ele>108.5</ele><time>2024-06-12T19:18:17.1000Z</time></trkpt>
   <trkpt lat="46.5003379" lon="10.9948483"><ele>108.6</ele><time>2024-06-12T19:18:17.200Z</time></trkpt>
   <trkpt lat="46.5003185" lon="10.9948423"><ele>108.7</ele><time>2024-06-12T19:18:17.400Z</time></trkpt>
   <trkpt lat="46.5002992" lon="10.9948363"><ele>108.8</ele><time>2024-06-12T19:18:17.600Z</time></trkpt>
   <trkpt lat="46.5002798" lon="10.9948304"><ele>109.0</ele><time>2024-06-12T19:18:17.800Z</time></trkpt>
   <trkpt lat="46.5002605" lon="10.9948244"><ele>109.1</ele><time>2024-06-12T19:18:18.1000Z</time></trkpt>
   <trkpt lat="46.5002411" lon="10.9948184"><ele>109.2</ele><time>2024-06-12T19:18:18.200Z</time></trkpt>
   <trkpt lat="46.5002218" lon="10.9948124"><ele>109.4</ele><time>2024-06-12T19:18:18.400Z</time></trkpt>
   <trkpt lat="46.5002024" lon="10.9948065"><ele>109.5</ele><time>2024-06-12T19:18:18.600Z</time></trkpt>
   <trkpt lat="46.5001830" lon="10.9948005"><ele>109.6</ele><time>2024-06-12T19:18:18.800Z</time></trkpt>
   <trkpt lat="46.5001637" lon="10.9947945"><ele>109.8</ele><time>2024-06-12T19:18:19.1000Z</time></trkpt>
   <trkpt lat="46.5001443" lon="10.9947885"><ele>109.9</ele><time>2024-06-12T19:18:19.200Z</time></trkpt>
   <trkpt lat="46.5001250" lon="10.9947826"><ele>110.0</ele><time>2024-06-12T19:18:19.400Z</time></trkpt>
   <trkpt lat="46.5001056" lon="10.9947766"><ele>110.2</ele><time>2024-06-12T19:18:19.600Z</time></trkpt>
   <trkpt lat="46.5000863" lon="10.9947706"><ele>110.3</ele><time>2024-06-12T19:18:19.800Z</time></trkpt>
   <trkpt lat="46.5000669" lon="10.9947646"><ele>110.4</ele><time>2024-06-12T19:18:20.1000Z</time></trkpt>
   <trkpt lat="46.5000476" lon="10.9947587"><ele>110.6</ele><time>2024-06-12T19:18:20.200Z</time></trkpt>
   <trkpt lat="46.5000282" lon="10.9947527"><ele>110.7</ele><time>2024-06-12T19:18:20.400Z</time></trkpt>
   <trkpt lat="46.5000089" lon="10.9947467"><ele>110.8</ele><time>2024-06-12T19:18:20.600Z</time></trkpt>
   <trkpt lat="46.4999895" lon="10.9947407"><ele>111.0</ele><time>2024-06-12T19:18:20.800Z</time></trkpt>
   <trkpt lat="46.4999702" lon="10.9947348"><ele>111.1</ele><time>2024-06-12T19:18:21.1000Z</time></trkpt>
   <trkpt lat="46.4999508" lon="10.9947288"><ele>111.2</ele><time>2024-06-12T19:18:21.200Z</time></trkpt>
   <trkpt lat="46.4999315" lon="10.9947228"><ele>111.4</ele><time>2024-06-12T19:18:21.400Z</time></trkpt>
   <trkpt lat="46.4999121" lon="10.9947168"><ele>111.5</ele><time>2024-06-12T19:18:21.600Z</time></trkpt>
   <trkpt lat="46.4998928" lon="10.9947108"><ele>111.6</ele><time>2024-06-12T19:18:21.800Z</time></trkpt>
   <trkpt lat="46.4998734" lon="10.9947049"><ele>111.8</ele><time>2024-06-12T19:18:22.1000Z</time></trkpt>
   <trkpt lat="46.4998540" lon="10.9946989"><ele>111.9</ele><time>2024-06-12T19:18:22.200Z</time></trkpt>
   <trkpt lat="46.4998347" lon="10.9946929"><ele>112.0</ele><time>2024-06-12T19:18:22.400Z</time></trkpt>
   <trkpt lat="46.4998153" lon="10.9946869"><ele>112.1</ele><time>2024-06-12T19:18:22.600Z</time></trkpt>
   <trkpt lat="46.4997960" lon="10.9946810"><ele>112.3</ele><time>2024-06-12T19:18:22.800Z</time></trkpt>
   <trkpt lat="46.4997766" lon="10.9946750"><ele>112.4</ele><time>2024-06-12T19:18:23.1000Z</time></trkpt>
   <trkpt lat="46.4997573" lon="10.9946690"><ele>112.5</ele><time>2024-06-12T19:18:23.200Z</time></trkpt>
   <trkpt lat="46.4997379" lon="10.9946630"><ele>112.7</ele><time>2024-06-12T19:18:23.400Z</time></trkpt>
   <trkpt lat="46.4997186" lon="10.9946571"><ele>112.8</ele><time>2024-06-12T19:18:23.600Z</time></trkpt>
   <trkpt lat="46.4996992" lon="10.9946511"><ele>112.9</ele><time>2024-06-12T19:18:23.800Z</time></trkpt>
   <trkpt lat="46.4996799" lon="10.9946451"><ele>113.1</ele><time>2024-06-12T19:18:24.1000Z</time></trkpt>
   <trkpt lat="46.4996605" lon="10.9946391"><ele>113.2</ele><time>2024-06-12T19:18:24.200Z</time></trkpt>
   <trkpt lat="46.4996412" lon="10.9946332"><ele>113.3</ele><time>2024-06-12T19:18:24.400Z</time></trkpt>
   <trkpt lat="46.4996218" lon="10.9946272"><ele>113.5</ele><time>2024-06-12T19:18:24.600Z</time></trkpt>
   <trkpt lat="46.4996025" lon="10.9946212"><ele>113.6</ele><time>2024-06-12T19:18:24.800Z</time></trkpt>
   <trkpt lat="46.4995831" lon="10.9946152"><ele>113.7</ele><time>2024-06-12T19:18:25.1000Z</time></trkpt>
   <trkpt lat="46.4995638" lon="10.9946093"><ele>113.9</ele><time>2024-06-12T19:18:25.200Z</time></trkpt>
   <trkpt lat="46.4995444" lon="10.9946033"><ele>114.0</ele><time>2024-06-12T19:18:25.400Z</time></trkpt>
   <trkpt lat="46.4995251" lon="10.9945973"><ele>114.1</ele><time>2024-06-12T19:18:25.600Z</time></trkpt>
   <trkpt lat="46.4995057" lon="10.9945913"><ele>114.3</ele><time>2024-06-12T19:18:25.800Z</time></trkpt>
   <trkpt lat="46.4994863" lon="10.9945854"><ele>114.4</ele><time>2024-06-12T19:18:26.1000Z</time></trkpt>
   <trkpt lat="46.4994670" lon="10.9945794"><ele>114.5</ele><time>2024-06-12T19:18:26.200Z</time></trkpt>
   <trkpt lat="46.4994476" lon="10.9945734"><ele>114.7</ele><time>2024-06-12T19:18:26.400Z</time></trkpt>
   <trkpt lat="46.4994283" lon="10.9945674"><ele>114.8</ele><time>2024-06-12T19:18:26.600Z</time></trkpt>
   <trkpt lat="46.4994089" lon="10.9945614"><ele>114.9</ele><time>2024-06-12T19:18:26.800Z</time></trkpt>
   <trkpt lat="46.4993896" lon="10.9945555"><ele>115.1</ele><time>2024-06-12T19:18:27.1000Z</time></trkpt>
   <trkpt lat="46.4993702" lon="10.9945495"><ele>115.2</ele><time>2024-06-12T19:18:27.200Z</time></trkpt>
   <trkpt lat="46.4993509" lon="10.9945435"><ele>115.3</ele><time>2024-06-12T19:18:27.400Z</time></trkpt>
   <trkpt lat="46.4993315" lon="10.9945375"><ele>115.4</ele><time>2024-06-12T19:18:27.600Z</time></trkpt>
   <trkpt lat="46.4993122" lon="10.9945316"><ele>115.6</ele><time>2024-06-12T19:18:27.800Z</time></trkpt>
   <trkpt lat="46.4992928" lon="10.9945256"><ele>115.7</ele><time>2024-06-12T19:18:28.1000Z</time></trkpt>
   <trkpt lat="46.4992735" lon="10.9945196"><ele>115.8</ele><time>2024-06-12T19:18:28.200Z</time></trkpt>
   <trkpt lat="46.4992541" lon="10.9945136"><ele>116.0</ele><time>2024-06-12T19:18:28.400Z</time></trkpt>
   <trkpt lat="46.4992385" lon="10.9945078"><ele>116.1</ele><time>2024-06-12T19:18:28.600Z</time></trkpt>
   <trkpt lat="46.4992234" lon="10.9944999"><ele>116.2</ele><time>2024-06-12T19:18:28.800Z</time></trkpt>
   <trkpt lat="46.4992088" lon="10.9944901"><ele>116.3</ele><time>2024-06-12T19:18:29.1000Z</time></trkpt>
   <trkpt lat="46.4991949" lon="10.9944784"><ele>116.4</ele><time>2024-06-12T19:18:29.200Z</time></trkpt>
   <trkpt lat="46.4991817" lon="10.9944650"><ele>116.5</ele><time>2024-06-12T19:18:29.400Z</time></trkpt>
   <trkpt lat="46.4991694" lon="10.9944499"><ele>116.6</ele><time>2024-06-12T19:18:29.600Z</time></trkpt>
   <trkpt lat="46.4991581" lon="10.9944333"><ele>116.7</ele><time>2024-06-12T19:18:29.800Z</time></trkpt>
   <trkpt lat="46.4991478" lon="10.9944153"><ele>116.8</ele><time>2024-06-12T19:18:30.1000Z</time></trkpt>
   <trkpt lat="46.4991387" lon="10.9943960"><ele>116.9</ele><time>2024-06-12T19:18:30.200Z</time></trkpt>
   <trkpt lat="46.4991309" lon="10.9943756"><ele>117.0</ele><time>2024-06-12T19:18:30.400Z</time></trkpt>
   <trkpt lat="46.4991243" lon="10.9943543"><ele>117.2</ele><time>2024-06-12T19:18:30.600Z</time></trkpt>
   <trkpt lat="46.4991190" lon="10.9943322"><ele>117.3</ele><time>2024-06-12T19:18:30.800Z</time></trkpt>
   <trkpt lat="46.4991151" lon="10.9943095"><ele>117.4</ele><time>2024-06-12T19:18:31.1000Z</time></trkpt>
   <trkpt lat="46.4991127" lon="10.9942864"><ele>117.5</ele><time>2024-06-12T19:18:31.200Z</time></trkpt>
   <trkpt lat="46.4991116" lon="10.9942631"><ele>117.6</ele><time>2024-06-12T19:18:31.400Z</time></trkpt>
   <trkpt lat="46.4991120" lon="10.9942398"><ele>117.7</ele><time>2024-06-12T19:18:31.600Z</time></trkpt>
   <trkpt lat="46.4991139" lon="10.9942165"><ele>117.8</ele><time>2024-06-12T19:18:31.800Z</time></trkpt>
   <trkpt lat="46.4991171" lon="10.9941937"><ele>117.9</ele><time>2024-06-12T19:18:32.1000Z</time></trkpt>
   <trkpt lat="46.4991218" lon="10.9941713"><ele>118.0</ele><time>2024-06-12T19:18:32.200Z</time></trkpt>
   <trkpt lat="46.4991278" lon="10.9941496"><ele>118.1</ele><time>2024-06-12T19:18:32.400Z</time></trkpt>
   <trkpt lat="46.4991351" lon="10.9941288"><ele>118.2</ele><time>2024-06-12T19:18:32.600Z</time></trkpt>
   <trkpt lat="46.4991437" lon="10.9941090"><ele>118.3</ele><time>2024-06-12T19:18:32.800Z</time></trkpt>
   <trkpt lat="46.4991534" lon="10.9940904"><ele>118.4</ele><time>2024-06-12T19:18:33.1000Z</time></trkpt>
   <trkpt lat="46.4991643" lon="10.9940732"><ele>118.6</ele><time>2024-06-12T19:18:33.200Z</time></trkpt>
   <trkpt lat="46.4991762" lon="10.9940574"><ele>118.7</ele><time>2024-06-12T19:18:33.400Z</time></trkpt>
   <trkpt lat="46.4991889" lon="10.9940432"><ele>118.8</ele><time>2024-06-12T19:18:33.600Z</time></trkpt>
   <trkpt lat="46.4992026" lon="10.9940308"><ele>118.9</ele><time>2024-06-12T19:18:33.800Z</time></trkpt>
   <trkpt lat="46.4992169" lon="10.9940201"><ele>119.0</ele><time>2024-06-12T19:18:34.1000Z</time></trkpt>
   <trkpt lat="46.4992241" lon="10.9940156"><ele>119.0</ele><time>2024-06-12T19:18:34.200Z</time></trkpt>
   <trkpt lat="46.4992425" lon="10.9940049"><ele>119.2</ele><time>2024-06-12T19:18:34.400Z</time></trkpt>
   <trkpt lat="46.4992608" lon="10.9939941"><ele>119.3</ele><time>2024-06-12T19:18:34.600Z</time></trkpt>
   <trkpt lat="46.4992792" lon="10.9939833"><ele>119.4</ele><time>2024-06-12T19:18:34.800Z</time></trkpt>
   <trkpt lat="46.4992975" lon="10.9939726"><ele>119.6</ele><time>2024-06-12T19:18:35.1000Z</time></trkpt>
   <trkpt lat="46.4993158" lon="10.9939618"><ele>119.7</ele><time>2024-06-12T19:18:35.200Z</time></trkpt>
   <trkpt lat="46.4993342" lon="10.9939510"><ele>119.8</ele><time>2024-06-12T19:18:35.400Z</time></trkpt>
   <trkpt lat="46.4993525" lon="10.9939403"><ele>120.0</ele><time>2024-06-12T19:18:35.600Z</time></trkpt>
   <trkpt lat="46.4993709" lon="10.9939295"><ele>120.1</ele><time>2024-06-12T19:18:35.800Z</time></trkpt>
   <trkpt lat="46.4993892" lon="10.9939187"><ele>120.2</ele><time>2024-06-12T19:18:36.1000Z</time></trkpt>
   <trkpt lat="46.4994076" lon="10.9939080"><ele>120.4</ele><time>2024-06-12T19:18:36.200Z</time></trkpt>
   <trkpt lat="46.4994259" lon="10.9938972"><ele>120.5</ele><time>2024-06-12T19:18:36.400Z</time></trkpt>
   <trkpt lat="46.4994443" lon="10.9938864"><ele>120.6</ele><time>2024-06-12T19:18:36.600Z</time></trkpt>
   <trkpt lat="46.4994626" lon="10.9938757"><ele>120.8</ele><time>2024-06-12T19:18:36.800Z</time></trkpt>
   <trkpt lat="46.4994809" lon="10.9938649"><ele>120.9</ele><time>2024-06-12T19:18:37.1000Z</time></trkpt>
   <trkpt lat="46.4994993" lon="10.9938541"><ele>121.0</ele><time>2024-06-12T19:18:37.200Z</time></trkpt>
   <trkpt lat="46.4995176" lon="10.9938433"><ele>121.1</ele><time>2024-06-12T19:18:37.400Z</time></trkpt>
   <trkpt lat="46.4995360" lon="10.9938326"><ele>121.3</ele><time>2024-06-12T19:18:37.600Z</time></trkpt>
   <trkpt lat="46.4995543" lon="10.9938218"><ele>121.4</ele><time>2024-06-12T19:18:37.800Z</time></trkpt>
   <trkpt lat="46.4995727" lon="10.9938110"><ele>121.5</ele><time>2024-06-12T19:18:38.1000Z</time></trkpt>
   <trkpt lat="46.4995910" lon="10.9938003"><ele>121.7</ele><time>2024-06-12T19:18:38.200Z</time></trkpt>
   <trkpt lat="46.4996094" lon="10.9937895"><ele>121.8</ele><time>2024-06-12T19:18:38.400Z</time></trkpt>
   <trkpt lat="46.4996277" lon="10.9937787"><ele>121.9</ele><time>2024-06-12T19:18:38.600Z</time></trkpt>
   <trkpt lat="46.4996460" lon="10.9937680"><ele>122.1</ele><time>2024-06-12T19:18:38.800Z</time></trkpt>
   <trkpt lat="46.4996644" lon="10.9937572"><ele>122.2</ele><time>2024-06-12T19:18:39.1000Z</time></trkpt>
   <trkpt lat="46.4996827" lon="10.9937464"><ele>122.3</ele><time>2024-06-12T19:18:39.200Z</time></trkpt>
   <trkpt lat="46.4997011" lon="10.9937357"><ele>122.5</ele><time>2024-06-12T19:18:39.400Z</time></trkpt>
   <trkpt lat="46.4997194" lon="10.9937249"><ele>122.6</ele><time>2024-06-12T19:18:39.600Z</time></trkpt>
   <trkpt lat="46.4997378" lon="10.9937141"><ele>122.7</ele><time>2024-06-12T19:18:39.800Z</time></trkpt>
   <trkpt lat="46.4997561" lon="10.9937034"><ele>122.9</ele><time>2024-06-12T19:18:40.1000Z</time></trkpt>
   <trkpt lat="46.4997745" lon="10.9936926"><ele>123.0</ele><time>2024-06-12T19:18:40.200Z</time></trkpt>
   <trkpt lat="46.4997928" lon="10.9936818"><ele>123.1</ele><time>2024-06-12T19:18:40.400Z</time></trkpt>
   <trkpt lat="46.4998111" lon="10.9936711"><ele>123.3</ele><time>2024-06-12T19:18:40.600Z</time></trkpt>
   <trkpt lat="46.4998295" lon="10.9936603"><ele>123.4</ele><time>2024-06-12T19:18:40.800Z</time></trkpt>
   <trkpt lat="46.4998478" lon="10.9936495"><ele>123.5</ele><time>2024-06-12T19:18:41.1000Z</time></trkpt>
   <trkpt lat="46.4998662" lon="10.9936388"><ele>123.7</ele><time>2024-06-12T19:18:41.200Z</time></trkpt>
   <trkpt lat="46.4998845" lon="10.9936280"><ele>123.8</ele><time>2024-06-12T19:18:41.400Z</time></trkpt>
   <trkpt lat="46.4999029" lon="10.9936172"><ele>123.9</ele><time>2024-06-12T19:18:41.600Z</time></trkpt>
   <trkpt lat="46.4999212" lon="10.9936065"><ele>124.1</ele><time>2024-06-12T19:18:41.800Z</time></trkpt>
   <trkpt lat="46.4999396" lon="10.9935957"><ele>124.2</ele><time>2024-06-12T19:18:42.1000Z</time></trkpt>
   <trkpt lat="46.4999579" lon="10.9935849"><ele>124.3</ele><time>2024-06-12T19:18:42.200Z</time></trkpt>
   <trkpt lat="46.4999762" lon="10.9935742"><ele>124.4</ele><time>2024-06-12T19:18:42.400Z</time></trkpt>
   <trkpt lat="46.4999946" lon="10.9935634"><ele>124.6</ele><time>2024-06-12T19:18:42.600Z</time></trkpt>
   <trkpt lat="46.5000129" lon="10.9935526"><ele>124.7</ele><time>2024-06-12T19:18:42.800Z</time></trkpt>
   <trkpt lat="46.5000313" lon="10.9935419"><ele>124.8</ele><time>2024-06-12T19:18:43.1000Z</time></trkpt>
   <trkpt lat="46.5000496" lon="10.9935311"><ele>125.0</ele><time>2024-06-12T19:18:43.200Z</time></trkpt>
   <trkpt lat="46.5000680" lon="10.9935203"><ele>125.1</ele><time>2024-06-12T19:18:43.400Z</time></trkpt>
   <trkpt lat="46.5000863" lon="10.9935096"><ele>125.2</ele><time>2024-06-12T19:18:43.600Z</time></trkpt>
   <trkpt lat="46.5001047" lon="10.9934988"><ele>125.4</ele><time>2024-06-12T19:18:43.800Z</time></trkpt>
   <trkpt lat="46.5001230" lon="10.9934880"><ele>125.5</ele><time>2024-06-12T19:18:44.1000Z</time></trkpt>
   <trkpt lat="46.5001413" lon="10.9934773"><ele>125.6</ele><time>2024-06-12T19:18:44.200Z</time></trkpt>
   <trkpt lat="46.5001597" lon="10.9934665"><ele>125.8</ele><time>2024-06-12T19:18:44.400Z</time></trkpt>
   <trkpt lat="46.5001780" lon="10.9934557"><ele>125.9</ele><time>2024-06-12T19:18:44.600Z</time></trkpt>
   <trkpt lat="46.5001964" lon="10.9934450"><ele>126.0</ele><time>2024-06-12T19:18:44.800Z</time></trkpt>
   <trkpt lat="46.5002147" lon="10.9934342"><ele>126.2</ele><time>2024-06-12T19:18:45.1000Z</time></trkpt>
   <trkpt lat="46.5002331" lon="10.9934234"><ele>126.3</ele><time>2024-06-12T19:18:45.200Z</time></trkpt>
   <trkpt lat="46.5002514" lon="10.9934127"><ele>126.4</ele><time>2024-06-12T19:18:45.400Z</time></trkpt>
   <trkpt lat="46.5002698" lon="10.9934019"><ele>126.6</ele><time>2024-06-12T19:18:45.600Z</time></trkpt>
   <trkpt lat="46.5002881" lon="10.9933911"><ele>126.7</ele><time>2024-06-12T19:18:45.800Z</time></trkpt>
   <trkpt lat="46.5003064" lon="10.9933804"><ele>126.8</ele><time>2024-06-12T19:18:46.1000Z</time></trkpt>
   <trkpt lat="46.5003248" lon="10.9933696"><ele>127.0</ele><time>2024-06-12T19:18:46.200Z</time></trkpt>
   <trkpt lat="46.5003431" lon="10.9933588"><ele>127.1</ele><time>2024-06-12T19:18:46.400Z</time></trkpt>
   <trkpt lat="46.5003615" lon="10.9933481"><ele>127.2</ele><time>2024-06-12T19:18:46.600Z</time></trkpt>
   <trkpt lat="46.5003798" lon="10.9933373"><ele>127.4</ele><time>2024-06-12T19:18:46.800Z</time></trkpt>
   <trkpt lat="46.5003982" lon="10.9933265"><ele>127.5</ele><time>2024-06-12T19:18:47.1000Z</time></trkpt>
   <trkpt lat="46.5004165" lon="10.9933158"><ele>127.6</ele><time>2024-06-12T19:18:47.200Z</time></trkpt>
   <trkpt lat="46.5004349" lon="10.9933050"><ele>127.7</ele><time>2024-06-12T19:18:47.400Z</time></trkpt>
   <trkpt lat="46.5004532" lon="10.9932942"><ele>127.9</ele><time>2024-06-12T19:18:47.600Z</time></trkpt>
   <trkpt lat="46.5004715" lon="10.9932835"><ele>128.0</ele><time>2024-06-12T19:18:47.800Z</time></trkpt>
   <trkpt lat="46.5004899" lon="10.9932727"><ele>128.1</ele><time>2024-06-12T19:18:48.1000Z</time></trkpt>
   <trkpt lat="46.5005082" lon="10.9932619"><ele>128.3</ele><time>2024-06-12T19:18:48.200Z</time></trkpt>
   <trkpt lat="46.5005266" lon="10.9932512"><ele>128.4</ele><time>2024-06-12T19:18:48.400Z</time></trkpt>
   <trkpt lat="46.5005449" lon="10.9932404"><ele>128.5</ele><time>2024-06-12T19:18:48.600Z</time></trkpt>
   <trkpt lat="46.5005633" lon="10.9932296"><ele>128.7</ele><time>2024-06-12T19:18:48.800Z</time></trkpt>
   <trkpt lat="46.5005816" lon="10.9932189"><ele>128.8</ele><time>2024-06-12T19:18:49.1000Z</time></trkpt>
   <trkpt lat="46.5006000" lon="10.9932081"><ele>128.9</ele><time>2024-06-12T19:18:49.200Z</time></trkpt>
   <trkpt lat="46.5006183" lon="10.9931973"><ele>129.1</ele><time>2024-06-12T19:18:49.400Z</time></trkpt>
   <trkpt lat="46.5006366" lon="10.9931866"><ele>129.2</ele><time>2024-06-12T19:18:49.600Z</time></trkpt>
   <trkpt lat="46.5006550" lon="10.9931758"><ele>129.3</ele><time>2024-06-12T19:18:49.800Z</time></trkpt>
   <trkpt lat="46.5006733" lon="10.9931650"><ele>129.5</ele><time>2024-06-12T19:18:50.1000Z</time></trkpt>
   <trkpt lat="46.5006917" lon="10.9931543"><ele>129.6</ele><time>2024-06-12T19:18:50.200Z</time></trkpt>
   <trkpt lat="46.5007100" lon="10.9931435"><ele>129.7</ele><time>2024-06-12T19:18:50.400Z</time></trkpt>
   <trkpt lat="46.5007284" lon="10.9931327"><ele>129.9</ele><time>2024-06-12T19:18:50.600Z</time></trkpt>
   <trkpt lat="46.5007467" lon="10.9931220"><ele>130.0</ele><time>2024-06-12T19:18:50.800Z</time></trkpt>
   <trkpt lat="46.5007650" lon="10.9931112"><ele>130.1</ele><time>2024-06-12T19:18:51.1000Z</time></trkpt>
   <trkpt lat="46.5007834" lon="10.9931004"><ele>130.3</ele><time>2024-06-12T19:18:51.200Z</time></trkpt>
   <trkpt lat="46.5008017" lon="10.9930896"><ele>130.4</ele><time>2024-06-12T19:18:51.400Z</time></trkpt>
   <trkpt lat="46.5008201" lon="10.9930789"><ele>130.5</ele><time>2024-06-12T19:18:51.600Z</time></trkpt>
   <trkpt lat="46.5008384" lon="10.9930681"><ele>130.7</ele><time>2024-06-12T19:18:51.800Z</time></trkpt>
   <trkpt lat="46.5008568" lon="10.9930573"><ele>130.8</ele><time>2024-06-12T19:18:52.1000Z</time></trkpt>
   <trkpt lat="46.5008751" lon="10.9930466"><ele>130.9</ele><time>2024-06-12T19:18:52.200Z</time></trkpt>
   <trkpt lat="46.5008935" lon="10.9930358"><ele>131.0</ele><time>2024-06-12T19:18:52.400Z</time></trkpt>
   <trkpt lat="46.5009118" lon="10.9930250"><ele>131.2</ele><time>2024-06-12T19:18:52.600Z</time></trkpt>
   <trkpt lat="46.5009301" lon="10.9930143"><ele>131.3</ele><time>2024-06-12T19:18:52.800Z</time></trkpt>
   <trkpt lat="46.5009485" lon="10.9930035"><ele>131.4</ele><time>2024-06-12T19:18:53.1000Z</time></trkpt>
   <trkpt lat="46.5009668" lon="10.9929927"><ele>131.6</ele><time>2024-06-12T19:18:53.200Z</time></trkpt>
   <trkpt lat="46.5009852" lon="10.9929820"><ele>131.7</ele><time>2024-06-12T19:18:53.400Z</time></trkpt>
   <trkpt lat="46.5010035" lon="10.9929712"><ele>131.8</ele><time>2024-06-12T19:18:53.600Z</time></trkpt>
   <trkpt lat="46.5010219" lon="10.9929604"><ele>132.0</ele><time>2024-06-12T19:18:53.800Z</time></trkpt>
   <trkpt lat="46.5010402" lon="10.9929497"><ele>132.1</ele><time>2024-06-12T19:18:54.1000Z</time></trkpt>
   <trkpt lat="46.5010586" lon="10.9929389"><ele>132.2</ele><time>2024-06-12T19:18:54.200Z</time></trkpt>
   <trkpt lat="46.5010769" lon="10.9929281"><ele>132.4</ele><time>2024-06-12T19:18:54.400Z</time></trkpt>
   <trkpt lat="46.5010952" lon="10.9929174"><ele>132.5</ele><time>2024-06-12T19:18:54.600Z</time></trkpt>
   <trkpt lat="46.5011136" lon="10.9929066"><ele>132.6</ele><time>2024-06-12T19:18:54.800Z</time></trkpt>
   <trkpt lat="46.5011319" lon="10.9928958"><ele>132.8</ele><time>2024-06-12T19:18:55.1000Z</time></trkpt>
   <trkpt lat="46.5011503" lon="10.9928851"><ele>132.9</ele><time>2024-06-12T19:18:55.200Z</time></trkpt>
   <trkpt lat="46.5011686" lon="10.9928743"><ele>133.0</ele><time>2024-06-12T19:18:55.400Z</time></trkpt>
   <trkpt lat="46.5011870" lon="10.9928635"><ele>133.2</ele><time>2024-06-12T19:18:55.600Z</time></trkpt>
   <trkpt lat="46.5012053" lon="10.9928528"><ele>133.3</ele><time>2024-06-12T19:18:55.800Z</time></trkpt>
   <trkpt lat="46.5012237" lon="10.9928420"><ele>133.4</ele><time>2024-06-12T19:18:56.1000Z</time></trkpt>
   <trkpt lat="46.5012253" lon="10.9928410"><ele>133.4</ele><time>2024-06-12T19:18:56.200Z</time></trkpt>
  </trkseg>
 </trk>
</gpx>
