<?xml version="1.0" encoding="UTF-8"?>
<gpx version="1.1" creator="make_fixtures.py" xmlns="http://www.topografix.com/GPX/1/1">
 <trk>
  <name>Motorway</name>
  <trkseg>
   <trkpt lat="46.5000000" lon="11.0000000"><ele>0.0</ele><time>2024-06-12T13:00:00.000Z</time></trkpt>
   <trkpt lat="46.5000585" lon="10.9999850"><ele>0.0</ele><time>2024-06-12T13:00:00.200Z</time></trkpt>
   <trkpt lat="46.5001169" lon="10.9999701"><ele>0.0</ele><time>2024-06-12T13:00:00.400Z</time></trkpt>
   <trkpt lat="46.5001754" lon="10.9999551"><ele>0.0</ele><time>2024-06-12T13:00:00.600Z</time></trkpt>
   <trkpt lat="46.5002338" lon="10.9999401"><ele>0.0</ele><time>2024-06-12T13:00:00.800Z</time></trkpt>
   <trkpt lat="46.5002923" lon="10.9999251"><ele>0.0</ele><time>2024-06-12T13:00:01.000Z</time></trkpt>
   <trkpt lat="46.5003507" lon="10.9999102"><ele>0.0</ele><time>2024-06-12T13:00:01.200Z</time></trkpt>
   <trkpt lat="46.5004092" lon="10.9998952"><ele>0.0</ele><time>2024-06-12T13:00:01.400Z</time></trkpt>
   <trkpt lat="46.5004676" lon="10.9998802"><ele>0.0</ele><time>2024-06-12T13:00:01.600Z</time></trkpt>
   <trkpt lat="46.5005261" lon="10.9998652"><ele>0.0</ele><time>2024-06-12T13:00:01.800Z</time></trkpt>
   <trkpt lat="46.5005845" lon="10.9998503"><ele>0.0</ele><time>2024-06-12T13:00:02.1000Z</time></trkpt>
   <trkpt lat="46.5006430" lon="10.9998353"><ele>0.0</ele><time>2024-06-12T13:00:02.200Z</time></trkpt>
   <trkpt lat="46.5007014" lon="10.9998203"><ele>0.0</ele><time>2024-06-12T13:00:02.400Z</time></trkpt>
   <trkpt lat="46.5007599" lon="10.9998053"><ele>0.0</ele><time>2024-06-12T13:00:02.600Z</time></trkpt>
   <trkpt lat="46.5008183" lon="10.9997904"><ele>0.0</ele><time>2024-06-12T13:00:02.800Z</time></trkpt>
   <trkpt lat="46.5008768" lon="10.9997754"><ele>0.0</ele><time>2024-06-12T13:00:03.000Z</time></trkpt>
   <trkpt lat="46.5009353" lon="10.9997604"><ele>0.0</ele><time>2024-06-12T13:00:03.200Z</time></trkpt>
   <trkpt lat="46.5009937" lon="10.9997455"><ele>0.0</ele><time>2024-06-12T13:00:03.400Z</time></trkpt>
   <trkpt lat="46.5010522" lon="10.9997305"><ele>0.0</ele><time>2024-06-12T13:00:03.600Z</time></trkpt>
   <trkpt lat="46.5011106" lon="10.9997155"><ele>0.0</ele><time>2024-06-12T13:00:03.800Z</time></trkpt>
   <trkpt lat="46.5011691" lon="10.9997005"><ele>0.0</ele><time>2024-06-12T13:00:04.000Z</time></trkpt>
   <trkpt lat="46.5012275" lon="10.9996856"><ele>0.0</ele><time>2024-06-12T13:00:04.200Z</time></trkpt>
   <trkpt lat="46.5012860" lon="10.9996706"><ele>0.0</ele><time>2024-06-12T13:00:04.400Z</time></trkpt>
   <trkpt lat="46.5013444" lon="10.9996556"><ele>0.0</ele><time>2024-06-12T13:00:04.600Z</time></trkpt>
   <trkpt lat="46.5014029" lon="10.9996406"><ele>0.0</ele><time>2024-06-12T13:00:04.800Z</time></trkpt>
   <trkpt lat="46.5014613" lon="10.9996257"><ele>0.0</ele><time>2024-06-12T13:00:05.000Z</time></trkpt>
   <trkpt lat="46.5015198" lon="10.9996107"><ele>0.0</ele><time>2024-06-12T13:00:05.200Z</time></trkpt>
   <trkpt lat="46.5015782" lon="10.9995957"><ele>0.0</ele><time>2024-06-12T13:00:05.400Z</time></trkpt>
   <trkpt lat="46.5016367" lon="10.9995807"><ele>0.0</ele><time>2024-06-12T13:00:05.600Z</time></trkpt>
   <trkpt lat="46.5016951" lon="10.9995658"><ele>0.0</ele><time>2024-06-12T13:00:05.800Z</time></trkpt>
   <trkpt lat="46.5017536" lon="10.9995508"><ele>0.0</ele><time>2024-06-12T13:00:06.000Z</time></trkpt>
   <trkpt lat="46.5018121" lon="10.9995358"><ele>0.0</ele><time>2024-06-12T13:00:06.200Z</time></trkpt>
   <trkpt lat="46.5018705" lon="10.9995209"><ele>0.0</ele><time>2024-06-12T13:00:06.400Z</time></trkpt>
   <trkpt lat="46.5019290" lon="10.9995059"><ele>0.0</ele><time>2024-06-12T13:00:06.600Z</time></trkpt>
   <trkpt lat="46.5019874" lon="10.9994909"><ele>0.0</ele><time>2024-06-12T13:00:06.800Z</time></trkpt>
   <trkpt lat="46.5020459" lon="10.9994759"><ele>0.0</ele><time>2024-06-12T13:00:07.000Z</time></trkpt>
   <trkpt lat="46.5021043" lon="10.9994610"><ele>0.0</ele><time>2024-06-12T13:00:07.200Z</time></trkpt>
   <trkpt lat="46.5021628" lon="10.9994460"><ele>0.0</ele><time>2024-06-12T13:00:07.400Z</time></trkpt>
   <trkpt lat="46.5022212" lon="10.9994310"><ele>0.0</ele><time>2024-06-12T13:00:07.600Z</time></trkpt>
   <trkpt lat="46.5022797" lon="10.9994160"><ele>0.0</ele><time>2024-06-12T13:00:07.800Z</time></trkpt>
   <trkpt lat="46.5023381" lon="10.9994011"><ele>0.0</ele><time>2024-06-12T13:00:08.000Z</time></trkpt>
   <trkpt lat="46.5023966" lon="10.9993861"><ele>0.0</ele><time>2024-06-12T13:00:08.200Z</time></trkpt>
   <trkpt lat="46.5024550" lon="10.9993711"><ele>0.0</ele><time>2024-06-12T13:00:08.400Z</time></trkpt>
   <trkpt lat="46.5025135" lon="10.9993561"><ele>0.0</ele><time>2024-06-12T13:00:08.600Z</time></trkpt>
   <trkpt lat="46.5025719" lon="10.9993412"><ele>0.0</ele><time>2024-06-12T13:00:08.800Z</time></trkpt>
   <trkpt lat="46.5026304" lon="10.9993262"><ele>0.0</ele><time>2024-06-12T13:00:09.000Z</time></trkpt>
   <trkpt lat="46.5026889" lon="10.9993112"><ele>0.0</ele><time>2024-06-12T13:00:09.200Z</time></trkpt>
   <trkpt lat="46.5027473" lon="10.9992963"><ele>0.0</ele><time>2024-06-12T13:00:09.400Z</time></trkpt>
   <trkpt lat="46.5028058" lon="10.9992813"><ele>0.0</ele><time>2024-06-12T13:00:09.600Z</time></trkpt>
   <trkpt lat="46.5028642" lon="10.9992663"><ele>0.0</ele><time>2024-06-12T13:00:09.800Z</time></trkpt>
   <trkpt lat="46.5029227" lon="10.9992513"><ele>0.0</ele><time>2024-06-12T13:00:10.1000Z</time></trkpt>
   <trkpt lat="46.5029811" lon="10.9992364"><ele>0.0</ele><time>2024-06-12T13:00:10.200Z</time></trkpt>
   <trkpt lat="46.5030396" lon="10.9992214"><ele>0.0</ele><time>2024-06-12T13:00:10.400Z</time></trkpt>
   <trkpt lat="46.5030980" lon="10.9992064"><ele>0.0</ele><time>2024-06-12T13:00:10.600Z</time></trkpt>
   <trkpt lat="46.5031565" lon="10.9991914"><ele>0.0</ele><time>2024-06-12T13:00:10.800Z</time></trkpt>
   <trkpt lat="46.5032149" lon="10.9991765"><ele>0.0</ele><time>2024-06-12T13:00:11.1000Z</time></trkpt>
   <trkpt lat="46.5032734" lon="10.9991615"><ele>0.0</ele><time>2024-06-12T13:00:11.200Z</time></trkpt>
   <trkpt lat="46.5033318" lon="10.9991465"><ele>0.0</ele><time>2024-06-12T13:00:11.400Z</time></trkpt>
   <trkpt lat="46.5033903" lon="10.9991316"><ele>0.0</ele><time>2024-06-12T13:00:11.600Z</time></trkpt>
   <trkpt lat="46.5034488" lon="10.9991166"><ele>0.0</ele><time>2024-06-12T13:00:11.800Z</time></trkpt>
   <trkpt lat="46.5035072" lon="10.9991016"><ele>0.0</ele><time>2024-06-12T13:00:12.1000Z</time></trkpt>
   <trkpt lat="46.5035657" lon="10.9990866"><ele>0.0</ele><time>2024-06-12T13:00:12.200Z</time></trkpt>
   <trkpt lat="46.5036241" lon="10.9990717"><ele>0.0</ele><time>2024-06-12T13:00:12.400Z</time></trkpt>
   <trkpt lat="46.5036826" lon="10.9990567"><ele>0.0</ele><time>2024-06-12T13:00:12.600Z</time></trkpt>
   <trkpt lat="46.5037410" lon="10.9990417"><ele>0.0</ele><time>2024-06-12T13:00:12.800Z</time></trkpt>
   <trkpt lat="46.5037995" lon="10.9990267"><ele>0.0</ele><time>2024-06-12T13:00:13.1000Z</time></trkpt>
   <trkpt lat="46.5038579" lon="10.9990118"><ele>0.0</ele><time>2024-06-12T13:00:13.200Z</time></trkpt>
   <trkpt lat="46.5039164" lon="10.9989968"><ele>0.0</ele><time>2024-06-12T13:00:13.400Z</time></trkpt>
   <trkpt lat="46.5039748" lon="10.9989818"><ele>0.0</ele><time>2024-06-12T13:00:13.600Z</time></trkpt>
   <trkpt lat="46.5040333" lon="10.9989668"><ele>0.0</ele><time>2024-06-12T13:00:13.800Z</time></trkpt>
   <trkpt lat="46.5040917" lon="10.9989519"><ele>0.0</ele><time>2024-06-12T13:00:14.1000Z</time></trkpt>
   <trkpt lat="46.5041502" lon="10.9989369"><ele>0.0</ele><time>2024-06-12T13:00:14.200Z</time></trkpt>
   <trkpt lat="46.5042086" lon="10.9989219"><ele>0.0</ele><time>2024-06-12T13:00:14.400Z</time></trkpt>
   <trkpt lat="46.5042671" lon="10.9989070"><ele>0.0</ele><time>2024-06-12T13:00:14.600Z</time></trkpt>
   <trkpt lat="46.5043256" lon="10.9988920"><ele>0.0</ele><time>2024-06-12T13:00:14.800Z</time></trkpt>
   <trkpt lat="46.5043840" lon="10.9988770"><ele>0.0</ele><time>2024-06-12T13:00:15.1000Z</time></trkpt>
   <trkpt lat="46.5044425" lon="10.9988620"><ele>0.0</ele><time>2024-06-12T13:00:15.200Z</time></trkpt>
   <trkpt lat="46.5045009" lon="10.9988471"><ele>0.0</ele><time>2024-06-12T13:00:15.400Z</time></trkpt>
   <trkpt lat="46.5045594" lon="10.9988321"><ele>0.0</ele><time>2024-06-12T13:00:15.600Z</time></trkpt>
   <trkpt lat="46.5046178" lon="10.9988171"><ele>0.0</ele><time>2024-06-12T13:00:15.800Z</time></trkpt>
   <trkpt lat="46.5046763" lon="10.9988021"><ele>0.0</ele><time>2024-06-12T13:00:16.1000Z</time></trkpt>
   <trkpt lat="46.5047347" lon="10.9987872"><ele>0.0</ele><time>2024-06-12T13:00:16.200Z</time></trkpt>
   <trkpt lat="46.5047932" lon="10.9987722"><ele>0.0</ele><time>2024-06-12T13:00:16.400Z</time></trkpt>
   <trkpt lat="46.5048516" lon="10.9987572"><ele>0.0</ele><time>2024-06-12T13:00:16.600Z</time></trkpt>
   <trkpt lat="46.5049101" lon="10.9987422"><ele>0.0</ele><time>2024-06-12T13:00:16.800Z</time></trkpt>
   <trkpt lat="46.5049685" lon="10.9987273"><ele>0.0</ele><time>2024-06-12T13:00:17.1000Z</time></trkpt>
   <trkpt lat="46.5050270" lon="10.9987123"><ele>0.0</ele><time>2024-06-12T13:00:17.200Z</time></trkpt>
   <trkpt lat="46.5050854" lon="10.9986973"><ele>0.0</ele><time>2024-06-12T13:00:17.400Z</time></trkpt>
   <trkpt lat="46.5051439" lon="10.9986824"><ele>0.0</ele><time>2024-06-12T13:00:17.600Z</time></trkpt>
   <trkpt lat="46.5052024" lon="10.9986674"><ele>0.0</ele><time>2024-06-12T13:00:17.800Z</time></trkpt>
   <trkpt lat="46.5052608" lon="10.9986524"><ele>0.0</ele><time>2024-06-12T13:00:18.1000Z</time></trkpt>
   <trkpt lat="46.5053193" lon="10.9986374"><ele>0.0</ele><time>2024-06-12T13:00:18.200Z</time></trkpt>
   <trkpt lat="46.5053777" lon="10.9986225"><ele>0.0</ele><time>2024-06-12T13:00:18.400Z</time></trkpt>
   <trkpt lat="46.5054362" lon="10.9986075"><ele>0.0</ele><time>2024-06-12T13:00:18.600Z</time></trkpt>
   <trkpt lat="46.5054946" lon="10.9985925"><ele>0.0</ele><time>2024-06-12T13:00:18.800Z</time></trkpt>
   <trkpt lat="46.5055531" lon="10.9985775"><ele>0.0</ele><time>2024-06-12T13:00:19.1000Z</time></trkpt>
   <trkpt lat="46.5056115" lon="10.9985626"><ele>0.0</ele><time>2024-06-12T13:00:19.200Z</time></trkpt>
   <trkpt lat="46.5056700" lon="10.9985476"><ele>0.0</ele><time>2024-06-12T13:00:19.400Z</time></trkpt>
   <trkpt lat="46.5057284" lon="10.9985326"><ele>0.0</ele><time>2024-06-12T13:00:19.600Z</time></trkpt>
   <trkpt lat="46.5057869" lon="10.9985176"><ele>0.0</ele><time>2024-06-12T13:00:19.800Z</time></trkpt>
   <trkpt lat="46.5058453" lon="10.9985027"><ele>0.0</ele><time>2024-06-12T13:00:20.1000Z</time></trkpt>
   <trkpt lat="46.5059038" lon="10.9984877"><ele>0.0</ele><time>2024-06-12T13:00:20.200Z</time></trkpt>
   <trkpt lat="46.5059622" lon="10.9984727"><ele>0.0</ele><time>2024-06-12T13:00:20.400Z</time></trkpt>
   <trkpt lat="46.5060207" lon="10.9984578"><ele>0.0</ele><time>2024-06-12T13:00:20.600Z</time></trkpt>
   <trkpt lat="46.5060792" lon="10.9984428"><ele>0.0</ele><time>2024-06-12T13:00:20.800Z</time></trkpt>
   <trkpt lat="46.5061376" lon="10.9984278"><ele>0.0</ele><time>2024-06-12T13:00:21.1000Z</time></trkpt>
   <trkpt lat="46.5061961" lon="10.9984128"><ele>0.0</ele><time>2024-06-12T13:00:21.200Z</time></trkpt>
   <trkpt lat="46.5062545" lon="10.9983979"><ele>0.0</ele><time>2024-06-12T13:00:21.400Z</time></trkpt>
   <trkpt lat="46.5063130" lon="10.9983829"><ele>0.0</ele><time>2024-06-12T13:00:21.600Z</time></trkpt>
   <trkpt lat="46.5063714" lon="10.9983679"><ele>0.0</ele><time>2024-06-12T13:00:21.800Z</time></trkpt>
   <trkpt lat="46.5064299" lon="10.9983529"><ele>0.0</ele><time>2024-06-12T13:00:22.1000Z</time></trkpt>
   <trkpt lat="46.5064883" lon="10.9983380"><ele>0.0</ele><time>2024-06-12T13:00:22.200Z</time></trkpt>
   <trkpt lat="46.5065468" lon="10.9983230"><ele>0.0</ele><time>2024-06-12T13:00:22.400Z</time></trkpt>
   <trkpt lat="46.5066052" lon="10.9983080"><ele>0.0</ele><time>2024-06-12T13:00:22.600Z</time></trkpt>
   <trkpt lat="46.5066637" lon="10.9982930"><ele>0.0</ele><time>2024-06-12T13:00:22.800Z</time></trkpt>
   <trkpt lat="46.5067221" lon="10.9982781"><ele>0.0</ele><time>2024-06-12T13:00:23.1000Z</time></trkpt>
   <trkpt lat="46.5067806" lon="10.9982631"><ele>0.0</ele><time>2024-06-12T13:00:23.200Z</time></trkpt>
   <trkpt lat="46.5068390" lon="10.9982481"><ele>0.0</ele><time>2024-06-12T13:00:23.400Z</time></trkpt>
   <trkpt lat="46.5068975" lon="10.9982332"><ele>0.0</ele><time>2024-06-12T13:00:23.600Z</time></trkpt>
   <trkpt lat="46.5069560" lon="10.9982182"><ele>0.0</ele><time>2024-06-12T13:00:23.800Z</time></trkpt>
   <trkpt lat="46.5070144" lon="10.9982032"><ele>0.0</ele><time>2024-06-12T13:00:24.1000Z</time></trkpt>
   <trkpt lat="46.5070729" lon="10.9981882"><ele>0.0</ele><time>2024-06-12T13:00:24.200Z</time></trkpt>
   <trkpt lat="46.5071313" lon="10.9981733"><ele>0.0</ele><time>2024-06-12T13:00:24.400Z</time></trkpt>
   <trkpt lat="46.5071898" lon="10.9981583"><ele>0.0</ele><time>2024-06-12T13:00:24.600Z</time></trkpt>
   <trkpt lat="46.5072482" lon="10.9981433"><ele>0.0</ele><time>2024-06-12T13:00:24.800Z</time></trkpt>
   <trkpt lat="46.5073067" lon="10.9981283"><ele>0.0</ele><time>2024-06-12T13:00:25.1000Z</time></trkpt>
   <trkpt lat="46.5073651" lon="10.9981134"><ele>0.0</ele><time>2024-06-12T13:00:25.200Z</time></trkpt>
   <trkpt lat="46.5074236" lon="10.9980984"><ele>0.0</ele><time>2024-06-12T13:00:25.400Z</time></trkpt>
   <trkpt lat="46.5074820" lon="10.9980834"><ele>0.0</ele><time>2024-06-12T13:00:25.600Z</time></trkpt>
   <trkpt lat="46.5075405" lon="10.9980684"><ele>0.0</ele><time>2024-06-12T13:00:25.800Z</time></trkpt>
   <trkpt lat="46.5075989" lon="10.9980535"><ele>0.0</ele><time>2024-06-12T13:00:26.1000Z</time></trkpt>
   <trkpt lat="46.5076574" lon="10.9980385"><ele>0.0</ele><time>2024-06-12T13:00:26.200Z</time></trkpt>
   <trkpt lat="46.5077158" lon="10.9980235"><ele>0.0</ele><time>2024-06-12T13:00:26.400Z</time></trkpt>
   <trkpt lat="46.5077743" lon="10.9980086"><ele>0.0</ele><time>2024-06-12T13:00:26.600Z</time></trkpt>
   <trkpt lat="46.5078328" lon="10.9979936"><ele>0.0</ele><time>2024-06-12T13:00:26.800Z</time></trkpt>
   <trkpt lat="46.5078912" lon="10.9979786"><ele>0.0</ele><time>2024-06-12T13:00:27.1000Z</time></trkpt>
   <trkpt lat="46.5079497" lon="10.9979636"><ele>0.0</ele><time>2024-06-12T13:00:27.200Z</time></trkpt>
   <trkpt lat="46.5080081" lon="10.9979487"><ele>0.0</ele><time>2024-06-12T13:00:27.400Z</time></trkpt>
   <trkpt lat="46.5080666" lon="10.9979337"><ele>0.0</ele><time>2024-06-12T13:00:27.600Z</time></trkpt>
   <trkpt lat="46.5081250" lon="10.9979187"><ele>0.0</ele><time>2024-06-12T13:00:27.800Z</time></trkpt>
   <trkpt lat="46.5081835" lon="10.9979037"><ele>0.0</ele><time>2024-06-12T13:00:28.1000Z</time></trkpt>
   <trkpt lat="46.5082419" lon="10.9978888"><ele>0.0</ele><time>2024-06-12T13:00:28.200Z</time></trkpt>
   <trkpt lat="46.5083004" lon="10.9978738"><ele>0.0</ele><time>2024-06-12T13:00:28.400Z</time></trkpt>
   <trkpt lat="46.5083588" lon="10.9978588"><ele>0.0</ele><time>2024-06-12T13:00:28.600Z</time></trkpt>
   <trkpt lat="46.5084173" lon="10.9978439"><ele>0.0</ele><time>2024-06-12T13:00:28.800Z</time></trkpt>
   <trkpt lat="46.5084757" lon="10.9978289"><ele>0.0</ele><time>2024-06-12T13:00:29.1000Z</time></trkpt>
   <trkpt lat="46.5085342" lon="10.9978139"><ele>0.0</ele><time>2024-06-12T13:00:29.200Z</time></trkpt>
   <trkpt lat="46.5085927" lon="10.9977989"><ele>0.0</ele><time>2024-06-12T13:00:29.400Z</time></trkpt>
   <trkpt lat="46.5086511" lon="10.9977840"><ele>0.0</ele><time>2024-06-12T13:00:29.600Z</time></trkpt>
   <trkpt lat="46.5087096" lon="10.9977690"><ele>0.0</ele><time>2024-06-12T13:00:29.800Z</time></trkpt>
   <trkpt lat="46.5087680" lon="10.9977540"><ele>0.0</ele><time>2024-06-12T13:00:30.1000Z</time></trkpt>
   <trkpt lat="46.5088265" lon="10.9977390"><ele>0.0</ele><time>2024-06-12T13:00:30.200Z</time></trkpt>
   <trkpt lat="46.5088849" lon="10.9977241"><ele>0.0</ele><time>2024-06-12T13:00:30.400Z</time></trkpt>
   <trkpt lat="46.5089434" lon="10.9977091"><ele>0.0</ele><time>2024-06-12T13:00:30.600Z</time></trkpt>
   <trkpt lat="46.5090018" lon="10.9976941"><ele>0.0</ele><time>2024-06-12T13:00:30.800Z</time></trkpt>
   <trkpt lat="46.5090603" lon="10.9976791"><ele>0.0</ele><time>2024-06-12T13:00:31.1000Z</time></trkpt>
   <trkpt lat="46.5091187" lon="10.9976642"><ele>0.0</ele><time>2024-06-12T13:00:31.200Z</time></trkpt>
   <trkpt lat="46.5091772" lon="10.9976492"><ele>0.0</ele><time>2024-06-12T13:00:31.400Z</time></trkpt>
   <trkpt lat="46.5092356" lon="10.9976342"><ele>0.0</ele><time>2024-06-12T13:00:31.600Z</time></trkpt>
   <trkpt lat="46.5092941" lon="10.9976193"><ele>0.0</ele><time>2024-06-12T13:00:31.800Z</time></trkpt>
   <trkpt lat="46.5093525" lon="10.9976043"><ele>0.0</ele><time>2024-06-12T13:00:32.1000Z</time></trkpt>
   <trkpt lat="46.5094110" lon="10.9975893"><ele>0.0</ele><time>2024-06-12T13:00:32.200Z</time></trkpt>
   <trkpt lat="46.5094695" lon="10.9975743"><ele>0.0</ele><time>2024-06-12T13:00:32.400Z</time></trkpt>
   <trkpt lat="46.5095279" lon="10.9975594"><ele>0.0</ele><time>2024-06-12T13:00:32.600Z</time></trkpt>
   <trkpt lat="46.5095864" lon="10.9975444"><ele>0.0</ele><time>2024-06-12T13:00:32.800Z</time></trkpt>
   <trkpt lat="46.5096448" lon="10.9975294"><ele>0.0</ele><time>2024-06-12T13:00:33.1000Z</time></trkpt>
   <trkpt lat="46.5097033" lon="10.9975144"><ele>0.0</ele><time>2024-06-12T13:00:33.200Z</time></trkpt>
   <trkpt lat="46.5097617" lon="10.9974995"><ele>0.0</ele><time>2024-06-12T13:00:33.400Z</time></trkpt>
   <trkpt lat="46.5098202" lon="10.9974845"><ele>0.0</ele><time>2024-06-12T13:00:33.600Z</time></trkpt>
   <trkpt lat="46.5098786" lon="10.9974695"><ele>0.0</ele><time>2024-06-12T13:00:33.800Z</time></trkpt>
   <trkpt lat="46.5099371" lon="10.9974545"><ele>0.0</ele><time>2024-06-12T13:00:34.1000Z</time></trkpt>
   <trkpt lat="46.5099955" lon="10.9974396"><ele>0.0</ele><time>2024-06-12T13:00:34.200Z</time></trkpt>
   <trkpt lat="46.5100540" lon="10.9974246"><ele>0.0</ele><time>2024-06-12T13:00:34.400Z</time></trkpt>
   <trkpt lat="46.5101124" lon="10.9974096"><ele>0.0</ele><time>2024-06-12T13:00:34.600Z</time></trkpt>
   <trkpt lat="46.5101709" lon="10.9973947"><ele>0.0</ele><time>2024-06-12T13:00:34.800Z</time></trkpt>
   <trkpt lat="46.5102293" lon="10.9973797"><ele>0.0</ele><time>2024-06-12T13:00:35.1000Z</time></trkpt>
   <trkpt lat="46.5102878" lon="10.9973647"><ele>0.0</ele><time>2024-06-12T13:00:35.200Z</time></trkpt>
   <trkpt lat="46.5103463" lon="10.9973497"><ele>0.0</ele><time>2024-06-12T13:00:35.400Z</time></trkpt>
   <trkpt lat="46.5104047" lon="10.9973348"><ele>0.0</ele><time>2024-06-12T13:00:35.600Z</time></trkpt>
   <trkpt lat="46.5104632" lon="10.9973198"><ele>0.0</ele><time>2024-06-12T13:00:35.800Z</time></trkpt>
   <trkpt lat="46.5105216" lon="10.9973048"><ele>0.0</ele><time>2024-06-12T13:00:36.1000Z</time></trkpt>
   <trkpt lat="46.5105801" lon="10.9972898"><ele>0.0</ele><time>2024-06-12T13:00:36.200Z</time></trkpt>
   <trkpt lat="46.5106385" lon="10.9972749"><ele>0.0</ele><time>2024-06-12T13:00:36.400Z</time></trkpt>
   <trkpt lat="46.5106970" lon="10.9972599"><ele>0.0</ele><time>2024-06-12T13:00:36.600Z</time></trkpt>
   <trkpt lat="46.5107554" lon="10.9972449"><ele>0.0</ele><time>2024-06-12T13:00:36.800Z</time></trkpt>
   <trkpt lat="46.5108139" lon="10.9972299"><ele>0.0</ele><time>2024-06-12T13:00:37.1000Z</time></trkpt>
   <trkpt lat="46.5108723" lon="10.9972150"><ele>0.0</ele><time>2024-06-12T13:00:37.200Z</time></trkpt>
   <trkpt lat="46.5109308" lon="10.9972000"><ele>0.0</ele><time>2024-06-12T13:00:37.400Z</time></trkpt>
   <trkpt lat="46.5109892" lon="10.9971850"><ele>0.0</ele><time>2024-06-12T13:00:37.600Z</time></trkpt>
   <trkpt lat="46.5110477" lon="10.9971701"><ele>0.0</ele><time>2024-06-12T13:00:37.800Z</time></trkpt>
   <trkpt lat="46.5111061" lon="10.9971551"><ele>0.0</ele><time>2024-06-12T13:00:38.000Z</time></trkpt>
   <trkpt lat="46.5111646" lon="10.9971401"><ele>0.0</ele><time>2024-06-12T13:00:38.200Z</time></trkpt>
   <trkpt lat="46.5112231" lon="10.9971251"><ele>0.0</ele><time>2024-06-12T13:00:38.400Z</time></trkpt>
   <trkpt lat="46.5112815" lon="10.9971102"><ele>0.0</ele><time>2024-06-12T13:00:38.600Z</time></trkpt>
   <trkpt lat="46.5113400" lon="10.9970952"><ele>0.0</ele><time>2024-06-12T13:00:38.800Z</time></trkpt>
   <trkpt lat="46.5113984" lon="10.9970802"><ele>0.0</ele><time>2024-06-12T13:00:39.000Z</time></trkpt>
   <trkpt lat="46.5114569" lon="10.9970652"><ele>0.0</ele><time>2024-06-12T13:00:39.200Z</time></trkpt>
   <trkpt lat="46.5115153" lon="10.9970503"><ele>0.0</ele><time>2024-06-12T13:00:39.400Z</time></trkpt>
   <trkpt lat="46.5115738" lon="10.9970353"><ele>0.0</ele><time>2024-06-12T13:00:39.600Z</time></trkpt>
   <trkpt lat="46.5116322" lon="10.9970203"><ele>0.0</ele><time>2024-06-12T13:00:39.800Z</time></trkpt>
   <trkpt lat="46.5116907" lon="10.9970053"><ele>0.0</ele><time>2024-06-12T13:00:40.000Z</time></trkpt>
   <trkpt lat="46.5117491" lon="10.9969904"><ele>0.0</ele><time>2024-06-12T13:00:40.200Z</time></trkpt>
   <trkpt lat="46.5118076" lon="10.9969754"><ele>0.0</ele><time>2024-06-12T13:00:40.400Z</time></trkpt>
   <trkpt lat="46.5118660" lon="10.9969604"><ele>0.0</ele><time>2024-06-12T13:00:40.600Z</time></trkpt>
   <trkpt lat="46.5119245" lon="10.9969455"><ele>0.0</ele><time>2024-06-12T13:00:40.800Z</time></trkpt>
   <trkpt lat="46.5119829" lon="10.9969305"><ele>0.0</ele><time>2024-06-12T13:00:41.000Z</time></trkpt>
   <trkpt lat="46.5120414" lon="10.9969155"><ele>0.0</ele><time>2024-06-12T13:00:41.200Z</time></trkpt>
   <trkpt lat="46.5120999" lon="10.9969005"><ele>0.0</ele><time>2024-06-12T13:00:41.400Z</time></trkpt>
   <trkpt lat="46.5121583" lon="10.9968856"><ele>0.0</ele><time>2024-06-12T13:00:41.600Z</time></trkpt>
   <trkpt lat="46.5122168" lon="10.9968706"><ele>0.0</ele><time>2024-06-12T13:00:41.800Z</time></trkpt>
   <trkpt lat="46.5122752" lon="10.9968556"><ele>0.0</ele><time>2024-06-12T13:00:42.000Z</time></trkpt>
   <trkpt lat="46.5123337" lon="10.9968406"><ele>0.0</ele><time>2024-06-12T13:00:42.200Z</time></trkpt>
   <trkpt lat="46.5123921" lon="10.9968257"><ele>0.0</ele><time>2024-06-12T13:00:42.400Z</time></trkpt>
   <trkpt lat="46.5124506" lon="10.9968107"><ele>0.0</ele><time>2024-06-12T13:00:42.600Z</time></trkpt>
   <trkpt lat="46.5125090" lon="10.9967957"><ele>0.0</ele><time>2024-06-12T13:00:42.800Z</time></trkpt>
   <trkpt lat="46.5125675" lon="10.9967807"><ele>0.0</ele><time>2024-06-12T13:00:43.000Z</time></trkpt>
   <trkpt lat="46.5126259" lon="10.9967658"><ele>0.0</ele><time>2024-06-12T13:00:43.200Z</time></trkpt>
   <trkpt lat="46.5126844" lon="10.9967508"><ele>0.0</ele><time>2024-06-12T13:00:43.400Z</time></trkpt>
   <trkpt lat="46.5127428" lon="10.9967358"><ele>0.0</ele><time>2024-06-12T13:00:43.600Z</time></trkpt>
   <trkpt lat="46.5128013" lon="10.9967209"><ele>0.0</ele><time>2024-06-12T13:00:43.800Z</time></trkpt>
   <trkpt lat="46.5128597" lon="10.9967059"><ele>0.0</ele><time>2024-06-12T13:00:44.000Z</time></trkpt>
   <trkpt lat="46.5129182" lon="10.9966909"><ele>0.0</ele><time>2024-06-12T13:00:44.200Z</time></trkpt>
   <trkpt lat="46.5129767" lon="10.9966759"><ele>0.0</ele><time>2024-06-12T13:00:44.400Z</time></trkpt>
   <trkpt lat="46.5130351" lon="10.9966610"><ele>0.0</ele><time>2024-06-12T13:00:44.600Z</time></trkpt>
   <trkpt lat="46.5130936" lon="10.9966460"><ele>0.0</ele><time>2024-06-12T13:00:44.800Z</time></trkpt>
   <trkpt lat="46.5131520" lon="10.9966310"><ele>0.0</ele><time>2024-06-12T13:00:45.000Z</time></trkpt>
   <trkpt lat="46.5132105" lon="10.9966160"><ele>0.0</ele><time>2024-06-12T13:00:45.200Z</time></trkpt>
   <trkpt lat="46.5132689" lon="10.9966011"><ele>0.0</ele><time>2024-06-12T13:00:45.400Z</time></trkpt>
   <trkpt lat="46.5133274" lon="10.9965861"><ele>0.0</ele><time>2024-06-12T13:00:45.600Z</time></trkpt>
   <trkpt lat="46.5133858" lon="10.9965711"><ele>0.0</ele><time>2024-06-12T13:00:45.800Z</time></trkpt>
   <trkpt lat="46.5134443" lon="10.9965562"><ele>0.0</ele><time>2024-06-12T13:00:46.000Z</time></trkpt>
   <trkpt lat="46.5135027" lon="10.9965412"><ele>0.0</ele><time>2024-06-12T13:00:46.200Z</time></trkpt>
   <trkpt lat="46.5135612" lon="10.9965262"><ele>0.0</ele><time>2024-06-12T13:00:46.400Z</time></trkpt>
   <trkpt lat="46.5136196" lon="10.9965112"><ele>0.0</ele><time>2024-06-12T13:00:46.600Z</time></trkpt>
   <trkpt lat="46.5136781" lon="10.9964963"><ele>0.0</ele><time>2024-06-12T13:00:46.800Z</time></trkpt>
   <trkpt lat="46.5137366" lon="10.9964813"><ele>0.0</ele><time>2024-06-12T13:00:47.000Z</time></trkpt>
   <trkpt lat="46.5137950" lon="10.9964663"><ele>0.0</ele><time>2024-06-12T13:00:47.200Z</time></trkpt>
   <trkpt lat="46.5138535" lon="10.9964513"><ele>0.0</ele><time>2024-06-12T13:00:47.400Z</time></trkpt>
   <trkpt lat="46.5139119" lon="10.9964364"><ele>0.0</ele><time>2024-06-12T13:00:47.600Z</time></trkpt>
   <trkpt lat="46.5139704" lon="10.9964214"><ele>0.0</ele><time>2024-06-12T13:00:47.800Z</time></trkpt>
   <trkpt lat="46.5140288" lon="10.9964064"><ele>0.0</ele><time>2024-06-12T13:00:48.000Z</time></trkpt>
   <trkpt lat="46.5140873" lon="10.9963914"><ele>0.0</ele><time>2024-06-12T13:00:48.200Z</time></trkpt>
   <trkpt lat="46.5141457" lon="10.9963765"><ele>0.0</ele><time>2024-06-12T13:00:48.400Z</time></trkpt>
   <trkpt lat="46.5142042" lon="10.9963615"><ele>0.0</ele><time>2024-06-12T13:00:48.600Z</time></trkpt>
   <trkpt lat="46.5142626" lon="10.9963465"><ele>0.0</ele><time>2024-06-12T13:00:48.800Z</time></trkpt>
   <trkpt lat="46.5143211" lon="10.9963316"><ele>0.0</ele><time>2024-06-12T13:00:49.000Z</time></trkpt>
   <trkpt lat="46.5143795" lon="10.9963166"><ele>0.0</ele><time>2024-06-12T13:00:49.200Z</time></trkpt>
   <trkpt lat="46.5144380" lon="10.9963016"><ele>0.0</ele><time>2024-06-12T13:00:49.400Z</time></trkpt>
   <trkpt lat="46.5144964" lon="10.9962866"><ele>0.0</ele><time>2024-06-12T13:00:49.600Z</time></trkpt>
   <trkpt lat="46.5145549" lon="10.9962717"><ele>0.0</ele><time>2024-06-12T13:00:49.800Z</time></trkpt>
   <trkpt lat="46.5146134" lon="10.9962567"><ele>0.0</ele><time>2024-06-12T13:00:50.000Z</time></trkpt>
   <trkpt lat="46.5146718" lon="10.9962417"><ele>0.0</ele><time>2024-06-12T13:00:50.200Z</time></trkpt>
   <trkpt lat="46.5147303" lon="10.9962267"><ele>0.0</ele><time>2024-06-12T13:00:50.400Z</time></trkpt>
   <trkpt lat="46.5147887" lon="10.9962118"><ele>0.0</ele><time>2024-06-12T13:00:50.600Z</time></trkpt>
   <trkpt lat="46.5148472" lon="10.9961968"><ele>0.0</ele><time>2024-06-12T13:00:50.800Z</time></trkpt>
   <trkpt lat="46.5149056" lon="10.9961818"><ele>0.0</ele><time>2024-06-12T13:00:51.000Z</time></trkpt>
   <trkpt lat="46.5149641" lon="10.9961668"><ele>0.0</ele><time>2024-06-12T13:00:51.200Z</time></trkpt>
   <trkpt lat="46.5150225" lon="10.9961519"><ele>0.0</ele><time>2024-06-12T13:00:51.400Z</time></trkpt>
   <trkpt lat="46.5150810" lon="10.9961369"><ele>0.0</ele><time>2024-06-12T13:00:51.600Z</time></trkpt>
   <trkpt lat="46.5151394" lon="10.9961219"><ele>0.0</ele><time>2024-06-12T13:00:51.800Z</time></trkpt>
   <trkpt lat="46.5151979" lon="10.9961070"><ele>0.0</ele><time>2024-06-12T13:00:52.000Z</time></trkpt>
   <trkpt lat="46.5152563" lon="10.9960920"><ele>0.0</ele><time>2024-06-12T13:00:52.200Z</time></trkpt>
   <trkpt lat="46.5153148" lon="10.9960770"><ele>0.0</ele><time>2024-06-12T13:00:52.400Z</time></trkpt>
   <trkpt lat="46.5153732" lon="10.9960620"><ele>0.0</ele><time>2024-06-12T13:00:52.600Z</time></trkpt>
   <trkpt lat="46.5154317" lon="10.9960471"><ele>0.0</ele><time>2024-06-12T13:00:52.800Z</time></trkpt>
   <trkpt lat="46.5154902" lon="10.9960321"><ele>0.0</ele><time>2024-06-12T13:00:53.000Z</time></trkpt>
   <trkpt lat="46.5155486" lon="10.9960171"><ele>0.0</ele><time>2024-06-12T13:00:53.200Z</time></trkpt>
   <trkpt lat="46.5156071" lon="10.9960021"><ele>0.0</ele><time>2024-06-12T13:00:53.400Z</time></trkpt>
   <trkpt lat="46.5156655" lon="10.9959872"><ele>0.0</ele><time>2024-06-12T13:00:53.600Z</time></trkpt>
   <trkpt lat="46.5157240" lon="10.9959722"><ele>0.0</ele><time>2024-06-12T13:00:53.800Z</time></trkpt>
   <trkpt lat="46.5157824" lon="10.9959572"><ele>0.0</ele><time>2024-06-12T13:00:54.000Z</time></trkpt>
   <trkpt lat="46.5158409" lon="10.9959422"><ele>0.0</ele><time>2024-06-12T13:00:54.200Z</time></trkpt>
   <trkpt lat="46.5158993" lon="10.9959273"><ele>0.0</ele><time>2024-06-12T13:00:54.400Z</time></trkpt>
   <trkpt lat="46.5159578" lon="10.9959123"><ele>0.0</ele><time>2024-06-12T13:00:54.600Z</time></trkpt>
   <trkpt lat="46.5160162" lon="10.9958973"><ele>0.0</ele><time>2024-06-12T13:00:54.800Z</time></trkpt>
   <trkpt lat="46.5160747" lon="10.9958824"><ele>0.0</ele><time>2024-06-12T13:00:55.000Z</time></trkpt>
   <trkpt lat="46.5161331" lon="10.9958674"><ele>0.0</ele><time>2024-06-12T13:00:55.200Z</time></trkpt>
   <trkpt lat="46.5161916" lon="10.9958524"><ele>0.0</ele><time>2024-06-12T13:00:55.400Z</time></trkpt>
   <trkpt lat="46.5162500" lon="10.9958374"><ele>0.0</ele><time>2024-06-12T13:00:55.600Z</time></trkpt>
   <trkpt lat="46.5163085" lon="10.9958225"><ele>0.0</ele><time>2024-06-12T13:00:55.800Z</time></trkpt>
   <trkpt lat="46.5163670" lon="10.9958075"><ele>0.0</ele><time>2024-06-12T13:00:56.000Z</time></trkpt>
   <trkpt lat="46.5164254" lon="10.9957925"><ele>0.0</ele><time>2024-06-12T13:00:56.200Z</time></trkpt>
   <trkpt lat="46.5164839" lon="10.9957775"><ele>0.0</ele><time>2024-06-12T13:00:56.400Z</time></trkpt>
   <trkpt lat="46.5165423" lon="10.9957626"><ele>0.0</ele><time>2024-06-12T13:00:56.600Z</time></trkpt>
   <trkpt lat="46.5166008" lon="10.9957476"><ele>0.0</ele><time>2024-06-12T13:00:56.800Z</time></trkpt>
   <trkpt lat="46.5166592" lon="10.9957326"><ele>0.0</ele><time>2024-06-12T13:00:57.000Z</time></trkpt>
   <trkpt lat="46.5167177" lon="10.9957176"><ele>0.0</ele><time>2024-06-12T13:00:57.200Z</time></trkpt>
   <trkpt lat="46.5167761" lon="10.9957027"><ele>0.0</ele><time>2024-06-12T13:00:57.400Z</time></trkpt>
   <trkpt lat="46.5168346" lon="10.9956877"><ele>0.0</ele><time>2024-06-12T13:00:57.600Z</time></trkpt>
   <trkpt lat="46.5168930" lon="10.9956727"><ele>0.0</ele><time>2024-06-12T13:00:57.800Z</time></trkpt>
   <trkpt lat="46.5169515" lon="10.9956578"><ele>0.0</ele><time>2024-06-12T13:00:58.000Z</time></trkpt>
   <trkpt lat="46.5170099" lon="10.9956428"><ele>0.0</ele><time>2024-06-12T13:00:58.200Z</time></trkpt>
   <trkpt lat="46.5170684" lon="10.9956278"><ele>0.0</ele><time>2024-06-12T13:00:58.400Z</time></trkpt>
   <trkpt lat="46.5171268" lon="10.9956128"><ele>0.0</ele><time>2024-06-12T13:00:58.600Z</time></trkpt>
   <trkpt lat="46.5171853" lon="10.9955979"><ele>0.0</ele><time>2024-06-12T13:00:58.800Z</time></trkpt>
   <trkpt lat="46.5172438" lon="10.9955829"><ele>0.0</ele><time>2024-06-12T13:00:59.000Z</time></trkpt>
   <trkpt lat="46.5173022" lon="10.9955679"><ele>0.0</ele><time>2024-06-12T13:00:59.200Z</time></trkpt>
   <trkpt lat="46.5173607" lon="10.9955529"><ele>0.0</ele><time>2024-06-12T13:00:59.400Z</time></trkpt>
   <trkpt lat="46.5174191" lon="10.9955380"><ele>0.0</ele><time>2024-06-12T13:00:59.600Z</time></trkpt>
   <trkpt lat="46.5174776" lon="10.9955230"><ele>0.0</ele><time>2024-06-12T13:00:59.800Z</time></trkpt>
   <trkpt lat="46.5175360" lon="10.9955080"><ele>0.0</ele><time>2024-06-12T13:01:00.000Z</time></trkpt>
   <trkpt lat="46.5175945" lon="10.9954930"><ele>0.0</ele><time>2024-06-12T13:01:00.200Z</time></trkpt>
   <trkpt lat="46.5176529" lon="10.9954781"><ele>0.0</ele><time>2024-06-12T13:01:00.400Z</time></trkpt>
   <trkpt lat="46.5177114" lon="10.9954631"><ele>0.0</ele><time>2024-06-12T13:01:00.600Z</time></trkpt>
   <trkpt lat="46.5177698" lon="10.9954481"><ele>0.0</ele><time>2024-06-12T13:01:00.800Z</time></trkpt>
   <trkpt lat="46.5178283" lon="10.9954332"><ele>0.0</ele><time>2024-06-12T13:01:01.000Z</time></trkpt>
   <trkpt lat="46.5178867" lon="10.9954182"><ele>0.0</ele><time>2024-06-12T13:01:01.200Z</time></trkpt>
   <trkpt lat="46.5179452" lon="10.9954032"><ele>0.0</ele><time>2024-06-12T13:01:01.400Z</time></trkpt>
   <trkpt lat="46.5180036" lon="10.9953882"><ele>0.0</ele><time>2024-06-12T13:01:01.600Z</time></trkpt>
   <trkpt lat="46.5180621" lon="10.9953733"><ele>0.0</ele><time>2024-06-12T13:01:01.800Z</time></trkpt>
   <trkpt lat="46.5181206" lon="10.9953583"><ele>0.0</ele><time>2024-06-12T13:01:02.000Z</time></trkpt>
   <trkpt lat="46.5181790" lon="10.9953433"><ele>0.0</ele><time>2024-06-12T13:01:02.200Z</time></trkpt>
   <trkpt lat="46.5182375" lon="10.9953283"><ele>0.0</ele><time>2024-06-12T13:01:02.400Z</time></trkpt>
   <trkpt lat="46.5182959" lon="10.9953134"><ele>0.0</ele><time>2024-06-12T13:01:02.600Z</time></trkpt>
   <trkpt lat="46.5183544" lon="10.9952984"><ele>0.0</ele><time>2024-06-12T13:01:02.800Z</time></trkpt>
   <trkpt lat="46.5184128" lon="10.9952834"><ele>0.0</ele><time>2024-06-12T13:01:03.000Z</time></trkpt>
   <trkpt lat="46.5184713" lon="10.9952684"><ele>0.0</ele><time>2024-06-12T13:01:03.200Z</time></trkpt>
   <trkpt lat="46.5185297" lon="10.9952535"><ele>0.0</ele><time>2024-06-12T13:01:03.400Z</time></trkpt>
   <trkpt lat="46.5185882" lon="10.9952385"><ele>0.0</ele><time>2024-06-12T13:01:03.600Z</time></trkpt>
   <trkpt lat="46.5186466" lon="10.9952235"><ele>0.0</ele><time>2024-06-12T13:01:03.800Z</time></trkpt>
   <trkpt lat="46.5187051" lon="10.9952086"><ele>0.0</ele><time>2024-06-12T13:01:04.000Z</time></trkpt>
   <trkpt lat="46.5187635" lon="10.9951936"><ele>0.0</ele><time>2024-06-12T13:01:04.200Z</time></trkpt>
   <trkpt lat="46.5188220" lon="10.9951786"><ele>0.0</ele><time>2024-06-12T13:01:04.400Z</time></trkpt>
   <trkpt lat="46.5188805" lon="10.9951636"><ele>0.0</ele><time>2024-06-12T13:01:04.600Z</time></trkpt>
   <trkpt lat="46.5189389" lon="10.9951487"><ele>0.0</ele><time>2024-06-12T13:01:04.800Z</time></trkpt>
   <trkpt lat="46.5189974" lon="10.9951337"><ele>0.0</ele><time>2024-06-12T13:01:05.000Z</time></trkpt>
   <trkpt lat="46.5190558" lon="10.9951187"><ele>0.0</ele><time>2024-06-12T13:01:05.200Z</time></trkpt>
   <trkpt lat="46.5191143" lon="10.9951037"><ele>0.0</ele><time>2024-06-12T13:01:05.400Z</time></trkpt>
   <trkpt lat="46.5191727" lon="10.9950888"><ele>0.0</ele><time>2024-06-12T13:01:05.600Z</time></trkpt>
   <trkpt lat="46.5192312" lon="10.9950738"><ele>0.0</ele><time>2024-06-12T13:01:05.800Z</time></trkpt>
   <trkpt lat="46.5192896" lon="10.9950588"><ele>0.0</ele><time>2024-06-12T13:01:06.000Z</time></trkpt>
   <trkpt lat="46.5193481" lon="10.9950439"><ele>0.0</ele><time>2024-06-12T13:01:06.200Z</time></trkpt>
   <trkpt lat="46.5194065" lon="10.9950289"><ele>0.0</ele><time>2024-06-12T13:01:06.400Z</time></trkpt>
   <trkpt lat="46.5194650" lon="10.9950139"><ele>0.0</ele><time>2024-06-12T13:01:06.600Z</time></trkpt>
   <trkpt lat="46.5195234" lon="10.9949989"><ele>0.0</ele><time>2024-06-12T13:01:06.800Z</time></trkpt>
   <trkpt lat="46.5195819" lon="10.9949840"><ele>0.0</ele><time>2024-06-12T13:01:07.000Z</time></trkpt>
   <trkpt lat="46.5196403" lon="10.9949690"><ele>0.0</ele><time>2024-06-12T13:01:07.200Z</time></trkpt>
   <trkpt lat="46.5196988" lon="10.9949540"><ele>0.0</ele><time>2024-06-12T13:01:07.400Z</time></trkpt>
   <trkpt lat="46.5197573" lon="10.9949390"><ele>0.0</ele><time>2024-06-12T13:01:07.600Z</time></trkpt>
   <trkpt lat="46.5198157" lon="10.9949241"><ele>0.0</ele><time>2024-06-12T13:01:07.800Z</time></trkpt>
   <trkpt lat="46.5198742" lon="10.9949091"><ele>0.0</ele><time>2024-06-12T13:01:08.000Z</time></trkpt>
   <trkpt lat="46.5199326" lon="10.9948941"><ele>0.0</ele><time>2024-06-12T13:01:08.200Z</time></trkpt>
   <trkpt lat="46.5199911" lon="10.9948791"><ele>0.0</ele><time>2024-06-12T13:01:08.400Z</time></trkpt>
   <trkpt lat="46.5200495" lon="10.9948642"><ele>0.0</ele><time>2024-06-12T13:01:08.600Z</time></trkpt>
   <trkpt lat="46.5201080" lon="10.9948492"><ele>0.0</ele><time>2024-06-12T13:01:08.800Z</time></trkpt>
   <trkpt lat="46.5201664" lon="10.9948342"><ele>0.0</ele><time>2024-06-12T13:01:09.000Z</time></trkpt>
   <trkpt lat="46.5202249" lon="10.9948193"><ele>0.0</ele><time>2024-06-12T13:01:09.200Z</time></trkpt>
   <trkpt lat="46.5202833" lon="10.9948043"><ele>0.0</ele><time>2024-06-12T13:01:09.400Z</time></trkpt>
   <trkpt lat="46.5203418" lon="10.9947893"><ele>0.0</ele><time>2024-06-12T13:01:09.600Z</time></trkpt>
   <trkpt lat="46.5204002" lon="10.9947743"><ele>0.0</ele><time>2024-06-12T13:01:09.800Z</time></trkpt>
   <trkpt lat="46.5204587" lon="10.9947594"><ele>0.0</ele><time>2024-06-12T13:01:10.000Z</time></trkpt>
   <trkpt lat="46.5205171" lon="10.9947444"><ele>0.0</ele><time>2024-06-12T13:01:10.200Z</time></trkpt>
   <trkpt lat="46.5205756" lon="10.9947294"><ele>0.0</ele><time>2024-06-12T13:01:10.400Z</time></trkpt>
   <trkpt lat="46.5206341" lon="10.9947144"><ele>0.0</ele><time>2024-06-12T13:01:10.600Z</time></trkpt>
   <trkpt lat="46.5206925" lon="10.9946995"><ele>0.0</ele><time>2024-06-12T13:01:10.800Z</time></trkpt>
   <trkpt lat="46.5207510" lon="10.9946845"><ele>0.0</ele><time>2024-06-12T13:01:11.000Z</time></trkpt>
   <trkpt lat="46.5208094" lon="10.9946695"><ele>0.0</ele><time>2024-06-12T13:01:11.200Z</time></trkpt>
   <trkpt lat="46.5208679" lon="10.9946545"><ele>0.0</ele><time>2024-06-12T13:01:11.400Z</time></trkpt>
   <trkpt lat="46.5209263" lon="10.9946396"><ele>0.0</ele><time>2024-06-12T13:01:11.600Z</time></trkpt>
   <trkpt lat="46.5209848" lon="10.9946246"><ele>0.0</ele><time>2024-06-12T13:01:11.800Z</time></trkpt>
   <trkpt lat="46.5210432" lon="10.9946096"><ele>0.0</ele><time>2024-06-12T13:01:12.000Z</time></trkpt>
   <trkpt lat="46.5211017" lon="10.9945947"><ele>0.0</ele><time>2024-06-12T13:01:12.200Z</time></trkpt>
   <trkpt lat="46.5211601" lon="10.9945797"><ele>0.0</ele><time>2024-06-12T13:01:12.400Z</time></trkpt>
   <trkpt lat="46.5212186" lon="10.9945647"><ele>0.0</ele><time>2024-06-12T13:01:12.600Z</time></trkpt>
   <trkpt lat="46.5212770" lon="10.9945497"><ele>0.0</ele><time>2024-06-12T13:01:12.800Z</time></trkpt>
   <trkpt lat="46.5213355" lon="10.9945348"><ele>0.0</ele><time>2024-06-12T13:01:13.000Z</time></trkpt>
   <trkpt lat="46.5213939" lon="10.9945198"><ele>0.0</ele><time>2024-06-12T13:01:13.200Z</time></trkpt>
   <trkpt lat="46.5214524" lon="10.9945048"><ele>0.0</ele><time>2024-06-12T13:01:13.400Z</time></trkpt>
   <trkpt lat="46.5215109" lon="10.9944898"><ele>0.0</ele><time>2024-06-12T13:01:13.600Z</time></trkpt>
   <trkpt lat="46.5215693" lon="10.9944749"><ele>0.0</ele><time>2024-06-12T13:01:13.800Z</time></trkpt>
   <trkpt lat="46.5216278" lon="10.9944599"><ele>0.0</ele><time>2024-06-12T13:01:14.000Z</time></trkpt>
   <trkpt lat="46.5216862" lon="10.9944449"><ele>0.0</ele><time>2024-06-12T13:01:14.200Z</time></trkpt>
   <trkpt lat="46.5217447" lon="10.9944299"><ele>0.0</ele><time>2024-06-12T13:01:14.400Z</time></trkpt>
   <trkpt lat="46.5218031" lon="10.9944150"><ele>0.0</ele><time>2024-06-12T13:01:14.600Z</time></trkpt>
   <trkpt lat="46.5218616" lon="10.9944000"><ele>0.0</ele><time>2024-06-12T13:01:14.800Z</time></trkpt>
   <trkpt lat="46.5219200" lon="10.9943850"><ele>0.0</ele><time>2024-06-12T13:01:15.000Z</time></trkpt>
   <trkpt lat="46.5219785" lon="10.9943701"><ele>0.0</ele><time>2024-06-12T13:01:15.200Z</time></trkpt>
   <trkpt lat="46.5220369" lon="10.9943551"><ele>0.0</ele><time>2024-06-12T13:01:15.400Z</time></trkpt>
   <trkpt lat="46.5220954" lon="10.9943401"><ele>0.0</ele><time>2024-06-12T13:01:15.600Z</time></trkpt>
   <trkpt lat="46.5221538" lon="10.9943251"><ele>0.0</ele><time>2024-06-12T13:01:15.800Z</time></trkpt>
   <trkpt lat="46.5222123" lon="10.9943102"><ele>0.0</ele><time>2024-06-12T13:01:16.000Z</time></trkpt>
   <trkpt lat="46.5222707" lon="10.9942952"><ele>0.0</ele><time>2024-06-12T13:01:16.200Z</time></trkpt>
   <trkpt lat="46.5223292" lon="10.9942802"><ele>0.0</ele><time>2024-06-12T13:01:16.400Z</time></trkpt>
   <trkpt lat="46.5223877" lon="10.9942652"><ele>0.0</ele><time>2024-06-12T13:01:16.600Z</time></trkpt>
   <trkpt lat="46.5224461" lon="10.9942503"><ele>0.0</ele><time>2024-06-12T13:01:16.800Z</time></trkpt>
   <trkpt lat="46.5225046" lon="10.9942353"><ele>0.0</ele><time>2024-06-12T13:01:17.000Z</time></trkpt>
   <trkpt lat="46.5225630" lon="10.9942203"><ele>0.0</ele><time>2024-06-12T13:01:17.200Z</time></trkpt>
   <trkpt lat="46.5226215" lon="10.9942053"><ele>0.0</ele><time>2024-06-12T13:01:17.400Z</time></trkpt>
   <trkpt lat="46.5226799" lon="10.9941904"><ele>0.0</ele><time>2024-06-12T13:01:17.600Z</time></trkpt>
   <trkpt lat="46.5227384" lon="10.9941754"><ele>0.0</ele><time>2024-06-12T13:01:17.800Z</time></trkpt>
   <trkpt lat="46.5227968" lon="10.9941604"><ele>0.0</ele><time>2024-06-12T13:01:18.000Z</time></trkpt>
   <trkpt lat="46.5228553" lon="10.9941455"><ele>0.0</ele><time>2024-06-12T13:01:18.200Z</time></trkpt>
   <trkpt lat="46.5229137" lon="10.9941305"><ele>0.0</ele><time>2024-06-12T13:01:18.400Z</time></trkpt>
   <trkpt lat="46.5229722" lon="10.9941155"><ele>0.0</ele><time>2024-06-12T13:01:18.600Z</time></trkpt>
   <trkpt lat="46.5230306" lon="10.9941005"><ele>0.0</ele><time>2024-06-12T13:01:18.800Z</time></trkpt>
   <trkpt lat="46.5230891" lon="10.9940856"><ele>0.0</ele><time>2024-06-12T13:01:19.000Z</time></trkpt>
   <trkpt lat="46.5231475" lon="10.9940706"><ele>0.0</ele><time>2024-06-12T13:01:19.200Z</time></trkpt>
   <trkpt lat="46.5232060" lon="10.9940556"><ele>0.0</ele><time>2024-06-12T13:01:19.400Z</time></trkpt>
   <trkpt lat="46.5232645" lon="10.9940406"><ele>0.0</ele><time>2024-06-12T13:01:19.600Z</time></trkpt>
   <trkpt lat="46.5233229" lon="10.9940257"><ele>0.0</ele><time>2024-06-12T13:01:19.800Z</time></trkpt>
   <trkpt lat="46.5233814" lon="10.9940107"><ele>0.0</ele><time>2024-06-12T13:01:20.000Z</time></trkpt>
   <trkpt lat="46.5234398" lon="10.9939957"><ele>0.0</ele><time>2024-06-12T13:01:20.200Z</time></trkpt>
   <trkpt lat="46.5234983" lon="10.9939807"><ele>0.0</ele><time>2024-06-12T13:01:20.400Z</time></trkpt>
   <trkpt lat="46.5235567" lon="10.9939658"><ele>0.0</ele><time>2024-06-12T13:01:20.600Z</time></trkpt>
   <trkpt lat="46.5236152" lon="10.9939508"><ele>0.0</ele><time>2024-06-12T13:01:20.800Z</time></trkpt>
   <trkpt lat="46.5236736" lon="10.9939358"><ele>0.0</ele><time>2024-06-12T13:01:21.000Z</time></trkpt>
   <trkpt lat="46.5237321" lon="10.9939209"><ele>0.0</ele><time>2024-06-12T13:01:21.200Z</time></trkpt>
   <trkpt lat="46.5237905" lon="10.9939059"><ele>0.0</ele><time>2024-06-12T13:01:21.400Z</time></trkpt>
   <trkpt lat="46.5238490" lon="10.9938909"><ele>0.0</ele><time>2024-06-12T13:01:21.600Z</time></trkpt>
   <trkpt lat="46.5239074" lon="10.9938759"><ele>0.0</ele><time>2024-06-12T13:01:21.800Z</time></trkpt>
   <trkpt lat="46.5239659" lon="10.9938610"><ele>0.0</ele><time>2024-06-12T13:01:22.000Z</time></trkpt>
   <trkpt lat="46.5240243" lon="10.9938460"><ele>0.0</ele><time>2024-06-12T13:01:22.200Z</time></trkpt>
   <trkpt lat="46.5240828" lon="10.9938310"><ele>0.0</ele><time>2024-06-12T13:01:22.400Z</time></trkpt>
   <trkpt lat="46.5241413" lon="10.9938160"><ele>0.0</ele><time>2024-06-12T13:01:22.600Z</time></trkpt>
   <trkpt lat="46.5241997" lon="10.9938011"><ele>0.0</ele><time>2024-06-12T13:01:22.800Z</time></trkpt>
   <trkpt lat="46.5242582" lon="10.9937861"><ele>0.0</ele><time>2024-06-12T13:01:23.000Z</time></trkpt>
   <trkpt lat="46.5243166" lon="10.9937711"><ele>0.0</ele><time>2024-06-12T13:01:23.200Z</time></trkpt>
   <trkpt lat="46.5243751" lon="10.9937562"><ele>0.0</ele><time>2024-06-12T13:01:23.400Z</time></trkpt>
   <trkpt lat="46.5244335" lon="10.9937412"><ele>0.0</ele><time>2024-06-12T13:01:23.600Z</time></trkpt>
   <trkpt lat="46.5244920" lon="10.9937262"><ele>0.0</ele><time>2024-06-12T13:01:23.800Z</time></trkpt>
   <trkpt lat="46.5245504" lon="10.9937112"><ele>0.0</ele><time>2024-06-12T13:01:24.000Z</time></trkpt>
   <trkpt lat="46.5246089" lon="10.9936963"><ele>0.0</ele><time>2024-06-12T13:01:24.200Z</time></trkpt>
   <trkpt lat="46.5246673" lon="10.9936813"><ele>0.0</ele><time>2024-06-12T13:01:24.400Z</time></trkpt>
   <trkpt lat="46.5247258" lon="10.9936663"><ele>0.0</ele><time>2024-06-12T13:01:24.600Z</time></trkpt>
   <trkpt lat="46.5247842" lon="10.9936513"><ele>0.0</ele><time>2024-06-12T13:01:24.800Z</time></trkpt>
   <trkpt lat="46.5248427" lon="10.9936364"><ele>0.0</ele><time>2024-06-12T13:01:25.000Z</time></trkpt>
   <trkpt lat="46.5249012" lon="10.9936214"><ele>0.0</ele><time>2024-06-12T13:01:25.200Z</time></trkpt>
   <trkpt lat="46.5249596" lon="10.9936064"><ele>0.0</ele><time>2024-06-12T13:01:25.400Z</time></trkpt>
   <trkpt lat="46.5250181" lon="10.9935914"><ele>0.0</ele><time>2024-06-12T13:01:25.600Z</time></trkpt>
   <trkpt lat="46.5250765" lon="10.9935765"><ele>0.0</ele><time>2024-06-12T13:01:25.800Z</time></trkpt>
   <trkpt lat="46.5251350" lon="10.9935615"><ele>0.0</ele><time>2024-06-12T13:01:26.000Z</time></trkpt>
   <trkpt lat="46.5251934" lon="10.9935465"><ele>0.0</ele><time>2024-06-12T13:01:26.200Z</time></trkpt>
   <trkpt lat="46.5252519" lon="10.9935316"><ele>0.0</ele><time>2024-06-12T13:01:26.400Z</time></trkpt>
   <trkpt lat="46.5253103" lon="10.9935166"><ele>0.0</ele><time>2024-06-12T13:01:26.600Z</time></trkpt>
   <trkpt lat="46.5253688" lon="10.9935016"><ele>0.0</ele><time>2024-06-12T13:01:26.800Z</time></trkpt>
   <trkpt lat="46.5254272" lon="10.9934866"><ele>0.0</ele><time>2024-06-12T13:01:27.000Z</time></trkpt>
   <trkpt lat="46.5254857" lon="10.9934717"><ele>0.0</ele><time>2024-06-12T13:01:27.200Z</time></trkpt>
   <trkpt lat="46.5255441" lon="10.9934567"><ele>0.0</ele><time>2024-06-12T13:01:27.400Z</time></trkpt>
   <trkpt lat="46.5256026" lon="10.9934417"><ele>0.0</ele><time>2024-06-12T13:01:27.600Z</time></trkpt>
   <trkpt lat="46.5256610" lon="10.9934267"><ele>0.0</ele><time>2024-06-12T13:01:27.800Z</time></trkpt>
   <trkpt lat="46.5257195" lon="10.9934118"><ele>0.0</ele><time>2024-06-12T13:01:28.000Z</time></trkpt>
   <trkpt lat="46.5257780" lon="10.9933968"><ele>0.0</ele><time>2024-06-12T13:01:28.200Z</time></trkpt>
   <trkpt lat="46.5258364" lon="10.9933818"><ele>0.0</ele><time>2024-06-12T13:01:28.400Z</time></trkpt>
   <trkpt lat="46.5258949" lon="10.9933668"><ele>0.0</ele><time>2024-06-12T13:01:28.600Z</time></trkpt>
   <trkpt lat="46.5259533" lon="10.9933519"><ele>0.0</ele><time>2024-06-12T13:01:28.800Z</time></trkpt>
   <trkpt lat="46.5260118" lon="10.9933369"><ele>0.0</ele><time>2024-06-12T13:01:29.000Z</time></trkpt>
   <trkpt lat="46.5260702" lon="10.9933219"><ele>0.0</ele><time>2024-06-12T13:01:29.200Z</time></trkpt>
   <trkpt lat="46.5261287" lon="10.9933070"><ele>0.0</ele><time>2024-06-12T13:01:29.400Z</time></trkpt>
   <trkpt lat="46.5261871" lon="10.9932920"><ele>0.0</ele><time>2024-06-12T13:01:29.600Z</time></trkpt>
   <trkpt lat="46.5262456" lon="10.9932770"><ele>0.0</ele><time>2024-06-12T13:01:29.800Z</time></trkpt>
   <trkpt lat="46.5263040" lon="10.9932620"><ele>0.0</ele><time>2024-06-12T13:01:30.000Z</time></trkpt>
   <trkpt lat="46.5263625" lon="10.9932471"><ele>0.0</ele><time>2024-06-12T13:01:30.200Z</time></trkpt>
   <trkpt lat="46.5264209" lon="10.9932321"><ele>0.0</ele><time>2024-06-12T13:01:30.400Z</time></trkpt>
   <trkpt lat="46.5264794" lon="10.9932171"><ele>0.0</ele><time>2024-06-12T13:01:30.600Z</time></trkpt>
   <trkpt lat="46.5265378" lon="10.9932021"><ele>0.0</ele><time>2024-06-12T13:01:30.800Z</time></trkpt>
   <trkpt lat="46.5265697" lon="10.9931940"><ele>0.0</ele><time>2024-06-12T13:01:31.000Z</time></trkpt>
   <trkpt lat="46.5266282" lon="10.9931791"><ele>0.0</ele><time>2024-06-12T13:01:31.200Z</time></trkpt>
   <trkpt lat="46.5266867" lon="10.9931646"><ele>0.0</ele><time>2024-06-12T13:01:31.400Z</time></trkpt>
   <trkpt lat="46.5267452" lon="10.9931503"><ele>0.0</ele><time>2024-06-12T13:01:31.600Z</time></trkpt>
   <trkpt lat="46.5268038" lon="10.9931363"><ele>0.0</ele><time>2024-06-12T13:01:31.800Z</time></trkpt>
   <trkpt lat="46.5268624" lon="10.9931226"><ele>0.0</ele><time>2024-06-12T13:01:32.000Z</time></trkpt>
   <trkpt lat="46.5269210" lon="10.9931092"><ele>0.0</ele><time>2024-06-12T13:01:32.200Z</time></trkpt>
   <trkpt lat="46.5269797" lon="10.9930960"><ele>0.0</ele><time>2024-06-12T13:01:32.400Z</time></trkpt>
   <trkpt lat="46.5270384" lon="10.9930832"><ele>0.0</ele><time>2024-06-12T13:01:32.600Z</time></trkpt>
   <trkpt lat="46.5270971" lon="10.9930706"><ele>0.0</ele><time>2024-06-12T13:01:32.800Z</time></trkpt>
   <trkpt lat="46.5271559" lon="10.9930583"><ele>0.0</ele><time>2024-06-12T13:01:33.000Z</time></trkpt>
   <trkpt lat="46.5272146" lon="10.9930463"><ele>0.0</ele><time>2024-06-12T13:01:33.200Z</time></trkpt>
   <trkpt lat="46.5272734" lon="10.9930345"><ele>0.0</ele><time>2024-06-12T13:01:33.400Z</time></trkpt>
   <trkpt lat="46.5273323" lon="10.9930231"><ele>0.0</ele><time>2024-06-12T13:01:33.600Z</time></trkpt>
   <trkpt lat="46.5273911" lon="10.9930119"><ele>0.0</ele><time>2024-06-12T13:01:33.800Z</time></trkpt>
   <trkpt lat="46.5274500" lon="10.9930010"><ele>0.0</ele><time>2024-06-12T13:01:34.000Z</time></trkpt>
   <trkpt lat="46.5275089" lon="10.9929904"><ele>0.0</ele><time>2024-06-12T13:01:34.200Z</time></trkpt>
   <trkpt lat="46.5275678" lon="10.9929800"><ele>0.0</ele><time>2024-06-12T13:01:34.400Z</time></trkpt>
   <trkpt lat="46.5276268" lon="10.9929700"><ele>0.0</ele><time>2024-06-12T13:01:34.600Z</time></trkpt>
   <trkpt lat="46.5276858" lon="10.9929602"><ele>0.0</ele><time>2024-06-12T13:01:34.800Z</time></trkpt>
   <trkpt lat="46.5277448" lon="10.9929507"><ele>0.0</ele><time>2024-06-12T13:01:35.000Z</time></trkpt>
   <trkpt lat="46.5278038" lon="10.9929416"><ele>0.0</ele><time>2024-06-12T13:01:35.200Z</time></trkpt>
   <trkpt lat="46.5278628" lon="10.9929326"><ele>0.0</ele><time>2024-06-12T13:01:35.400Z</time></trkpt>
   <trkpt lat="46.5279219" lon="10.9929240"><ele>0.0</ele><time>2024-06-12T13:01:35.600Z</time></trkpt>
   <trkpt lat="46.5279809" lon="10.9929157"><ele>0.0</ele><time>2024-06-12T13:01:35.800Z</time></trkpt>
   <trkpt lat="46.5280400" lon="10.9929076"><ele>0.0</ele><time>2024-06-12T13:01:36.000Z</time></trkpt>
   <trkpt lat="46.5280991" lon="10.9928998"><ele>0.0</ele><time>2024-06-12T13:01:36.200Z</time></trkpt>
   <trkpt lat="46.5281583" lon="10.9928923"><ele>0.0</ele><time>2024-06-12T13:01:36.400Z</time></trkpt>
   <trkpt lat="46.5282174" lon="10.9928851"><ele>0.0</ele><time>2024-06-12T13:01:36.600Z</time></trkpt>
   <trkpt lat="46.5282766" lon="10.9928782"><ele>0.0</ele><time>2024-06-12T13:01:36.800Z</time></trkpt>
   <trkpt lat="46.5283358" lon="10.9928715"><ele>0.0</ele><time>2024-06-12T13:01:37.000Z</time></trkpt>
   <trkpt lat="46.5283950" lon="10.9928651"><ele>0.0</ele><time>2024-06-12T13:01:37.200Z</time></trkpt>
   <trkpt lat="46.5284542" lon="10.9928591"><ele>0.0</ele><time>2024-06-12T13:01:37.400Z</time></trkpt>
   <trkpt lat="46.5285134" lon="10.9928533"><ele>0.0</ele><time>2024-06-12T13:01:37.600Z</time></trkpt>
   <trkpt lat="46.5285726" lon="10.9928478"><ele>0.0</ele><time>2024-06-12T13:01:37.800Z</time></trkpt>
   <trkpt lat="46.5286319" lon="10.9928425"><ele>0.0</ele><time>2024-06-12T13:01:38.000Z</time></trkpt>
   <trkpt lat="46.5286911" lon="10.9928376"><ele>0.0</ele><time>2024-06-12T13:01:38.200Z</time></trkpt>
   <trkpt lat="46.5287504" lon="10.9928329"><ele>0.0</ele><time>2024-06-12T13:01:38.400Z</time></trkpt>
   <trkpt lat="46.5288097" lon="10.9928285"><ele>0.0</ele><time>2024-06-12T13:01:38.600Z</time></trkpt>
   <trkpt lat="46.5288690" lon="10.9928244"><ele>0.0</ele><time>2024-06-12T13:01:38.800Z</time></trkpt>
   <trkpt lat="46.5289283" lon="10.9928206"><ele>0.0</ele><time>2024-06-12T13:01:39.000Z</time></trkpt>
   <trkpt lat="46.5289876" lon="10.9928171"><ele>0.0</ele><time>2024-06-12T13:01:39.200Z</time></trkpt>
   <trkpt lat="46.5290469" lon="10.9928139"><ele>0.0</ele><time>2024-06-12T13:01:39.400Z</time></trkpt>
   <trkpt lat="46.5291062" lon="10.9928109"><ele>0.0</ele><time>2024-06-12T13:01:39.600Z</time></trkpt>
   <trkpt lat="46.5291655" lon="10.9928082"><ele>0.0</ele><time>2024-06-12T13:01:39.800Z</time></trkpt>
   <trkpt lat="46.5292249" lon="10.9928059"><ele>0.0</ele><time>2024-06-12T13:01:40.000Z</time></trkpt>
   <trkpt lat="46.5292842" lon="10.9928038"><ele>0.0</ele><time>2024-06-12T13:01:40.200Z</time></trkpt>
   <trkpt lat="46.5293435" lon="10.9928019"><ele>0.0</ele><time>2024-06-12T13:01:40.400Z</time></trkpt>
   <trkpt lat="46.5294029" lon="10.9928004"><ele>0.0</ele><time>2024-06-12T13:01:40.600Z</time></trkpt>
   <trkpt lat="46.5294622" lon="10.9927992"><ele>0.0</ele><time>2024-06-12T13:01:40.800Z</time></trkpt>
   <trkpt lat="46.5295216" lon="10.9927982"><ele>0.0</ele><time>2024-06-12T13:01:41.000Z</time></trkpt>
   <trkpt lat="46.5295809" lon="10.9927975"><ele>0.0</ele><time>2024-06-12T13:01:41.200Z</time></trkpt>
   <trkpt lat="46.5296403" lon="10.9927971"><ele>0.0</ele><time>2024-06-12T13:01:41.400Z</time></trkpt>
   <trkpt lat="46.5296996" lon="10.9927970"><ele>0.0</ele><time>2024-06-12T13:01:41.600Z</time></trkpt>
   <trkpt lat="46.5297590" lon="10.9927972"><ele>0.0</ele><time>2024-06-12T13:01:41.800Z</time></trkpt>
   <trkpt lat="46.5298183" lon="10.9927976"><ele>0.0</ele><time>2024-06-12T13:01:42.000Z</time></trkpt>
   <trkpt lat="46.5298777" lon="10.9927984"><ele>0.0</ele><time>2024-06-12T13:01:42.200Z</time></trkpt>
   <trkpt lat="46.5299371" lon="10.9927994"><ele>0.0</ele><time>2024-06-12T13:01:42.400Z</time></trkpt>
   <trkpt lat="46.5299964" lon="10.9928007"><ele>0.0</ele><time>2024-06-12T13:01:42.600Z</time></trkpt>
   <trkpt lat="46.5300557" lon="10.9928023"><ele>0.0</ele><time>2024-06-12T13:01:42.800Z</time></trkpt>
   <trkpt lat="46.5301151" lon="10.9928042"><ele>0.0</ele><time>2024-06-12T13:01:43.000Z</time></trkpt>
   <trkpt lat="46.5301744" lon="10.9928064"><ele>0.0</ele><time>2024-06-12T13:01:43.200Z</time></trkpt>
   <trkpt lat="46.5302338" lon="10.9928088"><ele>0.0</ele><time>2024-06-12T13:01:43.400Z</time></trkpt>
   <trkpt lat="46.5302931" lon="10.9928115"><ele>0.0</ele><time>2024-06-12T13:01:43.600Z</time></trkpt>
   <trkpt lat="46.5303524" lon="10.9928146"><ele>0.0</ele><time>2024-06-12T13:01:43.800Z</time></trkpt>
   <trkpt lat="46.5304117" lon="10.9928179"><ele>0.0</ele><time>2024-06-12T13:01:44.000Z</time></trkpt>
   <trkpt lat="46.5304710" lon="10.9928215"><ele>0.0</ele><time>2024-06-12T13:01:44.200Z</time></trkpt>
   <trkpt lat="46.5305303" lon="10.9928253"><ele>0.0</ele><time>2024-06-12T13:01:44.400Z</time></trkpt>
   <trkpt lat="46.5305896" lon="10.9928295"><ele>0.0</ele><time>2024-06-12T13:01:44.600Z</time></trkpt>
   <trkpt lat="46.5306489" lon="10.9928339"><ele>0.0</ele><time>2024-06-12T13:01:44.800Z</time></trkpt>
   <trkpt lat="46.5307081" lon="10.9928387"><ele>0.0</ele><time>2024-06-12T13:01:45.000Z</time></trkpt>
   <trkpt lat="46.5307674" lon="10.9928437"><ele>0.0</ele><time>2024-06-12T13:01:45.200Z</time></trkpt>
   <trkpt lat="46.5308266" lon="10.9928490"><ele>0.0</ele><time>2024-06-12T13:01:45.400Z</time></trkpt>
   <trkpt lat="46.5308859" lon="10.9928545"><ele>0.0</ele><time>2024-06-12T13:01:45.600Z</time></trkpt>
   <trkpt lat="46.5309451" lon="10.9928604"><ele>0.0</ele><time>2024-06-12T13:01:45.800Z</time></trkpt>
   <trkpt lat="46.5310043" lon="10.9928665"><ele>0.0</ele><time>2024-06-12T13:01:46.000Z</time></trkpt>
   <trkpt lat="46.5310635" lon="10.9928730"><ele>0.0</ele><time>2024-06-12T13:01:46.200Z</time></trkpt>
   <trkpt lat="46.5311227" lon="10.9928797"><ele>0.0</ele><time>2024-06-12T13:01:46.400Z</time></trkpt>
   <trkpt lat="46.5311818" lon="10.9928867"><ele>0.0</ele><time>2024-06-12T13:01:46.600Z</time></trkpt>
   <trkpt lat="46.5312410" lon="10.9928939"><ele>0.0</ele><time>2024-06-12T13:01:46.800Z</time></trkpt>
   <trkpt lat="46.5313001" lon="10.9929015"><ele>0.0</ele><time>2024-06-12T13:01:47.000Z</time></trkpt>
   <trkpt lat="46.5313592" lon="10.9929094"><ele>0.0</ele><time>2024-06-12T13:01:47.200Z</time></trkpt>
   <trkpt lat="46.5314183" lon="10.9929175"><ele>0.0</ele><time>2024-06-12T13:01:47.400Z</time></trkpt>
   <trkpt lat="46.5314774" lon="10.9929259"><ele>0.0</ele><time>2024-06-12T13:01:47.600Z</time></trkpt>
   <trkpt lat="46.5315364" lon="10.9929346"><ele>0.0</ele><time>2024-06-12T13:01:47.800Z</time></trkpt>
   <trkpt lat="46.5315954" lon="10.9929436"><ele>0.0</ele><time>2024-06-12T13:01:48.000Z</time></trkpt>
   <trkpt lat="46.5316545" lon="10.9929528"><ele>0.0</ele><time>2024-06-12T13:01:48.200Z</time></trkpt>
   <trkpt lat="46.5317134" lon="10.9929624"><ele>0.0</ele><time>2024-06-12T13:01:48.400Z</time></trkpt>
   <trkpt lat="46.5317724" lon="10.9929722"><ele>0.0</ele><time>2024-06-12T13:01:48.600Z</time></trkpt>
   <trkpt lat="46.5318314" lon="10.9929823"><ele>0.0</ele><time>2024-06-12T13:01:48.800Z</time></trkpt>
   <trkpt lat="46.5318903" lon="10.9929927"><ele>0.0</ele><time>2024-06-12T13:01:49.000Z</time></trkpt>
   <trkpt lat="46.5319492" lon="10.9930034"><ele>0.0</ele><time>2024-06-12T13:01:49.200Z</time></trkpt>
   <trkpt lat="46.5320081" lon="10.9930143"><ele>0.0</ele><time>2024-06-12T13:01:49.400Z</time></trkpt>
   <trkpt lat="46.5320669" lon="10.9930256"><ele>0.0</ele><time>2024-06-12T13:01:49.600Z</time></trkpt>
   <trkpt lat="46.5321257" lon="10.9930371"><ele>0.0</ele><time>2024-06-12T13:01:49.800Z</time></trkpt>
   <trkpt lat="46.5321845" lon="10.9930489"><ele>0.0</ele><time>2024-06-12T13:01:50.000Z</time></trkpt>
   <trkpt lat="46.5322433" lon="10.9930610"><ele>0.0</ele><time>2024-06-12T13:01:50.200Z</time></trkpt>
   <trkpt lat="46.5323020" lon="10.9930734"><ele>0.0</ele><time>2024-06-12T13:01:50.400Z</time></trkpt>
   <trkpt lat="46.5323607" lon="10.9930860"><ele>0.0</ele><time>2024-06-12T13:01:50.600Z</time></trkpt>
   <trkpt lat="46.5324194" lon="10.9930989"><ele>0.0</ele><time>2024-06-12T13:01:50.800Z</time></trkpt>
   <trkpt lat="46.5324781" lon="10.9931121"><ele>0.0</ele><time>2024-06-12T13:01:51.000Z</time></trkpt>
   <trkpt lat="46.5325367" lon="10.9931256"><ele>0.0</ele><time>2024-06-12T13:01:51.200Z</time></trkpt>
   <trkpt lat="46.5325953" lon="10.9931394"><ele>0.0</ele><time>2024-06-12T13:01:51.400Z</time></trkpt>
   <trkpt lat="46.5326539" lon="10.9931535"><ele>0.0</ele><time>2024-06-12T13:01:51.600Z</time></trkpt>
   <trkpt lat="46.5327124" lon="10.9931678"><ele>0.0</ele><time>2024-06-12T13:01:51.800Z</time></trkpt>
   <trkpt lat="46.5327709" lon="10.9931824"><ele>0.0</ele><time>2024-06-12T13:01:52.000Z</time></trkpt>
   <trkpt lat="46.5328163" lon="10.9931940"><ele>0.0</ele><time>2024-06-12T13:01:52.200Z</time></trkpt>
   <trkpt lat="46.5328748" lon="10.9932089"><ele>0.0</ele><time>2024-06-12T13:01:52.400Z</time></trkpt>
   <trkpt lat="46.5329333" lon="10.9932239"><ele>0.0</ele><time>2024-06-12T13:01:52.600Z</time></trkpt>
   <trkpt lat="46.5329917" lon="10.9932389"><ele>0.0</ele><time>2024-06-12T13:01:52.800Z</time></trkpt>
   <trkpt lat="46.5330502" lon="10.9932539"><ele>0.0</ele><time>2024-06-12T13:01:53.000Z</time></trkpt>
   <trkpt lat="46.5331086" lon="10.9932688"><ele>0.0</ele><time>2024-06-12T13:01:53.200Z</time></trkpt>
   <trkpt lat="46.5331671" lon="10.9932838"><ele>0.0</ele><time>2024-06-12T13:01:53.400Z</time></trkpt>
   <trkpt lat="46.5332255" lon="10.9932988"><ele>0.0</ele><time>2024-06-12T13:01:53.600Z</time></trkpt>
   <trkpt lat="46.5332840" lon="10.9933138"><ele>0.0</ele><time>2024-06-12T13:01:53.800Z</time></trkpt>
   <trkpt lat="46.5333424" lon="10.9933287"><ele>0.0</ele><time>2024-06-12T13:01:54.000Z</time></trkpt>
   <trkpt lat="46.5334009" lon="10.9933437"><ele>0.0</ele><time>2024-06-12T13:01:54.200Z</time></trkpt>
   <trkpt lat="46.5334593" lon="10.9933587"><ele>0.0</ele><time>2024-06-12T13:01:54.400Z</time></trkpt>
   <trkpt lat="46.5335178" lon="10.9933737"><ele>0.0</ele><time>2024-06-12T13:01:54.600Z</time></trkpt>
   <trkpt lat="46.5335762" lon="10.9933886"><ele>0.0</ele><time>2024-06-12T13:01:54.800Z</time></trkpt>
   <trkpt lat="46.5336347" lon="10.9934036"><ele>0.0</ele><time>2024-06-12T13:01:55.000Z</time></trkpt>
   <trkpt lat="46.5336931" lon="10.9934186"><ele>0.0</ele><time>2024-06-12T13:01:55.200Z</time></trkpt>
   <trkpt lat="46.5337516" lon="10.9934335"><ele>0.0</ele><time>2024-06-12T13:01:55.400Z</time></trkpt>
   <trkpt lat="46.5338101" lon="10.9934485"><ele>0.0</ele><time>2024-06-12T13:01:55.600Z</time></trkpt>
   <trkpt lat="46.5338685" lon="10.9934635"><ele>0.0</ele><time>2024-06-12T13:01:55.800Z</time></trkpt>
   <trkpt lat="46.5339270" lon="10.9934785"><ele>0.0</ele><time>2024-06-12T13:01:56.000Z</time></trkpt>
   <trkpt lat="46.5339854" lon="10.9934934"><ele>0.0</ele><time>2024-06-12T13:01:56.200Z</time></trkpt>
   <trkpt lat="46.5340439" lon="10.9935084"><ele>0.0</ele><time>2024-06-12T13:01:56.400Z</time></trkpt>
   <trkpt lat="46.5341023" lon="10.9935234"><ele>0.0</ele><time>2024-06-12T13:01:56.600Z</time></trkpt>
   <trkpt lat="46.5341608" lon="10.9935384"><ele>0.0</ele><time>2024-06-12T13:01:56.800Z</time></trkpt>
   <trkpt lat="46.5342192" lon="10.9935533"><ele>0.0</ele><time>2024-06-12T13:01:57.000Z</time></trkpt>
   <trkpt lat="46.5342777" lon="10.9935683"><ele>0.0</ele><time>2024-06-12T13:01:57.200Z</time></trkpt>
   <trkpt lat="46.5343361" lon="10.9935833"><ele>0.0</ele><time>2024-06-12T13:01:57.400Z</time></trkpt>
   <trkpt lat="46.5343946" lon="10.9935983"><ele>0.0</ele><time>2024-06-12T13:01:57.600Z</time></trkpt>
   <trkpt lat="46.5344530" lon="10.9936132"><ele>0.0</ele><time>2024-06-12T13:01:57.800Z</time></trkpt>
   <trkpt lat="46.5345115" lon="10.9936282"><ele>0.0</ele><time>2024-06-12T13:01:58.000Z</time></trkpt>
   <trkpt lat="46.5345699" lon="10.9936432"><ele>0.0</ele><time>2024-06-12T13:01:58.200Z</time></trkpt>
   <trkpt lat="46.5346284" lon="10.9936581"><ele>0.0</ele><time>2024-06-12T13:01:58.400Z</time></trkpt>
   <trkpt lat="46.5346869" lon="10.9936731"><ele>0.0</ele><time>2024-06-12T13:01:58.600Z</time></trkpt>
   <trkpt lat="46.5347453" lon="10.9936881"><ele>0.0</ele><time>2024-06-12T13:01:58.800Z</time></trkpt>
   <trkpt lat="46.5348038" lon="10.9937031"><ele>0.0</ele><time>2024-06-12T13:01:59.000Z</time></trkpt>
   <trkpt lat="46.5348622" lon="10.9937180"><ele>0.0</ele><time>2024-06-12T13:01:59.200Z</time></trkpt>
   <trkpt lat="46.5349207" lon="10.9937330"><ele>0.0</ele><time>2024-06-12T13:01:59.400Z</time></trkpt>
   <trkpt lat="46.5349791" lon="10.9937480"><ele>0.0</ele><time>2024-06-12T13:01:59.600Z</time></trkpt>
   <trkpt lat="46.5350376" lon="10.9937630"><ele>0.0</ele><time>2024-06-12T13:01:59.800Z</time></trkpt>
   <trkpt lat="46.5350960" lon="10.9937779"><ele>0.0</ele><time>2024-06-12T13:02:00.000Z</time></trkpt>
   <trkpt lat="46.5351545" lon="10.9937929"><ele>0.0</ele><time>2024-06-12T13:02:00.200Z</time></trkpt>
   <trkpt lat="46.5352129" lon="10.9938079"><ele>0.0</ele><time>2024-06-12T13:02:00.400Z</time></trkpt>
   <trkpt lat="46.5352714" lon="10.9938228"><ele>0.0</ele><time>2024-06-12T13:02:00.600Z</time></trkpt>
   <trkpt lat="46.5353298" lon="10.9938378"><ele>0.0</ele><time>2024-06-12T13:02:00.800Z</time></trkpt>
   <trkpt lat="46.5353883" lon="10.9938528"><ele>0.0</ele><time>2024-06-12T13:02:01.000Z</time></trkpt>
   <trkpt lat="46.5354467" lon="10.9938678"><ele>0.0</ele><time>2024-06-12T13:02:01.200Z</time></trkpt>
   <trkpt lat="46.5355052" lon="10.9938827"><ele>0.0</ele><time>2024-06-12T13:02:01.400Z</time></trkpt>
   <trkpt lat="46.5355637" lon="10.9938977"><ele>0.0</ele><time>2024-06-12T13:02:01.600Z</time></trkpt>
   <trkpt lat="46.5356221" lon="10.9939127"><ele>0.0</ele><time>2024-06-12T13:02:01.800Z</time></trkpt>
   <trkpt lat="46.5356806" lon="10.9939277"><ele>0.0</ele><time>2024-06-12T13:02:02.000Z</time></trkpt>
   <trkpt lat="46.5357390" lon="10.9939426"><ele>0.0</ele><time>2024-06-12T13:02:02.200Z</time></trkpt>
   <trkpt lat="46.5357975" lon="10.9939576"><ele>0.0</ele><time>2024-06-12T13:02:02.400Z</time></trkpt>
   <trkpt lat="46.5358559" lon="10.9939726"><ele>0.0</ele><time>2024-06-12T13:02:02.600Z</time></trkpt>
   <trkpt lat="46.5359144" lon="10.9939876"><ele>0.0</ele><time>2024-06-12T13:02:02.800Z</time></trkpt>
   <trkpt lat="46.5359728" lon="10.9940025"><ele>0.0</ele><time>2024-06-12T13:02:03.000Z</time></trkpt>
   <trkpt lat="46.5360313" lon="10.9940175"><ele>0.0</ele><time>2024-06-12T13:02:03.200Z</time></trkpt>
   <trkpt lat="46.5360897" lon="10.9940325"><ele>0.0</ele><time>2024-06-12T13:02:03.400Z</time></trkpt>
   <trkpt lat="46.5361482" lon="10.9940474"><ele>0.0</ele><time>2024-06-12T13:02:03.600Z</time></trkpt>
   <trkpt lat="46.5362066" lon="10.9940624"><ele>0.0</ele><time>2024-06-12T13:02:03.800Z</time></trkpt>
   <trkpt lat="46.5362651" lon="10.9940774"><ele>0.0</ele><time>2024-06-12T13:02:04.000Z</time></trkpt>
   <trkpt lat="46.5363236" lon="10.9940924"><ele>0.0</ele><time>2024-06-12T13:02:04.200Z</time></trkpt>
   <trkpt lat="46.5363820" lon="10.9941073"><ele>0.0</ele><time>2024-06-12T13:02:04.400Z</time></trkpt>
   <trkpt lat="46.5364405" lon="10.9941223"><ele>0.0</ele><time>2024-06-12T13:02:04.600Z</time></trkpt>
   <trkpt lat="46.5364989" lon="10.9941373"><ele>0.0</ele><time>2024-06-12T13:02:04.800Z</time></trkpt>
   <trkpt lat="46.5365574" lon="10.9941523"><ele>0.0</ele><time>2024-06-12T13:02:05.000Z</time></trkpt>
   <trkpt lat="46.5366158" lon="10.9941672"><ele>0.0</ele><time>2024-06-12T13:02:05.200Z</time></trkpt>
   <trkpt lat="46.5366743" lon="10.9941822"><ele>0.0</ele><time>2024-06-12T13:02:05.400Z</time></trkpt>
   <trkpt lat="46.5367327" lon="10.9941972"><ele>0.0</ele><time>2024-06-12T13:02:05.600Z</time></trkpt>
   <trkpt lat="46.5367912" lon="10.9942122"><ele>0.0</ele><time>2024-06-12T13:02:05.800Z</time></trkpt>
   <trkpt lat="46.5368496" lon="10.9942271"><ele>0.0</ele><time>2024-06-12T13:02:06.000Z</time></trkpt>
   <trkpt lat="46.5369081" lon="10.9942421"><ele>0.0</ele><time>2024-06-12T13:02:06.200Z</time></trkpt>
   <trkpt lat="46.5369665" lon="10.9942571"><ele>0.0</ele><time>2024-06-12T13:02:06.400Z</time></trkpt>
   <trkpt lat="46.5370250" lon="10.9942720"><ele>0.0</ele><time>2024-06-12T13:02:06.600Z</time></trkpt>
   <trkpt lat="46.5370834" lon="10.9942870"><ele>0.0</ele><time>2024-06-12T13:02:06.800Z</time></trkpt>
   <trkpt lat="46.5371419" lon="10.9943020"><ele>0.0</ele><time>2024-06-12T13:02:07.000Z</time></trkpt>
   <trkpt lat="46.5372004" lon="10.9943170"><ele>0.0</ele><time>2024-06-12T13:02:07.200Z</time></trkpt>
   <trkpt lat="46.5372588" lon="10.9943319"><ele>0.0</ele><time>2024-06-12T13:02:07.400Z</time></trkpt>
   <trkpt lat="46.5373173" lon="10.9943469"><ele>0.0</ele><time>2024-06-12T13:02:07.600Z</time></trkpt>
   <trkpt lat="46.5373757" lon="10.9943619"><ele>0.0</ele><time>2024-06-12T13:02:07.800Z</time></trkpt>
   <trkpt lat="46.5374342" lon="10.9943769"><ele>0.0</ele><time>2024-06-12T13:02:08.000Z</time></trkpt>
   <trkpt lat="46.5374926" lon="10.9943918"><ele>0.0</ele><time>2024-06-12T13:02:08.200Z</time></trkpt>
   <trkpt lat="46.5375511" lon="10.9944068"><ele>0.0</ele><time>2024-06-12T13:02:08.400Z</time></trkpt>
   <trkpt lat="46.5376095" lon="10.9944218"><ele>0.0</ele><time>2024-06-12T13:02:08.600Z</time></trkpt>
   <trkpt lat="46.5376680" lon="10.9944368"><ele>0.0</ele><time>2024-06-12T13:02:08.800Z</time></trkpt>
   <trkpt lat="46.5377264" lon="10.9944517"><ele>0.0</ele><time>2024-06-12T13:02:09.000Z</time></trkpt>
   <trkpt lat="46.5377849" lon="10.9944667"><ele>0.0</ele><time>2024-06-12T13:02:09.200Z</time></trkpt>
   <trkpt lat="46.5378433" lon="10.9944817"><ele>0.0</ele><time>2024-06-12T13:02:09.400Z</time></trkpt>
   <trkpt lat="46.5379018" lon="10.9944966"><ele>0.0</ele><time>2024-06-12T13:02:09.600Z</time></trkpt>
   <trkpt lat="46.5379602" lon="10.9945116"><ele>0.0</ele><time>2024-06-12T13:02:09.800Z</time></trkpt>
   <trkpt lat="46.5380187" lon="10.9945266"><ele>0.0</ele><time>2024-06-12T13:02:10.000Z</time></trkpt>
   <trkpt lat="46.5380772" lon="10.9945416"><ele>0.0</ele><time>2024-06-12T13:02:10.200Z</time></trkpt>
   <trkpt lat="46.5381356" lon="10.9945565"><ele>0.0</ele><time>2024-06-12T13:02:10.400Z</time></trkpt>
   <trkpt lat="46.5381941" lon="10.9945715"><ele>0.0</ele><time>2024-06-12T13:02:10.600Z</time></trkpt>
   <trkpt lat="46.5382525" lon="10.9945865"><ele>0.0</ele><time>2024-06-12T13:02:10.800Z</time></trkpt>
   <trkpt lat="46.5383110" lon="10.9946015"><ele>0.0</ele><time>2024-06-12T13:02:11.000Z</time></trkpt>
   <trkpt lat="46.5383694" lon="10.9946164"><ele>0.0</ele><time>2024-06-12T13:02:11.200Z</time></trkpt>
   <trkpt lat="46.5384279" lon="10.9946314"><ele>0.0</ele><time>2024-06-12T13:02:11.400Z</time></trkpt>
   <trkpt lat="46.5384863" lon="10.9946464"><ele>0.0</ele><time>2024-06-12T13:02:11.600Z</time></trkpt>
   <trkpt lat="46.5385448" lon="10.9946614"><ele>0.0</ele><time>2024-06-12T13:02:11.800Z</time></trkpt>
   <trkpt lat="46.5386032" lon="10.9946763"><ele>0.0</ele><time>2024-06-12T13:02:12.000Z</time></trkpt>
   <trkpt lat="46.5386617" lon="10.9946913"><ele>0.0</ele><time>2024-06-12T13:02:12.200Z</time></trkpt>
   <trkpt lat="46.5387201" lon="10.9947063"><ele>0.0</ele><time>2024-06-12T13:02:12.400Z</time></trkpt>
   <trkpt lat="46.5387786" lon="10.9947212"><ele>0.0</ele><time>2024-06-12T13:02:12.600Z</time></trkpt>
   <trkpt lat="46.5388370" lon="10.9947362"><ele>0.0</ele><time>2024-06-12T13:02:12.800Z</time></trkpt>
   <trkpt lat="46.5388955" lon="10.9947512"><ele>0.0</ele><time>2024-06-12T13:02:13.000Z</time></trkpt>
   <trkpt lat="46.5389540" lon="10.9947662"><ele>0.0</ele><time>2024-06-12T13:02:13.200Z</time></trkpt>
   <trkpt lat="46.5390124" lon="10.9947811"><ele>0.0</ele><time>2024-06-12T13:02:13.400Z</time></trkpt>
   <trkpt lat="46.5390709" lon="10.9947961"><ele>0.0</ele><time>2024-06-12T13:02:13.600Z</time></trkpt>
   <trkpt lat="46.5391293" lon="10.9948111"><ele>0.0</ele><time>2024-06-12T13:02:13.800Z</time></trkpt>
   <trkpt lat="46.5391878" lon="10.9948261"><ele>0.0</ele><time>2024-06-12T13:02:14.000Z</time></trkpt>
   <trkpt lat="46.5392462" lon="10.9948410"><ele>0.0</ele><time>2024-06-12T13:02:14.200Z</time></trkpt>
   <trkpt lat="46.5393047" lon="10.9948560"><ele>0.0</ele><time>2024-06-12T13:02:14.400Z</time></trkpt>
   <trkpt lat="46.5393631" lon="10.9948710"><ele>0.0</ele><time>2024-06-12T13:02:14.600Z</time></trkpt>
   <trkpt lat="46.5394216" lon="10.9948860"><ele>0.0</ele><time>2024-06-12T13:02:14.800Z</time></trkpt>
   <trkpt lat="46.5394800" lon="10.9949009"><ele>0.0</ele><time>2024-06-12T13:02:15.000Z</time></trkpt>
   <trkpt lat="46.5395385" lon="10.9949159"><ele>0.0</ele><time>2024-06-12T13:02:15.200Z</time></trkpt>
   <trkpt lat="46.5395969" lon="10.9949309"><ele>0.0</ele><time>2024-06-12T13:02:15.400Z</time></trkpt>
   <trkpt lat="46.5396554" lon="10.9949458"><ele>0.0</ele><time>2024-06-12T13:02:15.600Z</time></trkpt>
   <trkpt lat="46.5397138" lon="10.9949608"><ele>0.0</ele><time>2024-06-12T13:02:15.800Z</time></trkpt>
   <trkpt lat="46.5397723" lon="10.9949758"><ele>0.0</ele><time>2024-06-12T13:02:16.000Z</time></trkpt>
   <trkpt lat="46.5398308" lon="10.9949908"><ele>0.0</ele><time>2024-06-12T13:02:16.200Z</time></trkpt>
   <trkpt lat="46.5398892" lon="10.9950057"><ele>0.0</ele><time>2024-06-12T13:02:16.400Z</time></trkpt>
   <trkpt lat="46.5399477" lon="10.9950207"><ele>0.0</ele><time>2024-06-12T13:02:16.600Z</time></trkpt>
   <trkpt lat="46.5400061" lon="10.9950357"><ele>0.0</ele><time>2024-06-12T13:02:16.800Z</time></trkpt>
   <trkpt lat="46.5400646" lon="10.9950507"><ele>0.0</ele><time>2024-06-12T13:02:17.000Z</time></trkpt>
   <trkpt lat="46.5401230" lon="10.9950656"><ele>0.0</ele><time>2024-06-12T13:02:17.200Z</time></trkpt>
   <trkpt lat="46.5401815" lon="10.9950806"><ele>0.0</ele><time>2024-06-12T13:02:17.400Z</time></trkpt>
   <trkpt lat="46.5402399" lon="10.9950956"><ele>0.0</ele><time>2024-06-12T13:02:17.600Z</time></trkpt>
   <trkpt lat="46.5402984" lon="10.9951105"><ele>0.0</ele><time>2024-06-12T13:02:17.800Z</time></trkpt>
   <trkpt lat="46.5403568" lon="10.9951255"><ele>0.0</ele><time>2024-06-12T13:02:18.000Z</time></trkpt>
   <trkpt lat="46.5404153" lon="10.9951405"><ele>0.0</ele><time>2024-06-12T13:02:18.200Z</time></trkpt>
   <trkpt lat="46.5404737" lon="10.9951555"><ele>0.0</ele><time>2024-06-12T13:02:18.400Z</time></trkpt>
   <trkpt lat="46.5405322" lon="10.9951704"><ele>0.0</ele><time>2024-06-12T13:02:18.600Z</time></trkpt>
   <trkpt lat="46.5405906" lon="10.9951854"><ele>0.0</ele><time>2024-06-12T13:02:18.800Z</time></trkpt>
   <trkpt lat="46.5406491" lon="10.9952004"><ele>0.0</ele><time>2024-06-12T13:02:19.000Z</time></trkpt>
   <trkpt lat="46.5407076" lon="10.9952154"><ele>0.0</ele><time>2024-06-12T13:02:19.200Z</time></trkpt>
   <trkpt lat="46.5407660" lon="10.9952303"><ele>0.0</ele><time>2024-06-12T13:02:19.400Z</time></trkpt>
   <trkpt lat="46.5408245" lon="10.9952453"><ele>0.0</ele><time>2024-06-12T13:02:19.600Z</time></trkpt>
   <trkpt lat="46.5408829" lon="10.9952603"><ele>0.0</ele><time>2024-06-12T13:02:19.800Z</time></trkpt>
   <trkpt lat="46.5409414" lon="10.9952753"><ele>0.0</ele><time>2024-06-12T13:02:20.000Z</time></trkpt>
   <trkpt lat="46.5409998" lon="10.9952902"><ele>0.0</ele><time>2024-06-12T13:02:20.200Z</time></trkpt>
   <trkpt lat="46.5410583" lon="10.9953052"><ele>0.0</ele><time>2024-06-12T13:02:20.400Z</time></trkpt>
   <trkpt lat="46.5411167" lon="10.9953202"><ele>0.0</ele><time>2024-06-12T13:02:20.600Z</time></trkpt>
   <trkpt lat="46.5411752" lon="10.9953351"><ele>0.0</ele><time>2024-06-12T13:02:20.800Z</time></trkpt>
   <trkpt lat="46.5412336" lon="10.9953501"><ele>0.0</ele><time>2024-06-12T13:02:21.000Z</time></trkpt>
   <trkpt lat="46.5412921" lon="10.9953651"><ele>0.0</ele><time>2024-06-12T13:02:21.200Z</time></trkpt>
   <trkpt lat="46.5413505" lon="10.9953801"><ele>0.0</ele><time>2024-06-12T13:02:21.400Z</time></trkpt>
   <trkpt lat="46.5414090" lon="10.9953950"><ele>0.0</ele><time>2024-06-12T13:02:21.600Z</time></trkpt>
   <trkpt lat="46.5414675" lon="10.9954100"><ele>0.0</ele><time>2024-06-12T13:02:21.800Z</time></trkpt>
   <trkpt lat="46.5415259" lon="10.9954250"><ele>0.0</ele><time>2024-06-12T13:02:22.000Z</time></trkpt>
   <trkpt lat="46.5415844" lon="10.9954400"><ele>0.0</ele><time>2024-06-12T13:02:22.200Z</time></trkpt>
   <trkpt lat="46.5416428" lon="10.9954549"><ele>0.0</ele><time>2024-06-12T13:02:22.400Z</time></trkpt>
   <trkpt lat="46.5417013" lon="10.9954699"><ele>0.0</ele><time>2024-06-12T13:02:22.600Z</time></trkpt>
   <trkpt lat="46.5417597" lon="10.9954849"><ele>0.0</ele><time>2024-06-12T13:02:22.800Z</time></trkpt>
   <trkpt lat="46.5418182" lon="10.9954999"><ele>0.0</ele><time>2024-06-12T13:02:23.000Z</time></trkpt>
   <trkpt lat="46.5418766" lon="10.9955148"><ele>0.0</ele><time>2024-06-12T13:02:23.200Z</time></trkpt>
   <trkpt lat="46.5419351" lon="10.9955298"><ele>0.0</ele><time>2024-06-12T13:02:23.400Z</time></trkpt>
   <trkpt lat="46.5419935" lon="10.9955448"><ele>0.0</ele><time>2024-06-12T13:02:23.600Z</time></trkpt>
   <trkpt lat="46.5420520" lon="10.9955597"><ele>0.0</ele><time>2024-06-12T13:02:23.800Z</time></trkpt>
   <trkpt lat="46.5421104" lon="10.9955747"><ele>0.0</ele><time>2024-06-12T13:02:24.000Z</time></trkpt>
   <trkpt lat="46.5421689" lon="10.9955897"><ele>0.0</ele><time>2024-06-12T13:02:24.200Z</time></trkpt>
   <trkpt lat="46.5422273" lon="10.9956047"><ele>0.0</ele><time>2024-06-12T13:02:24.400Z</time></trkpt>
   <trkpt lat="46.5422858" lon="10.9956196"><ele>0.0</ele><time>2024-06-12T13:02:24.600Z</time></trkpt>
   <trkpt lat="46.5423443" lon="10.9956346"><ele>0.0</ele><time>2024-06-12T13:02:24.800Z</time></trkpt>
   <trkpt lat="46.5424027" lon="10.9956496"><ele>0.0</ele><time>2024-06-12T13:02:25.000Z</time></trkpt>
   <trkpt lat="46.5424612" lon="10.9956646"><ele>0.0</ele><time>2024-06-12T13:02:25.200Z</time></trkpt>
   <trkpt lat="46.5425196" lon="10.9956795"><ele>0.0</ele><time>2024-06-12T13:02:25.400Z</time></trkpt>
   <trkpt lat="46.5425781" lon="10.9956945"><ele>0.0</ele><time>2024-06-12T13:02:25.600Z</time></trkpt>
   <trkpt lat="46.5426365" lon="10.9957095"><ele>0.0</ele><time>2024-06-12T13:02:25.800Z</time></trkpt>
   <trkpt lat="46.5426950" lon="10.9957245"><ele>0.0</ele><time>2024-06-12T13:02:26.000Z</time></trkpt>
   <trkpt lat="46.5427534" lon="10.9957394"><ele>0.0</ele><time>2024-06-12T13:02:26.200Z</time></trkpt>
   <trkpt lat="46.5428119" lon="10.9957544"><ele>0.0</ele><time>2024-06-12T13:02:26.400Z</time></trkpt>
   <trkpt lat="46.5428703" lon="10.9957694"><ele>0.0</ele><time>2024-06-12T13:02:26.600Z</time></trkpt>
   <trkpt lat="46.5429288" lon="10.9957843"><ele>0.0</ele><time>2024-06-12T13:02:26.800Z</time></trkpt>
   <trkpt lat="46.5429872" lon="10.9957993"><ele>0.0</ele><time>2024-06-12T13:02:27.000Z</time></trkpt>
   <trkpt lat="46.5430457" lon="10.9958143"><ele>0.0</ele><time>2024-06-12T13:02:27.200Z</time></trkpt>
   <trkpt lat="46.5431041" lon="10.9958293"><ele>0.0</ele><time>2024-06-12T13:02:27.400Z</time></trkpt>
   <trkpt lat="46.5431626" lon="10.9958442"><ele>0.0</ele><time>2024-06-12T13:02:27.600Z</time></trkpt>
   <trkpt lat="46.5432211" lon="10.9958592"><ele>0.0</ele><time>2024-06-12T13:02:27.800Z</time></trkpt>
   <trkpt lat="46.5432795" lon="10.9958742"><ele>0.0</ele><time>2024-06-12T13:02:28.000Z</time></trkpt>
   <trkpt lat="46.5433380" lon="10.9958892"><ele>0.0</ele><time>2024-06-12T13:02:28.200Z</time></trkpt>
   <trkpt lat="46.5433964" lon="10.9959041"><ele>0.0</ele><time>2024-06-12T13:02:28.400Z</time></trkpt>
   <trkpt lat="46.5434549" lon="10.9959191"><ele>0.0</ele><time>2024-06-12T13:02:28.600Z</time></trkpt>
   <trkpt lat="46.5435133" lon="10.9959341"><ele>0.0</ele><time>2024-06-12T13:02:28.800Z</time></trkpt>
   <trkpt lat="46.5435718" lon="10.9959491"><ele>0.0</ele><time>2024-06-12T13:02:29.000Z</time></trkpt>
   <trkpt lat="46.5436302" lon="10.9959640"><ele>0.0</ele><time>2024-06-12T13:02:29.200Z</time></trkpt>
   <trkpt lat="46.5436887" lon="10.9959790"><ele>0.0</ele><time>2024-06-12T13:02:29.400Z</time></trkpt>
   <trkpt lat="46.5437471" lon="10.9959940"><ele>0.0</ele><time>2024-06-12T13:02:29.600Z</time></trkpt>
   <trkpt lat="46.5438056" lon="10.9960089"><ele>0.0</ele><time>2024-06-12T13:02:29.800Z</time></trkpt>
   <trkpt lat="46.5438640" lon="10.9960239"><ele>0.0</ele><time>2024-06-12T13:02:30.000Z</time></trkpt>
   <trkpt lat="46.5439225" lon="10.9960389"><ele>0.0</ele><time>2024-06-12T13:02:30.200Z</time></trkpt>
   <trkpt lat="46.5439809" lon="10.9960539"><ele>0.0</ele><time>2024-06-12T13:02:30.400Z</time></trkpt>
   <trkpt lat="46.5440394" lon="10.9960688"><ele>0.0</ele><time>2024-06-12T13:02:30.600Z</time></trkpt>
   <trkpt lat="46.5440979" lon="10.9960838"><ele>0.0</ele><time>2024-06-12T13:02:30.800Z</time></trkpt>
   <trkpt lat="46.5441563" lon="10.9960988"><ele>0.0</ele><time>2024-06-12T13:02:31.1000Z</time></trkpt>
   <trkpt lat="46.5442148" lon="10.9961138"><ele>0.0</ele><time>2024-06-12T13:02:31.200Z</time></trkpt>
   <trkpt lat="46.5442732" lon="10.9961287"><ele>0.0</ele><time>2024-06-12T13:02:31.400Z</time></trkpt>
   <trkpt lat="46.5443317" lon="10.9961437"><ele>0.0</ele><time>2024-06-12T13:02:31.600Z</time></trkpt>
   <trkpt lat="46.5443901" lon="10.9961587"><ele>0.0</ele><time>2024-06-12T13:02:31.800Z</time></trkpt>
   <trkpt lat="46.5444486" lon="10.9961737"><ele>0.0</ele><time>2024-06-12T13:02:32.1000Z</time></trkpt>
   <trkpt lat="46.5445070" lon="10.9961886"><ele>0.0</ele><time>2024-06-12T13:02:32.200Z</time></trkpt>
   <trkpt lat="46.5445655" lon="10.9962036"><ele>0.0</ele><time>2024-06-12T13:02:32.400Z</time></trkpt>
   <trkpt lat="46.5446239" lon="10.9962186"><ele>0.0</ele><time>2024-06-12T13:02:32.600Z</time></trkpt>
   <trkpt lat="46.5446824" lon="10.9962335"><ele>0.0</ele><time>2024-06-12T13:02:32.800Z</time></trkpt>
   <trkpt lat="46.5447408" lon="10.9962485"><ele>0.0</ele><time>2024-06-12T13:02:33.1000Z</time></trkpt>
   <trkpt lat="46.5447993" lon="10.9962635"><ele>0.0</ele><time>2024-06-12T13:02:33.200Z</time></trkpt>
   <trkpt lat="46.5448577" lon="10.9962785"><ele>0.0</ele><time>2024-06-12T13:02:33.400Z</time></trkpt>
   <trkpt lat="46.5449162" lon="10.9962934"><ele>0.0</ele><time>2024-06-12T13:02:33.600Z</time></trkpt>
   <trkpt lat="46.5449747" lon="10.9963084"><ele>0.0</ele><time>2024-06-12T13:02:33.800Z</time></trkpt>
   <trkpt lat="46.5450331" lon="10.9963234"><ele>0.0</ele><time>2024-06-12T13:02:34.1000Z</time></trkpt>
   <trkpt lat="46.5450916" lon="10.9963384"><ele>0.0</ele><time>2024-06-12T13:02:34.200Z</time></trkpt>
   <trkpt lat="46.5451500" lon="10.9963533"><ele>0.0</ele><time>2024-06-12T13:02:34.400Z</time></trkpt>
   <trkpt lat="46.5452085" lon="10.9963683"><ele>0.0</ele><time>2024-06-12T13:02:34.600Z</time></trkpt>
   <trkpt lat="46.5452669" lon="10.9963833"><ele>0.0</ele><time>2024-06-12T13:02:34.800Z</time></trkpt>
   <trkpt lat="46.5453254" lon="10.9963983"><ele>0.0</ele><time>2024-06-12T13:02:35.1000Z</time></trkpt>
   <trkpt lat="46.5453838" lon="10.9964132"><ele>0.0</ele><time>2024-06-12T13:02:35.200Z</time></trkpt>
   <trkpt lat="46.5454423" lon="10.9964282"><ele>0.0</ele><time>2024-06-12T13:02:35.400Z</time></trkpt>
   <trkpt lat="46.5455007" lon="10.9964432"><ele>0.0</ele><time>2024-06-12T13:02:35.600Z</time></trkpt>
   <trkpt lat="46.5455592" lon="10.9964581"><ele>0.0</ele><time>2024-06-12T13:02:35.800Z</time></trkpt>
   <trkpt lat="46.5456176" lon="10.9964731"><ele>0.0</ele><time>2024-06-12T13:02:36.1000Z</time></trkpt>
   <trkpt lat="46.5456761" lon="10.9964881"><ele>0.0</ele><time>2024-06-12T13:02:36.200Z</time></trkpt>
   <trkpt lat="46.5457345" lon="10.9965031"><ele>0.0</ele><time>2024-06-12T13:02:36.400Z</time></trkpt>
   <trkpt lat="46.5457930" lon="10.9965180"><ele>0.0</ele><time>2024-06-12T13:02:36.600Z</time></trkpt>
   <trkpt lat="46.5458515" lon="10.9965330"><ele>0.0</ele><time>2024-06-12T13:02:36.800Z</time></trkpt>
   <trkpt lat="46.5459099" lon="10.9965480"><ele>0.0</ele><time>2024-06-12T13:02:37.1000Z</time></trkpt>
   <trkpt lat="46.5459684" lon="10.9965630"><ele>0.0</ele><time>2024-06-12T13:02:37.200Z</time></trkpt>
   <trkpt lat="46.5460268" lon="10.9965779"><ele>0.0</ele><time>2024-06-12T13:02:37.400Z</time></trkpt>
   <trkpt lat="46.5460853" lon="10.9965929"><ele>0.0</ele><time>2024-06-12T13:02:37.600Z</time></trkpt>
   <trkpt lat="46.5461437" lon="10.9966079"><ele>0.0</ele><time>2024-06-12T13:02:37.800Z</time></trkpt>
   <trkpt lat="46.5462022" lon="10.9966228"><ele>0.0</ele><time>2024-06-12T13:02:38.1000Z</time></trkpt>
   <trkpt lat="46.5462606" lon="10.9966378"><ele>0.0</ele><time>2024-06-12T13:02:38.200Z</time></trkpt>
   <trkpt lat="46.5463191" lon="10.9966528"><ele>0.0</ele><time>2024-06-12T13:02:38.400Z</time></trkpt>
   <trkpt lat="46.5463775" lon="10.9966678"><ele>0.0</ele><time>2024-06-12T13:02:38.600Z</time></trkpt>
   <trkpt lat="46.5464360" lon="10.9966827"><ele>0.0</ele><time>2024-06-12T13:02:38.800Z</time></trkpt>
   <trkpt lat="46.5464944" lon="10.9966977"><ele>0.0</ele><time>2024-06-12T13:02:39.1000Z</time></trkpt>
   <trkpt lat="46.5465529" lon="10.9967127"><ele>0.0</ele><time>2024-06-12T13:02:39.200Z</time></trkpt>
   <trkpt lat="46.5466114" lon="10.9967277"><ele>0.0</ele><time>2024-06-12T13:02:39.400Z</time></trkpt>
   <trkpt lat="46.5466698" lon="10.9967426"><ele>0.0</ele><time>2024-06-12T13:02:39.600Z</time></trkpt>
   <trkpt lat="46.5467283" lon="10.9967576"><ele>0.0</ele><time>2024-06-12T13:02:39.800Z</time></trkpt>
   <trkpt lat="46.5467867" lon="10.9967726"><ele>0.0</ele><time>2024-06-12T13:02:40.1000Z</time></trkpt>
   <trkpt lat="46.5468452" lon="10.9967876"><ele>0.0</ele><time>2024-06-12T13:02:40.200Z</time></trkpt>
   <trkpt lat="46.5469036" lon="10.9968025"><ele>0.0</ele><time>2024-06-12T13:02:40.400Z</time></trkpt>
   <trkpt lat="46.5469621" lon="10.9968175"><ele>0.0</ele><time>2024-06-12T13:02:40.600Z</time></trkpt>
   <trkpt lat="46.5470205" lon="10.9968325"><ele>0.0</ele><time>2024-06-12T13:02:40.800Z</time></trkpt>
   <trkpt lat="46.5470790" lon="10.9968474"><ele>0.0</ele><time>2024-06-12T13:02:41.1000Z</time></trkpt>
   <trkpt lat="46.5471374" lon="10.9968624"><ele>0.0</ele><time>2024-06-12T13:02:41.200Z</time></trkpt>
   <trkpt lat="46.5471959" lon="10.9968774"><ele>0.0</ele><time>2024-06-12T13:02:41.400Z</time></trkpt>
   <trkpt lat="46.5472543" lon="10.9968924"><ele>0.0</ele><time>2024-06-12T13:02:41.600Z</time></trkpt>
   <trkpt lat="46.5473128" lon="10.9969073"><ele>0.0</ele><time>2024-06-12T13:02:41.800Z</time></trkpt>
   <trkpt lat="46.5473712" lon="10.9969223"><ele>0.0</ele><time>2024-06-12T13:02:42.1000Z</time></trkpt>
   <trkpt lat="46.5474297" lon="10.9969373"><ele>0.0</ele><time>2024-06-12T13:02:42.200Z</time></trkpt>
   <trkpt lat="46.5474882" lon="10.9969523"><ele>0.0</ele><time>2024-06-12T13:02:42.400Z</time></trkpt>
   <trkpt lat="46.5475466" lon="10.9969672"><ele>0.0</ele><time>2024-06-12T13:02:42.600Z</time></trkpt>
   <trkpt lat="46.5476051" lon="10.9969822"><ele>0.0</ele><time>2024-06-12T13:02:42.800Z</time></trkpt>
   <trkpt lat="46.5476635" lon="10.9969972"><ele>0.0</ele><time>2024-06-12T13:02:43.1000Z</time></trkpt>
   <trkpt lat="46.5477220" lon="10.9970122"><ele>0.0</ele><time>2024-06-12T13:02:43.200Z</time></trkpt>
   <trkpt lat="46.5477804" lon="10.9970271"><ele>0.0</ele><time>2024-06-12T13:02:43.400Z</time></trkpt>
   <trkpt lat="46.5478389" lon="10.9970421"><ele>0.0</ele><time>2024-06-12T13:02:43.600Z</time></trkpt>
   <trkpt lat="46.5478973" lon="10.9970571"><ele>0.0</ele><time>2024-06-12T13:02:43.800Z</time></trkpt>
   <trkpt lat="46.5479558" lon="10.9970720"><ele>0.0</ele><time>2024-06-12T13:02:44.1000Z</time></trkpt>
   <trkpt lat="46.5480142" lon="10.9970870"><ele>0.0</ele><time>2024-06-12T13:02:44.200Z</time></trkpt>
   <trkpt lat="46.5480727" lon="10.9971020"><ele>0.0</ele><time>2024-06-12T13:02:44.400Z</time></trkpt>
   <trkpt lat="46.5481311" lon="10.9971170"><ele>0.0</ele><time>2024-06-12T13:02:44.600Z</time></trkpt>
   <trkpt lat="46.5481896" lon="10.9971319"><ele>0.0</ele><time>2024-06-12T13:02:44.800Z</time></trkpt>
   <trkpt lat="46.5482480" lon="10.9971469"><ele>0.0</ele><time>2024-06-12T13:02:45.1000Z</time></trkpt>
   <trkpt lat="46.5483065" lon="10.9971619"><ele>0.0</ele><time>2024-06-12T13:02:45.200Z</time></trkpt>
   <trkpt lat="46.5483650" lon="10.9971769"><ele>0.0</ele><time>2024-06-12T13:02:45.400Z</time></trkpt>
   <trkpt lat="46.5484234" lon="10.9971918"><ele>0.0</ele><time>2024-06-12T13:02:45.600Z</time></trkpt>
   <trkpt lat="46.5484819" lon="10.9972068"><ele>0.0</ele><time>2024-06-12T13:02:45.800Z</time></trkpt>
   <trkpt lat="46.5485403" lon="10.9972218"><ele>0.0</ele><time>2024-06-12T13:02:46.1000Z</time></trkpt>
   <trkpt lat="46.5485988" lon="10.9972368"><ele>0.0</ele><time>2024-06-12T13:02:46.200Z</time></trkpt>
   <trkpt lat="46.5486572" lon="10.9972517"><ele>0.0</ele><time>2024-06-12T13:02:46.400Z</time></trkpt>
   <trkpt lat="46.5487157" lon="10.9972667"><ele>0.0</ele><time>2024-06-12T13:02:46.600Z</time></trkpt>
   <trkpt lat="46.5487741" lon="10.9972817"><ele>0.0</ele><time>2024-06-12T13:02:46.800Z</time></trkpt>
   <trkpt lat="46.5488326" lon="10.9972966"><ele>0.0</ele><time>2024-06-12T13:02:47.1000Z</time></trkpt>
   <trkpt lat="46.5488910" lon="10.9973116"><ele>0.0</ele><time>2024-06-12T13:02:47.200Z</time></trkpt>
   <trkpt lat="46.5489495" lon="10.9973266"><ele>0.0</ele><time>2024-06-12T13:02:47.400Z</time></trkpt>
   <trkpt lat="46.5490079" lon="10.9973416"><ele>0.0</ele><time>2024-06-12T13:02:47.600Z</time></trkpt>
   <trkpt lat="46.5490664" lon="10.9973565"><ele>0.0</ele><time>2024-06-12T13:02:47.800Z</time></trkpt>
   <trkpt lat="46.5491248" lon="10.9973715"><ele>0.0</ele><time>2024-06-12T13:02:48.1000Z</time></trkpt>
   <trkpt lat="46.5491833" lon="10.9973865"><ele>0.0</ele><time>2024-06-12T13:02:48.200Z</time></trkpt>
   <trkpt lat="46.5492418" lon="10.9974015"><ele>0.0</ele><time>2024-06-12T13:02:48.400Z</time></trkpt>
   <trkpt lat="46.5493002" lon="10.9974164"><ele>0.0</ele><time>2024-06-12T13:02:48.600Z</time></trkpt>
   <trkpt lat="46.5493587" lon="10.9974314"><ele>0.0</ele><time>2024-06-12T13:02:48.800Z</time></trkpt>
   <trkpt lat="46.5494171" lon="10.9974464"><ele>0.0</ele><time>2024-06-12T13:02:49.1000Z</time></trkpt>
   <trkpt lat="46.5494756" lon="10.9974614"><ele>0.0</ele><time>2024-06-12T13:02:49.200Z</time></trkpt>
   <trkpt lat="46.5495340" lon="10.9974763"><ele>0.0</ele><time>2024-06-12T13:02:49.400Z</time></trkpt>
   <trkpt lat="46.5495925" lon="10.9974913"><ele>0.0</ele><time>2024-06-12T13:02:49.600Z</time></trkpt>
   <trkpt lat="46.5496509" lon="10.9975063"><ele>0.0</ele><time>2024-06-12T13:02:49.800Z</time></trkpt>
   <trkpt lat="46.5497094" lon="10.9975212"><ele>0.0</ele><time>2024-06-12T13:02:50.1000Z</time></trkpt>
   <trkpt lat="46.5497678" lon="10.9975362"><ele>0.0</ele><time>2024-06-12T13:02:50.200Z</time></trkpt>
   <trkpt lat="46.5498263" lon="10.9975512"><ele>0.0</ele><time>2024-06-12T13:02:50.400Z</time></trkpt>
   <trkpt lat="46.5498847" lon="10.9975662"><ele>0.0</ele><time>2024-06-12T13:02:50.600Z</time></trkpt>
   <trkpt lat="46.5499432" lon="10.9975811"><ele>0.0</ele><time>2024-06-12T13:02:50.800Z</time></trkpt>
   <trkpt lat="46.5500016" lon="10.9975961"><ele>0.0</ele><time>2024-06-12T13:02:51.1000Z</time></trkpt>
   <trkpt lat="46.5500601" lon="10.9976111"><ele>0.0</ele><time>2024-06-12T13:02:51.200Z</time></trkpt>
   <trkpt lat="46.5501186" lon="10.9976261"><ele>0.0</ele><time>2024-06-12T13:02:51.400Z</time></trkpt>
   <trkpt lat="46.5501770" lon="10.9976410"><ele>0.0</ele><time>2024-06-12T13:02:51.600Z</time></trkpt>
   <trkpt lat="46.5502355" lon="10.9976560"><ele>0.0</ele><time>2024-06-12T13:02:51.800Z</time></trkpt>
   <trkpt lat="46.5502939" lon="10.9976710"><ele>0.0</ele><time>2024-06-12T13:02:52.1000Z</time></trkpt>
   <trkpt lat="46.5503524" lon="10.9976860"><ele>0.0</ele><time>2024-06-12T13:02:52.200Z</time></trkpt>
   <trkpt lat="46.5504108" lon="10.9977009"><ele>0.0</ele><time>2024-06-12T13:02:52.400Z</time></trkpt>
   <trkpt lat="46.5504693" lon="10.9977159"><ele>0.0</ele><time>2024-06-12T13:02:52.600Z</time></trkpt>
   <trkpt lat="46.5505277" lon="10.9977309"><ele>0.0</ele><time>2024-06-12T13:02:52.800Z</time></trkpt>
   <trkpt lat="46.5505862" lon="10.9977458"><ele>0.0</ele><time>2024-06-12T13:02:53.1000Z</time></trkpt>
   <trkpt lat="46.5506446" lon="10.9977608"><ele>0.0</ele><time>2024-06-12T13:02:53.200Z</time></trkpt>
   <trkpt lat="46.5507031" lon="10.9977758"><ele>0.0</ele><time>2024-06-12T13:02:53.400Z</time></trkpt>
   <trkpt lat="46.5507615" lon="10.9977908"><ele>0.0</ele><time>2024-06-12T13:02:53.600Z</time></trkpt>
   <trkpt lat="46.5508200" lon="10.9978057"><ele>0.0</ele><time>2024-06-12T13:02:53.800Z</time></trkpt>
   <trkpt lat="46.5508784" lon="10.9978207"><ele>0.0</ele><time>2024-06-12T13:02:54.1000Z</time></trkpt>
   <trkpt lat="46.5509369" lon="10.9978357"><ele>0.0</ele><time>2024-06-12T13:02:54.200Z</time></trkpt>
   <trkpt lat="46.5509954" lon="10.9978507"><ele>0.0</ele><time>2024-06-12T13:02:54.400Z</time></trkpt>
   <trkpt lat="46.5510538" lon="10.9978656"><ele>0.0</ele><time>2024-06-12T13:02:54.600Z</time></trkpt>
   <trkpt lat="46.5511123" lon="10.9978806"><ele>0.0</ele><time>2024-06-12T13:02:54.800Z</time></trkpt>
   <trkpt lat="46.5511707" lon="10.9978956"><ele>0.0</ele><time>2024-06-12T13:02:55.1000Z</time></trkpt>
   <trkpt lat="46.5512292" lon="10.9979105"><ele>0.0</ele><time>2024-06-12T13:02:55.200Z</time></trkpt>
   <trkpt lat="46.5512876" lon="10.9979255"><ele>0.0</ele><time>2024-06-12T13:02:55.400Z</time></trkpt>
   <trkpt lat="46.5513461" lon="10.9979405"><ele>0.0</ele><time>2024-06-12T13:02:55.600Z</time></trkpt>
   <trkpt lat="46.5514045" lon="10.9979555"><ele>0.0</ele><time>2024-06-12T13:02:55.800Z</time></trkpt>
   <trkpt lat="46.5514630" lon="10.9979704"><ele>0.0</ele><time>2024-06-12T13:02:56.1000Z</time></trkpt>
   <trkpt lat="46.5515214" lon="10.9979854"><ele>0.0</ele><time>2024-06-12T13:02:56.200Z</time></trkpt>
   <trkpt lat="46.5515799" lon="10.9980004"><ele>0.0</ele><time>2024-06-12T13:02:56.400Z</time></trkpt>
   <trkpt lat="46.5516383" lon="10.9980154"><ele>0.0</ele><time>2024-06-12T13:02:56.600Z</time></trkpt>
   <trkpt lat="46.5516968" lon="10.9980303"><ele>0.0</ele><time>2024-06-12T13:02:56.800Z</time></trkpt>
   <trkpt lat="46.5517553" lon="10.9980453"><ele>0.0</ele><time>2024-06-12T13:02:57.1000Z</time></trkpt>
   <trkpt lat="46.5518137" lon="10.9980603"><ele>0.0</ele><time>2024-06-12T13:02:57.200Z</time></trkpt>
   <trkpt lat="46.5518722" lon="10.9980753"><ele>0.0</ele><time>2024-06-12T13:02:57.400Z</time></trkpt>
   <trkpt lat="46.5519306" lon="10.9980902"><ele>0.0</ele><time>2024-06-12T13:02:57.600Z</time></trkpt>
   <trkpt lat="46.5519891" lon="10.9981052"><ele>0.0</ele><time>2024-06-12T13:02:57.800Z</time></trkpt>
   <trkpt lat="46.5520475" lon="10.9981202"><ele>0.0</ele><time>2024-06-12T13:02:58.1000Z</time></trkpt>
   <trkpt lat="46.5521060" lon="10.9981351"><ele>0.0</ele><time>2024-06-12T13:02:58.200Z</time></trkpt>
   <trkpt lat="46.5521644" lon="10.9981501"><ele>0.0</ele><time>2024-06-12T13:02:58.400Z</time></trkpt>
   <trkpt lat="46.5522229" lon="10.9981651"><ele>0.0</ele><time>2024-06-12T13:02:58.600Z</time></trkpt>
   <trkpt lat="46.5522813" lon="10.9981801"><ele>0.0</ele><time>2024-06-12T13:02:58.800Z</time></trkpt>
   <trkpt lat="46.5523398" lon="10.9981950"><ele>0.0</ele><time>2024-06-12T13:02:59.1000Z</time></trkpt>
   <trkpt lat="46.5523982" lon="10.9982100"><ele>0.0</ele><time>2024-06-12T13:02:59.200Z</time></trkpt>
   <trkpt lat="46.5524567" lon="10.9982250"><ele>0.0</ele><time>2024-06-12T13:02:59.400Z</time></trkpt>
   <trkpt lat="46.5525151" lon="10.9982400"><ele>0.0</ele><time>2024-06-12T13:02:59.600Z</time></trkpt>
   <trkpt lat="46.5525736" lon="10.9982549"><ele>0.0</ele><time>2024-06-12T13:02:59.800Z</time></trkpt>
   <trkpt lat="46.5526321" lon="10.9982699"><ele>0.0</ele><time>2024-06-12T13:03:00.1000Z</time></trkpt>
   <trkpt lat="46.5526905" lon="10.9982849"><ele>0.0</ele><time>2024-06-12T13:03:00.200Z</time></trkpt>
   <trkpt lat="46.5527490" lon="10.9982999"><ele>0.0</ele><time>2024-06-12T13:03:00.400Z</time></trkpt>
   <trkpt lat="46.5528074" lon="10.9983148"><ele>0.0</ele><time>2024-06-12T13:03:00.600Z</time></trkpt>
   <trkpt lat="46.5528659" lon="10.9983298"><ele>0.0</ele><time>2024-06-12T13:03:00.800Z</time></trkpt>
   <trkpt lat="46.5529243" lon="10.9983448"><ele>0.0</ele><time>2024-06-12T13:03:01.1000Z</time></trkpt>
   <trkpt lat="46.5529828" lon="10.9983597"><ele>0.0</ele><time>2024-06-12T13:03:01.200Z</time></trkpt>
   <trkpt lat="46.5530412" lon="10.9983747"><ele>0.0</ele><time>2024-06-12T13:03:01.400Z</time></trkpt>
   <trkpt lat="46.5530997" lon="10.9983897"><ele>0.0</ele><time>2024-06-12T13:03:01.600Z</time></trkpt>
   <trkpt lat="46.5531581" lon="10.9984047"><ele>0.0</ele><time>2024-06-12T13:03:01.800Z</time></trkpt>
   <trkpt lat="46.5532166" lon="10.9984196"><ele>0.0</ele><time>2024-06-12T13:03:02.1000Z</time></trkpt>
   <trkpt lat="46.5532750" lon="10.9984346"><ele>0.0</ele><time>2024-06-12T13:03:02.200Z</time></trkpt>
   <trkpt lat="46.5533335" lon="10.9984496"><ele>0.0</ele><time>2024-06-12T13:03:02.400Z</time></trkpt>
   <trkpt lat="46.5533919" lon="10.9984646"><ele>0.0</ele><time>2024-06-12T13:03:02.600Z</time></trkpt>
   <trkpt lat="46.5534504" lon="10.9984795"><ele>0.0</ele><time>2024-06-12T13:03:02.800Z</time></trkpt>
   <trkpt lat="46.5535089" lon="10.9984945"><ele>0.0</ele><time>2024-06-12T13:03:03.1000Z</time></trkpt>
   <trkpt lat="46.5535673" lon="10.9985095"><ele>0.0</ele><time>2024-06-12T13:03:03.200Z</time></trkpt>
   <trkpt lat="46.5536258" lon="10.9985245"><ele>0.0</ele><time>2024-06-12T13:03:03.400Z</time></trkpt>
   <trkpt lat="46.5536842" lon="10.9985394"><ele>0.0</ele><time>2024-06-12T13:03:03.600Z</time></trkpt>
   <trkpt lat="46.5537427" lon="10.9985544"><ele>0.0</ele><time>2024-06-12T13:03:03.800Z</time></trkpt>
   <trkpt lat="46.5538011" lon="10.9985694"><ele>0.0</ele><time>2024-06-12T13:03:04.1000Z</time></trkpt>
   <trkpt lat="46.5538596" lon="10.9985843"><ele>0.0</ele><time>2024-06-12T13:03:04.200Z</time></trkpt>
   <trkpt lat="46.5539180" lon="10.9985993"><ele>0.0</ele><time>2024-06-12T13:03:04.400Z</time></trkpt>
   <trkpt lat="46.5539765" lon="10.9986143"><ele>0.0</ele><time>2024-06-12T13:03:04.600Z</time></trkpt>
   <trkpt lat="46.5540349" lon="10.9986293"><ele>0.0</ele><time>2024-06-12T13:03:04.800Z</time></trkpt>
   <trkpt lat="46.5540934" lon="10.9986442"><ele>0.0</ele><time>2024-06-12T13:03:05.1000Z</time></trkpt>
   <trkpt lat="46.5541518" lon="10.9986592"><ele>0.0</ele><time>2024-06-12T13:03:05.200Z</time></trkpt>
   <trkpt lat="46.5542103" lon="10.9986742"><ele>0.0</ele><time>2024-06-12T13:03:05.400Z</time></trkpt>
   <trkpt lat="46.5542687" lon="10.9986892"><ele>0.0</ele><time>2024-06-12T13:03:05.600Z</time></trkpt>
   <trkpt lat="46.5543272" lon="10.9987041"><ele>0.0</ele><time>2024-06-12T13:03:05.800Z</time></trkpt>
   <trkpt lat="46.5543857" lon="10.9987191"><ele>0.0</ele><time>2024-06-12T13:03:06.1000Z</time></trkpt>
   <trkpt lat="46.5544441" lon="10.9987341"><ele>0.0</ele><time>2024-06-12T13:03:06.200Z</time></trkpt>
   <trkpt lat="46.5545026" lon="10.9987491"><ele>0.0</ele><time>2024-06-12T13:03:06.400Z</time></trkpt>
   <trkpt lat="46.5545610" lon="10.9987640"><ele>0.0</ele><time>2024-06-12T13:03:06.600Z</time></trkpt>
   <trkpt lat="46.5546195" lon="10.9987790"><ele>0.0</ele><time>2024-06-12T13:03:06.800Z</time></trkpt>
   <trkpt lat="46.5546779" lon="10.9987940"><ele>0.0</ele><time>2024-06-12T13:03:07.1000Z</time></trkpt>
   <trkpt lat="46.5547364" lon="10.9988089"><ele>0.0</ele><time>2024-06-12T13:03:07.200Z</time></trkpt>
   <trkpt lat="46.5547948" lon="10.9988239"><ele>0.0</ele><time>2024-06-12T13:03:07.400Z</time></trkpt>
   <trkpt lat="46.5548533" lon="10.9988389"><ele>0.0</ele><time>2024-06-12T13:03:07.600Z</time></trkpt>
   <trkpt lat="46.5549117" lon="10.9988539"><ele>0.0</ele><time>2024-06-12T13:03:07.800Z</time></trkpt>
   <trkpt lat="46.5549702" lon="10.9988688"><ele>0.0</ele><time>2024-06-12T13:03:08.1000Z</time></trkpt>
   <trkpt lat="46.5550286" lon="10.9988838"><ele>0.0</ele><time>2024-06-12T13:03:08.200Z</time></trkpt>
   <trkpt lat="46.5550871" lon="10.9988988"><ele>0.0</ele><time>2024-06-12T13:03:08.400Z</time></trkpt>
   <trkpt lat="46.5551455" lon="10.9989138"><ele>0.0</ele><time>2024-06-12T13:03:08.600Z</time></trkpt>
   <trkpt lat="46.5552040" lon="10.9989287"><ele>0.0</ele><time>2024-06-12T13:03:08.800Z</time></trkpt>
   <trkpt lat="46.5552625" lon="10.9989437"><ele>0.0</ele><time>2024-06-12T13:03:09.1000Z</time></trkpt>
   <trkpt lat="46.5553209" lon="10.9989587"><ele>0.0</ele><time>2024-06-12T13:03:09.200Z</time></trkpt>
   <trkpt lat="46.5553794" lon="10.9989737"><ele>0.0</ele><time>2024-06-12T13:03:09.400Z</time></trkpt>
   <trkpt lat="46.5554378" lon="10.9989886"><ele>0.0</ele><time>2024-06-12T13:03:09.600Z</time></trkpt>
   <trkpt lat="46.5554963" lon="10.9990036"><ele>0.0</ele><time>2024-06-12T13:03:09.800Z</time></trkpt>
   <trkpt lat="46.5555547" lon="10.9990186"><ele>0.0</ele><time>2024-06-12T13:03:10.1000Z</time></trkpt>
   <trkpt lat="46.5556132" lon="10.9990335"><ele>0.0</ele><time>2024-06-12T13:03:10.200Z</time></trkpt>
   <trkpt lat="46.5556716" lon="10.9990485"><ele>0.0</ele><time>2024-06-12T13:03:10.400Z</time></trkpt>
   <trkpt lat="46.5557301" lon="10.9990635"><ele>0.0</ele><time>2024-06-12T13:03:10.600Z</time></trkpt>
   <trkpt lat="46.5557885" lon="10.9990785"><ele>0.0</ele><time>2024-06-12T13:03:10.800Z</time></trkpt>
   <trkpt lat="46.5558470" lon="10.9990934"><ele>0.0</ele><time>2024-06-12T13:03:11.1000Z</time></trkpt>
   <trkpt lat="46.5559054" lon="10.9991084"><ele>0.0</ele><time>2024-06-12T13:03:11.200Z</time></trkpt>
   <trkpt lat="46.5559639" lon="10.9991234"><ele>0.0</ele><time>2024-06-12T13:03:11.400Z</time></trkpt>
   <trkpt lat="46.5560223" lon="10.9991384"><ele>0.0</ele><time>2024-06-12T13:03:11.600Z</time></trkpt>
   <trkpt lat="46.5560808" lon="10.9991533"><ele>0.0</ele><time>2024-06-12T13:03:11.800Z</time></trkpt>
   <trkpt lat="46.5561393" lon="10.9991683"><ele>0.0</ele><time>2024-06-12T13:03:12.1000Z</time></trkpt>
   <trkpt lat="46.5561977" lon="10.9991833"><ele>0.0</ele><time>2024-06-12T13:03:12.200Z</time></trkpt>
   <trkpt lat="46.5562562" lon="10.9991982"><ele>0.0</ele><time>2024-06-12T13:03:12.400Z</time></trkpt>
   <trkpt lat="46.5563146" lon="10.9992132"><ele>0.0</ele><time>2024-06-12T13:03:12.600Z</time></trkpt>
   <trkpt lat="46.5563731" lon="10.9992282"><ele>0.0</ele><time>2024-06-12T13:03:12.800Z</time></trkpt>
   <trkpt lat="46.5564315" lon="10.9992432"><ele>0.0</ele><time>2024-06-12T13:03:13.1000Z</time></trkpt>
   <trkpt lat="46.5564900" lon="10.9992581"><ele>0.0</ele><time>2024-06-12T13:03:13.200Z</time></trkpt>
   <trkpt lat="46.5565484" lon="10.9992731"><ele>0.0</ele><time>2024-06-12T13:03:13.400Z</time></trkpt>
   <trkpt lat="46.5566069" lon="10.9992881"><ele>0.0</ele><time>2024-06-12T13:03:13.600Z</time></trkpt>
   <trkpt lat="46.5566653" lon="10.9993031"><ele>0.0</ele><time>2024-06-12T13:03:13.800Z</time></trkpt>
   <trkpt lat="46.5567238" lon="10.9993180"><ele>0.0</ele><time>2024-06-12T13:03:14.1000Z</time></trkpt>
   <trkpt lat="46.5567822" lon="10.9993330"><ele>0.0</ele><time>2024-06-12T13:03:14.200Z</time></trkpt>
   <trkpt lat="46.5568407" lon="10.9993480"><ele>0.0</ele><time>2024-06-12T13:03:14.400Z</time></trkpt>
   <trkpt lat="46.5568991" lon="10.9993630"><ele>0.0</ele><time>2024-06-12T13:03:14.600Z</time></trkpt>
   <trkpt lat="46.5569576" lon="10.9993779"><ele>0.0</ele><time>2024-06-12T13:03:14.800Z</time></trkpt>
   <trkpt lat="46.5570161" lon="10.9993929"><ele>0.0</ele><time>2024-06-12T13:03:15.1000Z</time></trkpt>
   <trkpt lat="46.5570745" lon="10.9994079"><ele>0.0</ele><time>2024-06-12T13:03:15.200Z</time></trkpt>
   <trkpt lat="46.5571330" lon="10.9994228"><ele>0.0</ele><time>2024-06-12T13:03:15.400Z</time></trkpt>
   <trkpt lat="46.5571914" lon="10.9994378"><ele>0.0</ele><time>2024-06-12T13:03:15.600Z</time></trkpt>
   <trkpt lat="46.5572499" lon="10.9994528"><ele>0.0</ele><time>2024-06-12T13:03:15.800Z</time></trkpt>
   <trkpt lat="46.5573083" lon="10.9994678"><ele>0.0</ele><time>2024-06-12T13:03:16.1000Z</time></trkpt>
   <trkpt lat="46.5573668" lon="10.9994827"><ele>0.0</ele><time>2024-06-12T13:03:16.200Z</time></trkpt>
   <trkpt lat="46.5574252" lon="10.9994977"><ele>0.0</ele><time>2024-06-12T13:03:16.400Z</time></trkpt>
   <trkpt lat="46.5574837" lon="10.9995127"><ele>0.0</ele><time>2024-06-12T13:03:16.600Z</time></trkpt>
   <trkpt lat="46.5575421" lon="10.9995277"><ele>0.0</ele><time>2024-06-12T13:03:16.800Z</time></trkpt>
   <trkpt lat="46.5576006" lon="10.9995426"><ele>0.0</ele><time>2024-06-12T13:03:17.1000Z</time></trkpt>
   <trkpt lat="46.5576590" lon="10.9995576"><ele>0.0</ele><time>2024-06-12T13:03:17.200Z</time></trkpt>
   <trkpt lat="46.5577175" lon="10.9995726"><ele>0.0</ele><time>2024-06-12T13:03:17.400Z</time></trkpt>
   <trkpt lat="46.5577760" lon="10.9995876"><ele>0.0</ele><time>2024-06-12T13:03:17.600Z</time></trkpt>
   <trkpt lat="46.5578344" lon="10.9996025"><ele>0.0</ele><time>2024-06-12T13:03:17.800Z</time></trkpt>
   <trkpt lat="46.5578929" lon="10.9996175"><ele>0.0</ele><time>2024-06-12T13:03:18.1000Z</time></trkpt>
   <trkpt lat="46.5579513" lon="10.9996325"><ele>0.0</ele><time>2024-06-12T13:03:18.200Z</time></trkpt>
   <trkpt lat="46.5580098" lon="10.9996474"><ele>0.0</ele><time>2024-06-12T13:03:18.400Z</time></trkpt>
   <trkpt lat="46.5580682" lon="10.9996624"><ele>0.0</ele><time>2024-06-12T13:03:18.600Z</time></trkpt>
   <trkpt lat="46.5581267" lon="10.9996774"><ele>0.0</ele><time>2024-06-12T13:03:18.800Z</time></trkpt>
   <trkpt lat="46.5581851" lon="10.9996924"><ele>0.0</ele><time>2024-06-12T13:03:19.1000Z</time></trkpt>
   <trkpt lat="46.5582436" lon="10.9997073"><ele>0.0</ele><time>2024-06-12T13:03:19.200Z</time></trkpt>
   <trkpt lat="46.5583020" lon="10.9997223"><ele>0.0</ele><time>2024-06-12T13:03:19.400Z</time></trkpt>
   <trkpt lat="46.5583605" lon="10.9997373"><ele>0.0</ele><time>2024-06-12T13:03:19.600Z</time></trkpt>
   <trkpt lat="46.5584189" lon="10.9997523"><ele>0.0</ele><time>2024-06-12T13:03:19.800Z</time></trkpt>
   <trkpt lat="46.5584774" lon="10.9997672"><ele>0.0</ele><time>2024-06-12T13:03:20.1000Z</time></trkpt>
   <trkpt lat="46.5585358" lon="10.9997822"><ele>0.0</ele><time>2024-06-12T13:03:20.200Z</time></trkpt>
   <trkpt lat="46.5585943" lon="10.9997972"><ele>0.0</ele><time>2024-06-12T13:03:20.400Z</time></trkpt>
   <trkpt lat="46.5586528" lon="10.9998122"><ele>0.0</ele><time>2024-06-12T13:03:20.600Z</time></trkpt>
   <trkpt lat="46.5587112" lon="10.9998271"><ele>0.0</ele><time>2024-06-12T13:03:20.800Z</time></trkpt>
   <trkpt lat="46.5587697" lon="10.9998421"><ele>0.0</ele><time>2024-06-12T13:03:21.1000Z</time></trkpt>
   <trkpt lat="46.5588281" lon="10.9998571"><ele>0.0</ele><time>2024-06-12T13:03:21.200Z</time></trkpt>
   <trkpt lat="46.5588866" lon="10.9998720"><ele>0.0</ele><time>2024-06-12T13:03:21.400Z</time></trkpt>
   <trkpt lat="46.5589450" lon="10.9998870"><ele>0.0</ele><time>2024-06-12T13:03:21.600Z</time></trkpt>
   <trkpt lat="46.5590035" lon="10.9999020"><ele>0.0</ele><time>2024-06-12T13:03:21.800Z</time></trkpt>
   <trkpt lat="46.5590619" lon="10.9999170"><ele>0.0</ele><time>2024-06-12T13:03:22.1000Z</time></trkpt>
   <trkpt lat="46.5591204" lon="10.9999319"><ele>0.0</ele><time>2024-06-12T13:03:22.200Z</time></trkpt>
   <trkpt lat="46.5591788" lon="10.9999469"><ele>0.0</ele><time>2024-06-12T13:03:22.400Z</time></trkpt>
   <trkpt lat="46.5592373" lon="10.9999619"><ele>0.0</ele><time>2024-06-12T13:03:22.600Z</time></trkpt>
   <trkpt lat="46.5592957" lon="10.9999769"><ele>0.0</ele><time>2024-06-12T13:03:22.800Z</time></trkpt>
   <trkpt lat="46.5593542" lon="10.9999918"><ele>0.0</ele><time>2024-06-12T13:03:23.1000Z</time></trkpt>
   <trkpt lat="46.5593861" lon="11.0000000"><ele>0.0</ele><time>2024-06-12T13:03:23.200Z</time></trkpt>
   <trkpt lat="46.5594445" lon="11.0000149"><ele>0.0</ele><time>2024-06-12T13:03:23.400Z</time></trkpt>
   <trkpt lat="46.5595030" lon="11.0000295"><ele>0.0</ele><time>2024-06-12T13:03:23.600Z</time></trkpt>
   <trkpt lat="46.5595616" lon="11.0000439"><ele>0.0</ele><time>2024-06-12T13:03:23.800Z</time></trkpt>
   <trkpt lat="46.5596201" lon="11.0000581"><ele>0.0</ele><time>2024-06-12T13:03:24.1000Z</time></trkpt>
   <trkpt lat="46.5596787" lon="11.0000721"><ele>0.0</ele><time>2024-06-12T13:03:24.200Z</time></trkpt>
   <trkpt lat="46.5597373" lon="11.0000858"><ele>0.0</ele><time>2024-06-12T13:03:24.400Z</time></trkpt>
   <trkpt lat="46.5597959" lon="11.0000993"><ele>0.0</ele><time>2024-06-12T13:03:24.600Z</time></trkpt>
   <trkpt lat="46.5598545" lon="11.0001126"><ele>0.0</ele><time>2024-06-12T13:03:24.800Z</time></trkpt>
   <trkpt lat="46.5599132" lon="11.0001257"><ele>0.0</ele><time>2024-06-12T13:03:25.1000Z</time></trkpt>
   <trkpt lat="46.5599719" lon="11.0001385"><ele>0.0</ele><time>2024-06-12T13:03:25.200Z</time></trkpt>
   <trkpt lat="46.5600306" lon="11.0001511"><ele>0.0</ele><time>2024-06-12T13:03:25.400Z</time></trkpt>
   <trkpt lat="46.5600894" lon="11.0001635"><ele>0.0</ele><time>2024-06-12T13:03:25.600Z</time></trkpt>
   <trkpt lat="46.5601481" lon="11.0001757"><ele>0.0</ele><time>2024-06-12T13:03:25.800Z</time></trkpt>
   <trkpt lat="46.5602069" lon="11.0001876"><ele>0.0</ele><time>2024-06-12T13:03:26.1000Z</time></trkpt>
   <trkpt lat="46.5602657" lon="11.0001993"><ele>0.0</ele><time>2024-06-12T13:03:26.200Z</time></trkpt>
   <trkpt lat="46.5603245" lon="11.0002108"><ele>0.0</ele><time>2024-06-12T13:03:26.400Z</time></trkpt>
   <trkpt lat="46.5603834" lon="11.0002221"><ele>0.0</ele><time>2024-06-12T13:03:26.600Z</time></trkpt>
   <trkpt lat="46.5604422" lon="11.0002331"><ele>0.0</ele><time>2024-06-12T13:03:26.800Z</time></trkpt>
   <trkpt lat="46.5605011" lon="11.0002439"><ele>0.0</ele><time>2024-06-12T13:03:27.1000Z</time></trkpt>
   <trkpt lat="46.5605600" lon="11.0002545"><ele>0.0</ele><time>2024-06-12T13:03:27.200Z</time></trkpt>
   <trkpt lat="46.5606190" lon="11.0002649"><ele>0.0</ele><time>2024-06-12T13:03:27.400Z</time></trkpt>
   <trkpt lat="46.5606779" lon="11.0002750"><ele>0.0</ele><time>2024-06-12T13:03:27.600Z</time></trkpt>
   <trkpt lat="46.5607369" lon="11.0002849"><ele>0.0</ele><time>2024-06-12T13:03:27.800Z</time></trkpt>
   <trkpt lat="46.5607959" lon="11.0002946"><ele>0.0</ele><time>2024-06-12T13:03:28.1000Z</time></trkpt>
   <trkpt lat="46.5608549" lon="11.0003040"><ele>0.0</ele><time>2024-06-12T13:03:28.200Z</time></trkpt>
   <trkpt lat="46.5609139" lon="11.0003133"><ele>0.0</ele><time>2024-06-12T13:03:28.400Z</time></trkpt>
   <trkpt lat="46.5609729" lon="11.0003223"><ele>0.0</ele><time>2024-06-12T13:03:28.600Z</time></trkpt>
   <trkpt lat="46.5610319" lon="11.0003310"><ele>0.0</ele><time>2024-06-12T13:03:28.800Z</time></trkpt>
   <trkpt lat="46.5610910" lon="11.0003396"><ele>0.0</ele><time>2024-06-12T13:03:29.1000Z</time></trkpt>
   <trkpt lat="46.5611501" lon="11.0003479"><ele>0.0</ele><time>2024-06-12T13:03:29.200Z</time></trkpt>
   <trkpt lat="46.5612092" lon="11.0003560"><ele>0.0</ele><time>2024-06-12T13:03:29.400Z</time></trkpt>
   <trkpt lat="46.5612683" lon="11.0003639"><ele>0.0</ele><time>2024-06-12T13:03:29.600Z</time></trkpt>
   <trkpt lat="46.5613274" lon="11.0003715"><ele>0.0</ele><time>2024-06-12T13:03:29.800Z</time></trkpt>
   <trkpt lat="46.5613865" lon="11.0003789"><ele>0.0</ele><time>2024-06-12T13:03:30.1000Z</time></trkpt>
   <trkpt lat="46.5614457" lon="11.0003861"><ele>0.0</ele><time>2024-06-12T13:03:30.200Z</time></trkpt>
   <trkpt lat="46.5615049" lon="11.0003931"><ele>0.0</ele><time>2024-06-12T13:03:30.400Z</time></trkpt>
   <trkpt lat="46.5615640" lon="11.0003998"><ele>0.0</ele><time>2024-06-12T13:03:30.600Z</time></trkpt>
   <trkpt lat="46.5616232" lon="11.0004063"><ele>0.0</ele><time>2024-06-12T13:03:30.800Z</time></trkpt>
   <trkpt lat="46.5616824" lon="11.0004126"><ele>0.0</ele><time>2024-06-12T13:03:31.1000Z</time></trkpt>
   <trkpt lat="46.5617416" lon="11.0004186"><ele>0.0</ele><time>2024-06-12T13:03:31.200Z</time></trkpt>
   <trkpt lat="46.5618008" lon="11.0004245"><ele>0.0</ele><time>2024-06-12T13:03:31.400Z</time></trkpt>
   <trkpt lat="46.5618601" lon="11.0004301"><ele>0.0</ele><time>2024-06-12T13:03:31.600Z</time></trkpt>
   <trkpt lat="46.5619193" lon="11.0004354"><ele>0.0</ele><time>2024-06-12T13:03:31.800Z</time></trkpt>
   <trkpt lat="46.5619786" lon="11.0004406"><ele>0.0</ele><time>2024-06-12T13:03:32.1000Z</time></trkpt>
   <trkpt lat="46.5620378" lon="11.0004455"><ele>0.0</ele><time>2024-06-12T13:03:32.200Z</time></trkpt>
   <trkpt lat="46.5620971" lon="11.0004502"><ele>0.0</ele><time>2024-06-12T13:03:32.400Z</time></trkpt>
   <trkpt lat="46.5621564" lon="11.0004546"><ele>0.0</ele><time>2024-06-12T13:03:32.600Z</time></trkpt>
   <trkpt lat="46.5622156" lon="11.0004589"><ele>0.0</ele><time>2024-06-12T13:03:32.800Z</time></trkpt>
   <trkpt lat="46.5622749" lon="11.0004629"><ele>0.0</ele><time>2024-06-12T13:03:33.1000Z</time></trkpt>
   <trkpt lat="46.5623342" lon="11.0004667"><ele>0.0</ele><time>2024-06-12T13:03:33.200Z</time></trkpt>
   <trkpt lat="46.5623935" lon="11.0004702"><ele>0.0</ele><time>2024-06-12T13:03:33.400Z</time></trkpt>
   <trkpt lat="46.5624528" lon="11.0004735"><ele>0.0</ele><time>2024-06-12T13:03:33.600Z</time></trkpt>
   <trkpt lat="46.5625122" lon="11.0004766"><ele>0.0</ele><time>2024-06-12T13:03:33.800Z</time></trkpt>
   <trkpt lat="46.5625715" lon="11.0004795"><ele>0.0</ele><time>2024-06-12T13:03:34.1000Z</time></trkpt>
   <trkpt lat="46.5626308" lon="11.0004822"><ele>0.0</ele><time>2024-06-12T13:03:34.200Z</time></trkpt>
   <trkpt lat="46.5626901" lon="11.0004846"><ele>0.0</ele><time>2024-06-12T13:03:34.400Z</time></trkpt>
   <trkpt lat="46.5627495" lon="11.0004868"><ele>0.0</ele><time>2024-06-12T13:03:34.600Z</time></trkpt>
   <trkpt lat="46.5628088" lon="11.0004887"><ele>0.0</ele><time>2024-06-12T13:03:34.800Z</time></trkpt>
   <trkpt lat="46.5628682" lon="11.0004905"><ele>0.0</ele><time>2024-06-12T13:03:35.1000Z</time></trkpt>
   <trkpt lat="46.5629275" lon="11.0004920"><ele>0.0</ele><time>2024-06-12T13:03:35.200Z</time></trkpt>
   <trkpt lat="46.5629869" lon="11.0004932"><ele>0.0</ele><time>2024-06-12T13:03:35.400Z</time></trkpt>
   <trkpt lat="46.5630462" lon="11.0004943"><ele>0.0</ele><time>2024-06-12T13:03:35.600Z</time></trkpt>
   <trkpt lat="46.5631056" lon="11.0004951"><ele>0.0</ele><time>2024-06-12T13:03:35.800Z</time></trkpt>
   <trkpt lat="46.5631649" lon="11.0004957"><ele>0.0</ele><time>2024-06-12T13:03:36.1000Z</time></trkpt>
   <trkpt lat="46.5632243" lon="11.0004961"><ele>0.0</ele><time>2024-06-12T13:03:36.200Z</time></trkpt>
   <trkpt lat="46.5632836" lon="11.0004962"><ele>0.0</ele><time>2024-06-12T13:03:36.400Z</time></trkpt>
   <trkpt lat="46.5633430" lon="11.0004961"><ele>0.0</ele><time>2024-06-12T13:03:36.600Z</time></trkpt>
   <trkpt lat="46.5634023" lon="11.0004958"><ele>0.0</ele><time>2024-06-12T13:03:36.800Z</time></trkpt>
   <trkpt lat="46.5634617" lon="11.0004953"><ele>0.0</ele><time>2024-06-12T13:03:37.1000Z</time></trkpt>
   <trkpt lat="46.5635210" lon="11.0004945"><ele>0.0</ele><time>2024-06-12T13:03:37.200Z</time></trkpt>
   <trkpt lat="46.5635804" lon="11.0004935"><ele>0.0</ele><time>2024-06-12T13:03:37.400Z</time></trkpt>
   <trkpt lat="46.5636397" lon="11.0004923"><ele>0.0</ele><time>2024-06-12T13:03:37.600Z</time></trkpt>
   <trkpt lat="46.5636991" lon="11.0004908"><ele>0.0</ele><time>2024-06-12T13:03:37.800Z</time></trkpt>
   <trkpt lat="46.5637584" lon="11.0004891"><ele>0.0</ele><time>2024-06-12T13:03:38.1000Z</time></trkpt>
   <trkpt lat="46.5638178" lon="11.0004872"><ele>0.0</ele><time>2024-06-12T13:03:38.200Z</time></trkpt>
   <trkpt lat="46.5638771" lon="11.0004851"><ele>0.0</ele><time>2024-06-12T13:03:38.400Z</time></trkpt>
   <trkpt lat="46.5639364" lon="11.0004827"><ele>0.0</ele><time>2024-06-12T13:03:38.600Z</time></trkpt>
   <trkpt lat="46.5639958" lon="11.0004801"><ele>0.0</ele><time>2024-06-12T13:03:38.800Z</time></trkpt>
   <trkpt lat="46.5640551" lon="11.0004773"><ele>0.0</ele><time>2024-06-12T13:03:39.1000Z</time></trkpt>
   <trkpt lat="46.5641144" lon="11.0004743"><ele>0.0</ele><time>2024-06-12T13:03:39.200Z</time></trkpt>
   <trkpt lat="46.5641737" lon="11.0004710"><ele>0.0</ele><time>2024-06-12T13:03:39.400Z</time></trkpt>
   <trkpt lat="46.5642330" lon="11.0004675"><ele>0.0</ele><time>2024-06-12T13:03:39.600Z</time></trkpt>
   <trkpt lat="46.5642923" lon="11.0004637"><ele>0.0</ele><time>2024-06-12T13:03:39.800Z</time></trkpt>
   <trkpt lat="46.5643516" lon="11.0004598"><ele>0.0</ele><time>2024-06-12T13:03:40.1000Z</time></trkpt>
   <trkpt lat="46.5644109" lon="11.0004556"><ele>0.0</ele><time>2024-06-12T13:03:40.200Z</time></trkpt>
   <trkpt lat="46.5644702" lon="11.0004512"><ele>0.0</ele><time>2024-06-12T13:03:40.400Z</time></trkpt>
   <trkpt lat="46.5645295" lon="11.0004466"><ele>0.0</ele><time>2024-06-12T13:03:40.600Z</time></trkpt>
   <trkpt lat="46.5645887" lon="11.0004417"><ele>0.0</ele><time>2024-06-12T13:03:40.800Z</time></trkpt>
   <trkpt lat="46.5646480" lon="11.0004366"><ele>0.0</ele><time>2024-06-12T13:03:41.1000Z</time></trkpt>
   <trkpt lat="46.5647072" lon="11.0004313"><ele>0.0</ele><time>2024-06-12T13:03:41.200Z</time></trkpt>
   <trkpt lat="46.5647664" lon="11.0004257"><ele>0.0</ele><time>2024-06-12T13:03:41.400Z</time></trkpt>
   <trkpt lat="46.5648257" lon="11.0004200"><ele>0.0</ele><time>2024-06-12T13:03:41.600Z</time></trkpt>
   <trkpt lat="46.5648849" lon="11.0004139"><ele>0.0</ele><time>2024-06-12T13:03:41.800Z</time></trkpt>
   <trkpt lat="46.5649441" lon="11.0004077"><ele>0.0</ele><time>2024-06-12T13:03:42.1000Z</time></trkpt>
   <trkpt lat="46.5650033" lon="11.0004013"><ele>0.0</ele><time>2024-06-12T13:03:42.200Z</time></trkpt>
   <trkpt lat="46.5650624" lon="11.0003946"><ele>0.0</ele><time>2024-06-12T13:03:42.400Z</time></trkpt>
   <trkpt lat="46.5651216" lon="11.0003877"><ele>0.0</ele><time>2024-06-12T13:03:42.600Z</time></trkpt>
   <trkpt lat="46.5651808" lon="11.0003805"><ele>0.0</ele><time>2024-06-12T13:03:42.800Z</time></trkpt>
   <trkpt lat="46.5652399" lon="11.0003732"><ele>0.0</ele><time>2024-06-12T13:03:43.1000Z</time></trkpt>
   <trkpt lat="46.5652497" lon="11.0003719"><ele>0.0</ele><time>2024-06-12T13:03:43.200Z</time></trkpt>
   <trkpt lat="46.5653089" lon="11.0003644"><ele>0.0</ele><time>2024-06-12T13:03:43.400Z</time></trkpt>
   <trkpt lat="46.5653680" lon="11.0003569"><ele>0.0</ele><time>2024-06-12T13:03:43.600Z</time></trkpt>
   <trkpt lat="46.5654271" lon="11.0003494"><ele>0.0</ele><time>2024-06-12T13:03:43.800Z</time></trkpt>
   <trkpt lat="46.5654863" lon="11.0003419"><ele>0.0</ele><time>2024-06-12T13:03:44.1000Z</time></trkpt>
   <trkpt lat="46.5655454" lon="11.0003343"><ele>0.0</ele><time>2024-06-12T13:03:44.200Z</time></trkpt>
   <trkpt lat="46.5656045" lon="11.0003268"><ele>0.0</ele><time>2024-06-12T13:03:44.400Z</time></trkpt>
   <trkpt lat="46.5656636" lon="11.0003193"><ele>0.0</ele><time>2024-06-12T13:03:44.600Z</time></trkpt>
   <trkpt lat="46.5657228" lon="11.0003118"><ele>0.0</ele><time>2024-06-12T13:03:44.800Z</time></trkpt>
   <trkpt lat="46.5657819" lon="11.0003043"><ele>0.0</ele><time>2024-06-12T13:03:45.1000Z</time></trkpt>
   <trkpt lat="46.5658410" lon="11.0002968"><ele>0.0</ele><time>2024-06-12T13:03:45.200Z</time></trkpt>
   <trkpt lat="46.5659002" lon="11.0002893"><ele>0.0</ele><time>2024-06-12T13:03:45.400Z</time></trkpt>
   <trkpt lat="46.5659593" lon="11.0002817"><ele>0.0</ele><time>2024-06-12T13:03:45.600Z</time></trkpt>
   <trkpt lat="46.5660184" lon="11.0002742"><ele>0.0</ele><time>2024-06-12T13:03:45.800Z</time></trkpt>
   <trkpt lat="46.5660775" lon="11.0002667"><ele>0.0</ele><time>2024-06-12T13:03:46.1000Z</time></trkpt>
   <trkpt lat="46.5661367" lon="11.0002592"><ele>0.0</ele><time>2024-06-12T13:03:46.200Z</time></trkpt>
   <trkpt lat="46.5661958" lon="11.0002517"><ele>0.0</ele><time>2024-06-12T13:03:46.400Z</time></trkpt>
   <trkpt lat="46.5662549" lon="11.0002442"><ele>0.0</ele><time>2024-06-12T13:03:46.600Z</time></trkpt>
   <trkpt lat="46.5663141" lon="11.0002366"><ele>0.0</ele><time>2024-06-12T13:03:46.800Z</time></trkpt>
   <trkpt lat="46.5663732" lon="11.0002291"><ele>0.0</ele><time>2024-06-12T13:03:47.1000Z</time></trkpt>
   <trkpt lat="46.5664323" lon="11.0002216"><ele>0.0</ele><time>2024-06-12T13:03:47.200Z</time></trkpt>
   <trkpt lat="46.5664915" lon="11.0002141"><ele>0.0</ele><time>2024-06-12T13:03:47.400Z</time></trkpt>
   <trkpt lat="46.5665506" lon="11.0002066"><ele>0.0</ele><time>2024-06-12T13:03:47.600Z</time></trkpt>
   <trkpt lat="46.5666097" lon="11.0001991"><ele>0.0</ele><time>2024-06-12T13:03:47.800Z</time></trkpt>
   <trkpt lat="46.5666688" lon="11.0001916"><ele>0.0</ele><time>2024-06-12T13:03:48.1000Z</time></trkpt>
   <trkpt lat="46.5667280" lon="11.0001840"><ele>0.0</ele><time>2024-06-12T13:03:48.200Z</time></trkpt>
   <trkpt lat="46.5667871" lon="11.0001765"><ele>0.0</ele><time>2024-06-12T13:03:48.400Z</time></trkpt>
   <trkpt lat="46.5668462" lon="11.0001690"><ele>0.0</ele><time>2024-06-12T13:03:48.600Z</time></trkpt>
   <trkpt lat="46.5669054" lon="11.0001615"><ele>0.0</ele><time>2024-06-12T13:03:48.800Z</time></trkpt>
   <trkpt lat="46.5669645" lon="11.0001540"><ele>0.0</ele><time>2024-06-12T13:03:49.1000Z</time></trkpt>
   <trkpt lat="46.5670236" lon="11.0001465"><ele>0.0</ele><time>2024-06-12T13:03:49.200Z</time></trkpt>
   <trkpt lat="46.5670827" lon="11.0001389"><ele>0.0</ele><time>2024-06-12T13:03:49.400Z</time></trkpt>
   <trkpt lat="46.5671419" lon="11.0001314"><ele>0.0</ele><time>2024-06-12T13:03:49.600Z</time></trkpt>
   <trkpt lat="46.5672010" lon="11.0001239"><ele>0.0</ele><time>2024-06-12T13:03:49.800Z</time></trkpt>
   <trkpt lat="46.5672601" lon="11.0001164"><ele>0.0</ele><time>2024-06-12T13:03:50.1000Z</time></trkpt>
   <trkpt lat="46.5673193" lon="11.0001089"><ele>0.0</ele><time>2024-06-12T13:03:50.200Z</time></trkpt>
   <trkpt lat="46.5673784" lon="11.0001014"><ele>0.0</ele><time>2024-06-12T13:03:50.400Z</time></trkpt>
   <trkpt lat="46.5674375" lon="11.0000939"><ele>0.0</ele><time>2024-06-12T13:03:50.600Z</time></trkpt>
   <trkpt lat="46.5674966" lon="11.0000863"><ele>0.0</ele><time>2024-06-12T13:03:50.800Z</time></trkpt>
   <trkpt lat="46.5675558" lon="11.0000788"><ele>0.0</ele><time>2024-06-12T13:03:51.1000Z</time></trkpt>
   <trkpt lat="46.5676149" lon="11.0000713"><ele>0.0</ele><time>2024-06-12T13:03:51.200Z</time></trkpt>
   <trkpt lat="46.5676740" lon="11.0000638"><ele>0.0</ele><time>2024-06-12T13:03:51.400Z</time></trkpt>
   <trkpt lat="46.5677332" lon="11.0000563"><ele>0.0</ele><time>2024-06-12T13:03:51.600Z</time></trkpt>
   <trkpt lat="46.5677923" lon="11.0000488"><ele>0.0</ele><time>2024-06-12T13:03:51.800Z</time></trkpt>
   <trkpt lat="46.5678514" lon="11.0000413"><ele>0.0</ele><time>2024-06-12T13:03:52.1000Z</time></trkpt>
   <trkpt lat="46.5679106" lon="11.0000337"><ele>0.0</ele><time>2024-06-12T13:03:52.200Z</time></trkpt>
   <trkpt lat="46.5679697" lon="11.0000262"><ele>0.0</ele><time>2024-06-12T13:03:52.400Z</time></trkpt>
   <trkpt lat="46.5680288" lon="11.0000187"><ele>0.0</ele><time>2024-06-12T13:03:52.600Z</time></trkpt>
   <trkpt lat="46.5680879" lon="11.0000112"><ele>0.0</ele><time>2024-06-12T13:03:52.800Z</time></trkpt>
   <trkpt lat="46.5681471" lon="11.0000037"><ele>0.0</ele><time>2024-06-12T13:03:53.1000Z</time></trkpt>
   <trkpt lat="46.5682062" lon="10.9999962"><ele>0.0</ele><time>2024-06-12T13:03:53.200Z</time></trkpt>
   <trkpt lat="46.5682653" lon="10.9999886"><ele>0.0</ele><time>2024-06-12T13:03:53.400Z</time></trkpt>
   <trkpt lat="46.5683245" lon="10.9999811"><ele>0.0</ele><time>2024-06-12T13:03:53.600Z</time></trkpt>
   <trkpt lat="46.5683836" lon="10.9999736"><ele>0.0</ele><time>2024-06-12T13:03:53.800Z</time></trkpt>
   <trkpt lat="46.5684427" lon="10.9999661"><ele>0.0</ele><time>2024-06-12T13:03:54.1000Z</time></trkpt>
   <trkpt lat="46.5685018" lon="10.9999586"><ele>0.0</ele><time>2024-06-12T13:03:54.200Z</time></trkpt>
   <trkpt lat="46.5685610" lon="10.9999511"><ele>0.0</ele><time>2024-06-12T13:03:54.400Z</time></trkpt>
   <trkpt lat="46.5686201" lon="10.9999436"><ele>0.0</ele><time>2024-06-12T13:03:54.600Z</time></trkpt>
   <trkpt lat="46.5686792" lon="10.9999360"><ele>0.0</ele><time>2024-06-12T13:03:54.800Z</time></trkpt>
   <trkpt lat="46.5687384" lon="10.9999285"><ele>0.0</ele><time>2024-06-12T13:03:55.1000Z</time></trkpt>
   <trkpt lat="46.5687975" lon="10.9999210"><ele>0.0</ele><time>2024-06-12T13:03:55.200Z</time></trkpt>
   <trkpt lat="46.5688566" lon="10.9999135"><ele>0.0</ele><time>2024-06-12T13:03:55.400Z</time></trkpt>
   <trkpt lat="46.5689158" lon="10.9999060"><ele>0.0</ele><time>2024-06-12T13:03:55.600Z</time></trkpt>
   <trkpt lat="46.5689749" lon="10.9998985"><ele>0.0</ele><time>2024-06-12T13:03:55.800Z</time></trkpt>
   <trkpt lat="46.5690340" lon="10.9998909"><ele>0.0</ele><time>2024-06-12T13:03:56.1000Z</time></trkpt>
   <trkpt lat="46.5690931" lon="10.9998834"><ele>0.0</ele><time>2024-06-12T13:03:56.200Z</time></trkpt>
   <trkpt lat="46.5691523" lon="10.9998759"><ele>0.0</ele><time>2024-06-12T13:03:56.400Z</time></trkpt>
   <trkpt lat="46.5692114" lon="10.9998684"><ele>0.0</ele><time>2024-06-12T13:03:56.600Z</time></trkpt>
   <trkpt lat="46.5692705" lon="10.9998609"><ele>0.0</ele><time>2024-06-12T13:03:56.800Z</time></trkpt>
   <trkpt lat="46.5693297" lon="10.9998534"><ele>0.0</ele><time>2024-06-12T13:03:57.1000Z</time></trkpt>
   <trkpt lat="46.5693888" lon="10.9998459"><ele>0.0</ele><time>2024-06-12T13:03:57.200Z</time></trkpt>
   <trkpt lat="46.5694479" lon="10.9998383"><ele>0.0</ele><time>2024-06-12T13:03:57.400Z</time></trkpt>
   <trkpt lat="46.5695070" lon="10.9998308"><ele>0.0</ele><time>2024-06-12T13:03:57.600Z</time></trkpt>
   <trkpt lat="46.5695662" lon="10.9998233"><ele>0.0</ele><time>2024-06-12T13:03:57.800Z</time></trkpt>
   <trkpt lat="46.5696253" lon="10.9998158"><ele>0.0</ele><time>2024-06-12T13:03:58.1000Z</time></trkpt>
   <trkpt lat="46.5696844" lon="10.9998083"><ele>0.0</ele><time>2024-06-12T13:03:58.200Z</time></trkpt>
   <trkpt lat="46.5697436" lon="10.9998008"><ele>0.0</ele><time>2024-06-12T13:03:58.400Z</time></trkpt>
   <trkpt lat="46.5698027" lon="10.9997932"><ele>0.0</ele><time>2024-06-12T13:03:58.600Z</time></trkpt>
   <trkpt lat="46.5698618" lon="10.9997857"><ele>0.0</ele><time>2024-06-12T13:03:58.800Z</time></trkpt>
   <trkpt lat="46.5699209" lon="10.9997782"><ele>0.0</ele><time>2024-06-12T13:03:59.1000Z</time></trkpt>
   <trkpt lat="46.5699801" lon="10.9997707"><ele>0.0</ele><time>2024-06-12T13:03:59.200Z</time></trkpt>
   <trkpt lat="46.5700392" lon="10.9997632"><ele>0.0</ele><time>2024-06-12T13:03:59.400Z</time></trkpt>
   <trkpt lat="46.5700983" lon="10.9997557"><ele>0.0</ele><time>2024-06-12T13:03:59.600Z</time></trkpt>
   <trkpt lat="46.5701575" lon="10.9997482"><ele>0.0</ele><time>2024-06-12T13:03:59.800Z</time></trkpt>
   <trkpt lat="46.5702166" lon="10.9997406"><ele>0.0</ele><time>2024-06-12T13:04:00.1000Z</time></trkpt>
   <trkpt lat="46.5702757" lon="10.9997331"><ele>0.0</ele><time>2024-06-12T13:04:00.200Z</time></trkpt>
   <trkpt lat="46.5703349" lon="10.9997256"><ele>0.0</ele><time>2024-06-12T13:04:00.400Z</time></trkpt>
   <trkpt lat="46.5703940" lon="10.9997181"><ele>0.0</ele><time>2024-06-12T13:04:00.600Z</time></trkpt>
   <trkpt lat="46.5704531" lon="10.9997106"><ele>0.0</ele><time>2024-06-12T13:04:00.800Z</time></trkpt>
   <trkpt lat="46.5705122" lon="10.9997031"><ele>0.0</ele><time>2024-06-12T13:04:01.1000Z</time></trkpt>
   <trkpt lat="46.5705714" lon="10.9996955"><ele>0.0</ele><time>2024-06-12T13:04:01.200Z</time></trkpt>
   <trkpt lat="46.5706305" lon="10.9996880"><ele>0.0</ele><time>2024-06-12T13:04:01.400Z</time></trkpt>
   <trkpt lat="46.5706896" lon="10.9996805"><ele>0.0</ele><time>2024-06-12T13:04:01.600Z</time></trkpt>
   <trkpt lat="46.5707488" lon="10.9996730"><ele>0.0</ele><time>2024-06-12T13:04:01.800Z</time></trkpt>
   <trkpt lat="46.5708079" lon="10.9996655"><ele>0.0</ele><time>2024-06-12T13:04:02.1000Z</time></trkpt>
   <trkpt lat="46.5708670" lon="10.9996580"><ele>0.0</ele><time>2024-06-12T13:04:02.200Z</time></trkpt>
   <trkpt lat="46.5709261" lon="10.9996505"><ele>0.0</ele><time>2024-06-12T13:04:02.400Z</time></trkpt>
   <trkpt lat="46.5709853" lon="10.9996429"><ele>0.0</ele><time>2024-06-12T13:04:02.600Z</time></trkpt>
   <trkpt lat="46.5710444" lon="10.9996354"><ele>0.0</ele><time>2024-06-12T13:04:02.800Z</time></trkpt>
   <trkpt lat="46.5711035" lon="10.9996279"><ele>0.0</ele><time>2024-06-12T13:04:03.1000Z</time></trkpt>
   <trkpt lat="46.5711627" lon="10.9996204"><ele>0.0</ele><time>2024-06-12T13:04:03.200Z</time></trkpt>
   <trkpt lat="46.5712218" lon="10.9996129"><ele>0.0</ele><time>2024-06-12T13:04:03.400Z</time></trkpt>
   <trkpt lat="46.5712809" lon="10.9996054"><ele>0.0</ele><time>2024-06-12T13:04:03.600Z</time></trkpt>
   <trkpt lat="46.5713401" lon="10.9995979"><ele>0.0</ele><time>2024-06-12T13:04:03.800Z</time></trkpt>
   <trkpt lat="46.5713992" lon="10.9995903"><ele>0.0</ele><time>2024-06-12T13:04:04.1000Z</time></trkpt>
   <trkpt lat="46.5714583" lon="10.9995828"><ele>0.0</ele><time>2024-06-12T13:04:04.200Z</time></trkpt>
   <trkpt lat="46.5715174" lon="10.9995753"><ele>0.0</ele><time>2024-06-12T13:04:04.400Z</time></trkpt>
   <trkpt lat="46.5715766" lon="10.9995678"><ele>0.0</ele><time>2024-06-12T13:04:04.600Z</time></trkpt>
   <trkpt lat="46.5716357" lon="10.9995603"><ele>0.0</ele><time>2024-06-12T13:04:04.800Z</time></trkpt>
   <trkpt lat="46.5716948" lon="10.9995528"><ele>0.0</ele><time>2024-06-12T13:04:05.1000Z</time></trkpt>
   <trkpt lat="46.5717540" lon="10.9995452"><ele>0.0</ele><time>2024-06-12T13:04:05.200Z</time></trkpt>
   <trkpt lat="46.5718131" lon="10.9995377"><ele>0.0</ele><time>2024-06-12T13:04:05.400Z</time></trkpt>
   <trkpt lat="46.5718722" lon="10.9995302"><ele>0.0</ele><time>2024-06-12T13:04:05.600Z</time></trkpt>
   <trkpt lat="46.5719313" lon="10.9995227"><ele>0.0</ele><time>2024-06-12T13:04:05.800Z</time></trkpt>
   <trkpt lat="46.5719905" lon="10.9995152"><ele>0.0</ele><time>2024-06-12T13:04:06.1000Z</time></trkpt>
   <trkpt lat="46.5720496" lon="10.9995077"><ele>0.0</ele><time>2024-06-12T13:04:06.200Z</time></trkpt>
   <trkpt lat="46.5721087" lon="10.9995002"><ele>0.0</ele><time>2024-06-12T13:04:06.400Z</time></trkpt>
   <trkpt lat="46.5721679" lon="10.9994926"><ele>0.0</ele><time>2024-06-12T13:04:06.600Z</time></trkpt>
   <trkpt lat="46.5722270" lon="10.9994851"><ele>0.0</ele><time>2024-06-12T13:04:06.800Z</time></trkpt>
   <trkpt lat="46.5722861" lon="10.9994776"><ele>0.0</ele><time>2024-06-12T13:04:07.1000Z</time></trkpt>
   <trkpt lat="46.5723452" lon="10.9994701"><ele>0.0</ele><time>2024-06-12T13:04:07.200Z</time></trkpt>
   <trkpt lat="46.5724044" lon="10.9994626"><ele>0.0</ele><time>2024-06-12T13:04:07.400Z</time></trkpt>
   <trkpt lat="46.5724635" lon="10.9994551"><ele>0.0</ele><time>2024-06-12T13:04:07.600Z</time></trkpt>
   <trkpt lat="46.5725226" lon="10.9994475"><ele>0.0</ele><time>2024-06-12T13:04:07.800Z</time></trkpt>
   <trkpt lat="46.5725818" lon="10.9994400"><ele>0.0</ele><time>2024-06-12T13:04:08.1000Z</time></trkpt>
   <trkpt lat="46.5726409" lon="10.9994325"><ele>0.0</ele><time>2024-06-12T13:04:08.200Z</time></trkpt>
   <trkpt lat="46.5727000" lon="10.9994250"><ele>0.0</ele><time>2024-06-12T13:04:08.400Z</time></trkpt>
   <trkpt lat="46.5727592" lon="10.9994175"><ele>0.0</ele><time>2024-06-12T13:04:08.600Z</time></trkpt>
   <trkpt lat="46.5728183" lon="10.9994100"><ele>0.0</ele><time>2024-06-12T13:04:08.800Z</time></trkpt>
   <trkpt lat="46.5728774" lon="10.9994025"><ele>0.0</ele><time>2024-06-12T13:04:09.1000Z</time></trkpt>
   <trkpt lat="46.5729365" lon="10.9993949"><ele>0.0</ele><time>2024-06-12T13:04:09.200Z</time></trkpt>
   <trkpt lat="46.5729957" lon="10.9993874"><ele>0.0</ele><time>2024-06-12T13:04:09.400Z</time></trkpt>
   <trkpt lat="46.5730548" lon="10.9993799"><ele>0.0</ele><time>2024-06-12T13:04:09.600Z</time></trkpt>
   <trkpt lat="46.5731139" lon="10.9993724"><ele>0.0</ele><time>2024-06-12T13:04:09.800Z</time></trkpt>
   <trkpt lat="46.5731731" lon="10.9993649"><ele>0.0</ele><time>2024-06-12T13:04:10.1000Z</time></trkpt>
   <trkpt lat="46.5732322" lon="10.9993574"><ele>0.0</ele><time>2024-06-12T13:04:10.200Z</time></trkpt>
   <trkpt lat="46.5732913" lon="10.9993498"><ele>0.0</ele><time>2024-06-12T13:04:10.400Z</time></trkpt>
   <trkpt lat="46.5733504" lon="10.9993423"><ele>0.0</ele><time>2024-06-12T13:04:10.600Z</time></trkpt>
   <trkpt lat="46.5734096" lon="10.9993348"><ele>0.0</ele><time>2024-06-12T13:04:10.800Z</time></trkpt>
   <trkpt lat="46.5734687" lon="10.9993273"><ele>0.0</ele><time>2024-06-12T13:04:11.1000Z</time></trkpt>
   <trkpt lat="46.5735278" lon="10.9993198"><ele>0.0</ele><time>2024-06-12T13:04:11.200Z</time></trkpt>
   <trkpt lat="46.5735870" lon="10.9993123"><ele>0.0</ele><time>2024-06-12T13:04:11.400Z</time></trkpt>
   <trkpt lat="46.5736461" lon="10.9993048"><ele>0.0</ele><time>2024-06-12T13:04:11.600Z</time></trkpt>
   <trkpt lat="46.5737052" lon="10.9992972"><ele>0.0</ele><time>2024-06-12T13:04:11.800Z</time></trkpt>
   <trkpt lat="46.5737644" lon="10.9992897"><ele>0.0</ele><time>2024-06-12T13:04:12.1000Z</time></trkpt>
   <trkpt lat="46.5738235" lon="10.9992822"><ele>0.0</ele><time>2024-06-12T13:04:12.200Z</time></trkpt>
   <trkpt lat="46.5738826" lon="10.9992747"><ele>0.0</ele><time>2024-06-12T13:04:12.400Z</time></trkpt>
   <trkpt lat="46.5739417" lon="10.9992672"><ele>0.0</ele><time>2024-06-12T13:04:12.600Z</time></trkpt>
   <trkpt lat="46.5740009" lon="10.9992597"><ele>0.0</ele><time>2024-06-12T13:04:12.800Z</time></trkpt>
   <trkpt lat="46.5740600" lon="10.9992522"><ele>0.0</ele><time>2024-06-12T13:04:13.1000Z</time></trkpt>
   <trkpt lat="46.5741191" lon="10.9992446"><ele>0.0</ele><time>2024-06-12T13:04:13.200Z</time></trkpt>
   <trkpt lat="46.5741783" lon="10.9992371"><ele>0.0</ele><time>2024-06-12T13:04:13.400Z</time></trkpt>
   <trkpt lat="46.5742374" lon="10.9992296"><ele>0.0</ele><time>2024-06-12T13:04:13.600Z</time></trkpt>
   <trkpt lat="46.5742965" lon="10.9992221"><ele>0.0</ele><time>2024-06-12T13:04:13.800Z</time></trkpt>
   <trkpt lat="46.5743556" lon="10.9992146"><ele>0.0</ele><time>2024-06-12T13:04:14.1000Z</time></trkpt>
   <trkpt lat="46.5744148" lon="10.9992071"><ele>0.0</ele><time>2024-06-12T13:04:14.200Z</time></trkpt>
   <trkpt lat="46.5744739" lon="10.9991995"><ele>0.0</ele><time>2024-06-12T13:04:14.400Z</time></trkpt>
   <trkpt lat="46.5745330" lon="10.9991920"><ele>0.0</ele><time>2024-06-12T13:04:14.600Z</time></trkpt>
   <trkpt lat="46.5745922" lon="10.9991845"><ele>0.0</ele><time>2024-06-12T13:04:14.800Z</time></trkpt>
   <trkpt lat="46.5746513" lon="10.9991770"><ele>0.0</ele><time>2024-06-12T13:04:15.1000Z</time></trkpt>
   <trkpt lat="46.5747104" lon="10.9991695"><ele>0.0</ele><time>2024-06-12T13:04:15.200Z</time></trkpt>
   <trkpt lat="46.5747695" lon="10.9991620"><ele>0.0</ele><time>2024-06-12T13:04:15.400Z</time></trkpt>
   <trkpt lat="46.5748287" lon="10.9991545"><ele>0.0</ele><time>2024-06-12T13:04:15.600Z</time></trkpt>
   <trkpt lat="46.5748878" lon="10.9991469"><ele>0.0</ele><time>2024-06-12T13:04:15.800Z</time></trkpt>
   <trkpt lat="46.5749469" lon="10.9991394"><ele>0.0</ele><time>2024-06-12T13:04:16.1000Z</time></trkpt>
   <trkpt lat="46.5750061" lon="10.9991319"><ele>0.0</ele><time>2024-06-12T13:04:16.200Z</time></trkpt>
   <trkpt lat="46.5750652" lon="10.9991244"><ele>0.0</ele><time>2024-06-12T13:04:16.400Z</time></trkpt>
   <trkpt lat="46.5751243" lon="10.9991169"><ele>0.0</ele><time>2024-06-12T13:04:16.600Z</time></trkpt>
   <trkpt lat="46.5751835" lon="10.9991094"><ele>0.0</ele><time>2024-06-12T13:04:16.800Z</time></trkpt>
   <trkpt lat="46.5752426" lon="10.9991018"><ele>0.0</ele><time>2024-06-12T13:04:17.1000Z</time></trkpt>
   <trkpt lat="46.5753017" lon="10.9990943"><ele>0.0</ele><time>2024-06-12T13:04:17.200Z</time></trkpt>
   <trkpt lat="46.5753608" lon="10.9990868"><ele>0.0</ele><time>2024-06-12T13:04:17.400Z</time></trkpt>
   <trkpt lat="46.5754200" lon="10.9990793"><ele>0.0</ele><time>2024-06-12T13:04:17.600Z</time></trkpt>
   <trkpt lat="46.5754791" lon="10.9990718"><ele>0.0</ele><time>2024-06-12T13:04:17.800Z</time></trkpt>
   <trkpt lat="46.5755382" lon="10.9990643"><ele>0.0</ele><time>2024-06-12T13:04:18.1000Z</time></trkpt>
   <trkpt lat="46.5755974" lon="10.9990568"><ele>0.0</ele><time>2024-06-12T13:04:18.200Z</time></trkpt>
   <trkpt lat="46.5756565" lon="10.9990492"><ele>0.0</ele><time>2024-06-12T13:04:18.400Z</time></trkpt>
   <trkpt lat="46.5757156" lon="10.9990417"><ele>0.0</ele><time>2024-06-12T13:04:18.600Z</time></trkpt>
   <trkpt lat="46.5757747" lon="10.9990342"><ele>0.0</ele><time>2024-06-12T13:04:18.800Z</time></trkpt>
   <trkpt lat="46.5758339" lon="10.9990267"><ele>0.0</ele><time>2024-06-12T13:04:19.1000Z</time></trkpt>
   <trkpt lat="46.5758930" lon="10.9990192"><ele>0.0</ele><time>2024-06-12T13:04:19.200Z</time></trkpt>
   <trkpt lat="46.5759521" lon="10.9990117"><ele>0.0</ele><time>2024-06-12T13:04:19.400Z</time></trkpt>
   <trkpt lat="46.5760113" lon="10.9990041"><ele>0.0</ele><time>2024-06-12T13:04:19.600Z</time></trkpt>
   <trkpt lat="46.5760704" lon="10.9989966"><ele>0.0</ele><time>2024-06-12T13:04:19.800Z</time></trkpt>
   <trkpt lat="46.5761295" lon="10.9989891"><ele>0.0</ele><time>2024-06-12T13:04:20.1000Z</time></trkpt>
   <trkpt lat="46.5761887" lon="10.9989816"><ele>0.0</ele><time>2024-06-12T13:04:20.200Z</time></trkpt>
   <trkpt lat="46.5762478" lon="10.9989741"><ele>0.0</ele><time>2024-06-12T13:04:20.400Z</time></trkpt>
   <trkpt lat="46.5763069" lon="10.9989666"><ele>0.0</ele><time>2024-06-12T13:04:20.600Z</time></trkpt>
   <trkpt lat="46.5763660" lon="10.9989591"><ele>0.0</ele><time>2024-06-12T13:04:20.800Z</time></trkpt>
   <trkpt lat="46.5764252" lon="10.9989515"><ele>0.0</ele><time>2024-06-12T13:04:21.1000Z</time></trkpt>
   <trkpt lat="46.5764843" lon="10.9989440"><ele>0.0</ele><time>2024-06-12T13:04:21.200Z</time></trkpt>
   <trkpt lat="46.5765434" lon="10.9989365"><ele>0.0</ele><time>2024-06-12T13:04:21.400Z</time></trkpt>
   <trkpt lat="46.5766026" lon="10.9989290"><ele>0.0</ele><time>2024-06-12T13:04:21.600Z</time></trkpt>
   <trkpt lat="46.5766617" lon="10.9989215"><ele>0.0</ele><time>2024-06-12T13:04:21.800Z</time></trkpt>
   <trkpt lat="46.5767208" lon="10.9989140"><ele>0.0</ele><time>2024-06-12T13:04:22.1000Z</time></trkpt>
   <trkpt lat="46.5767799" lon="10.9989065"><ele>0.0</ele><time>2024-06-12T13:04:22.200Z</time></trkpt>
   <trkpt lat="46.5768391" lon="10.9988989"><ele>0.0</ele><time>2024-06-12T13:04:22.400Z</time></trkpt>
   <trkpt lat="46.5768982" lon="10.9988914"><ele>0.0</ele><time>2024-06-12T13:04:22.600Z</time></trkpt>
   <trkpt lat="46.5769573" lon="10.9988839"><ele>0.0</ele><time>2024-06-12T13:04:22.800Z</time></trkpt>
   <trkpt lat="46.5770165" lon="10.9988764"><ele>0.0</ele><time>2024-06-12T13:04:23.1000Z</time></trkpt>
   <trkpt lat="46.5770756" lon="10.9988689"><ele>0.0</ele><time>2024-06-12T13:04:23.200Z</time></trkpt>
   <trkpt lat="46.5771347" lon="10.9988614"><ele>0.0</ele><time>2024-06-12T13:04:23.400Z</time></trkpt>
   <trkpt lat="46.5771938" lon="10.9988538"><ele>0.0</ele><time>2024-06-12T13:04:23.600Z</time></trkpt>
   <trkpt lat="46.5772530" lon="10.9988463"><ele>0.0</ele><time>2024-06-12T13:04:23.800Z</time></trkpt>
   <trkpt lat="46.5773121" lon="10.9988388"><ele>0.0</ele><time>2024-06-12T13:04:24.1000Z</time></trkpt>
   <trkpt lat="46.5773712" lon="10.9988313"><ele>0.0</ele><time>2024-06-12T13:04:24.200Z</time></trkpt>
   <trkpt lat="46.5774304" lon="10.9988238"><ele>0.0</ele><time>2024-06-12T13:04:24.400Z</time></trkpt>
   <trkpt lat="46.5774895" lon="10.9988163"><ele>0.0</ele><time>2024-06-12T13:04:24.600Z</time></trkpt>
   <trkpt lat="46.5775486" lon="10.9988088"><ele>0.0</ele><time>2024-06-12T13:04:24.800Z</time></trkpt>
   <trkpt lat="46.5776078" lon="10.9988012"><ele>0.0</ele><time>2024-06-12T13:04:25.1000Z</time></trkpt>
   <trkpt lat="46.5776669" lon="10.9987937"><ele>0.0</ele><time>2024-06-12T13:04:25.200Z</time></trkpt>
   <trkpt lat="46.5777260" lon="10.9987862"><ele>0.0</ele><time>2024-06-12T13:04:25.400Z</time></trkpt>
   <trkpt lat="46.5777851" lon="10.9987787"><ele>0.0</ele><time>2024-06-12T13:04:25.600Z</time></trkpt>
   <trkpt lat="46.5778443" lon="10.9987712"><ele>0.0</ele><time>2024-06-12T13:04:25.800Z</time></trkpt>
   <trkpt lat="46.5779034" lon="10.9987637"><ele>0.0</ele><time>2024-06-12T13:04:26.1000Z</time></trkpt>
   <trkpt lat="46.5779625" lon="10.9987561"><ele>0.0</ele><time>2024-06-12T13:04:26.200Z</time></trkpt>
   <trkpt lat="46.5780217" lon="10.9987486"><ele>0.0</ele><time>2024-06-12T13:04:26.400Z</time></trkpt>
   <trkpt lat="46.5780808" lon="10.9987411"><ele>0.0</ele><time>2024-06-12T13:04:26.600Z</time></trkpt>
   <trkpt lat="46.5781399" lon="10.9987336"><ele>0.0</ele><time>2024-06-12T13:04:26.800Z</time></trkpt>
   <trkpt lat="46.5781990" lon="10.9987261"><ele>0.0</ele><time>2024-06-12T13:04:27.1000Z</time></trkpt>
   <trkpt lat="46.5782582" lon="10.9987186"><ele>0.0</ele><time>2024-06-12T13:04:27.200Z</time></trkpt>
   <trkpt lat="46.5783173" lon="10.9987111"><ele>0.0</ele><time>2024-06-12T13:04:27.400Z</time></trkpt>
   <trkpt lat="46.5783764" lon="10.9987035"><ele>0.0</ele><time>2024-06-12T13:04:27.600Z</time></trkpt>
   <trkpt lat="46.5784356" lon="10.9986960"><ele>0.0</ele><time>2024-06-12T13:04:27.800Z</time></trkpt>
   <trkpt lat="46.5784947" lon="10.9986885"><ele>0.0</ele><time>2024-06-12T13:04:28.1000Z</time></trkpt>
   <trkpt lat="46.5785538" lon="10.9986810"><ele>0.0</ele><time>2024-06-12T13:04:28.200Z</time></trkpt>
   <trkpt lat="46.5786130" lon="10.9986735"><ele>0.0</ele><time>2024-06-12T13:04:28.400Z</time></trkpt>
   <trkpt lat="46.5786721" lon="10.9986660"><ele>0.0</ele><time>2024-06-12T13:04:28.600Z</time></trkpt>
   <trkpt lat="46.5787312" lon="10.9986584"><ele>0.0</ele><time>2024-06-12T13:04:28.800Z</time></trkpt>
   <trkpt lat="46.5787903" lon="10.9986509"><ele>0.0</ele><time>2024-06-12T13:04:29.1000Z</time></trkpt>
   <trkpt lat="46.5788495" lon="10.9986434"><ele>0.0</ele><time>2024-06-12T13:04:29.200Z</time></trkpt>
   <trkpt lat="46.5789086" lon="10.9986359"><ele>0.0</ele><time>2024-06-12T13:04:29.400Z</time></trkpt>
   <trkpt lat="46.5789677" lon="10.9986284"><ele>0.0</ele><time>2024-06-12T13:04:29.600Z</time></trkpt>
   <trkpt lat="46.5790269" lon="10.9986209"><ele>0.0</ele><time>2024-06-12T13:04:29.800Z</time></trkpt>
   <trkpt lat="46.5790860" lon="10.9986134"><ele>0.0</ele><time>2024-06-12T13:04:30.1000Z</time></trkpt>
   <trkpt lat="46.5791451" lon="10.9986058"><ele>0.0</ele><time>2024-06-12T13:04:30.200Z</time></trkpt>
   <trkpt lat="46.5792042" lon="10.9985983"><ele>0.0</ele><time>2024-06-12T13:04:30.400Z</time></trkpt>
   <trkpt lat="46.5792634" lon="10.9985908"><ele>0.0</ele><time>2024-06-12T13:04:30.600Z</time></trkpt>
   <trkpt lat="46.5793225" lon="10.9985833"><ele>0.0</ele><time>2024-06-12T13:04:30.800Z</time></trkpt>
   <trkpt lat="46.5793816" lon="10.9985758"><ele>0.0</ele><time>2024-06-12T13:04:31.1000Z</time></trkpt>
   <trkpt lat="46.5794408" lon="10.9985683"><ele>0.0</ele><time>2024-06-12T13:04:31.200Z</time></trkpt>
   <trkpt lat="46.5794999" lon="10.9985608"><ele>0.0</ele><time>2024-06-12T13:04:31.400Z</time></trkpt>
   <trkpt lat="46.5795590" lon="10.9985532"><ele>0.0</ele><time>2024-06-12T13:04:31.600Z</time></trkpt>
   <trkpt lat="46.5796182" lon="10.9985457"><ele>0.0</ele><time>2024-06-12T13:04:31.800Z</time></trkpt>
   <trkpt lat="46.5796773" lon="10.9985382"><ele>0.0</ele><time>2024-06-12T13:04:32.1000Z</time></trkpt>
   <trkpt lat="46.5797364" lon="10.9985307"><ele>0.0</ele><time>2024-06-12T13:04:32.200Z</time></trkpt>
   <trkpt lat="46.5797955" lon="10.9985232"><ele>0.0</ele><time>2024-06-12T13:04:32.400Z</time></trkpt>
   <trkpt lat="46.5798547" lon="10.9985157"><ele>0.0</ele><time>2024-06-12T13:04:32.600Z</time></trkpt>
   <trkpt lat="46.5799138" lon="10.9985081"><ele>0.0</ele><time>2024-06-12T13:04:32.800Z</time></trkpt>
   <trkpt lat="46.5799729" lon="10.9985006"><ele>0.0</ele><time>2024-06-12T13:04:33.1000Z</time></trkpt>
   <trkpt lat="46.5800321" lon="10.9984931"><ele>0.0</ele><time>2024-06-12T13:04:33.200Z</time></trkpt>
   <trkpt lat="46.5800912" lon="10.9984856"><ele>0.0</ele><time>2024-06-12T13:04:33.400Z</time></trkpt>
   <trkpt lat="46.5801503" lon="10.9984781"><ele>0.0</ele><time>2024-06-12T13:04:33.600Z</time></trkpt>
   <trkpt lat="46.5802094" lon="10.9984706"><ele>0.0</ele><time>2024-06-12T13:04:33.800Z</time></trkpt>
   <trkpt lat="46.5802686" lon="10.9984631"><ele>0.0</ele><time>2024-06-12T13:04:34.1000Z</time></trkpt>
   <trkpt lat="46.5803277" lon="10.9984555"><ele>0.0</ele><time>2024-06-12T13:04:34.200Z</time></trkpt>
   <trkpt lat="46.5803868" lon="10.9984480"><ele>0.0</ele><time>2024-06-12T13:04:34.400Z</time></trkpt>
   <trkpt lat="46.5804460" lon="10.9984405"><ele>0.0</ele><time>2024-06-12T13:04:34.600Z</time></trkpt>
   <trkpt lat="46.5805051" lon="10.9984330"><ele>0.0</ele><time>2024-06-12T13:04:34.800Z</time></trkpt>
   <trkpt lat="46.5805642" lon="10.9984255"><ele>0.0</ele><time>2024-06-12T13:04:35.1000Z</time></trkpt>
   <trkpt lat="46.5806233" lon="10.9984180"><ele>0.0</ele><time>2024-06-12T13:04:35.200Z</time></trkpt>
   <trkpt lat="46.5806825" lon="10.9984104"><ele>0.0</ele><time>2024-06-12T13:04:35.400Z</time></trkpt>
   <trkpt lat="46.5807416" lon="10.9984029"><ele>0.0</ele><time>2024-06-12T13:04:35.600Z</time></trkpt>
   <trkpt lat="46.5808007" lon="10.9983954"><ele>0.0</ele><time>2024-06-12T13:04:35.800Z</time></trkpt>
   <trkpt lat="46.5808599" lon="10.9983879"><ele>0.0</ele><time>2024-06-12T13:04:36.1000Z</time></trkpt>
   <trkpt lat="46.5809190" lon="10.9983804"><ele>0.0</ele><time>2024-06-12T13:04:36.200Z</time></trkpt>
   <trkpt lat="46.5809781" lon="10.9983729"><ele>0.0</ele><time>2024-06-12T13:04:36.400Z</time></trkpt>
   <trkpt lat="46.5810373" lon="10.9983654"><ele>0.0</ele><time>2024-06-12T13:04:36.600Z</time></trkpt>
   <trkpt lat="46.5810964" lon="10.9983578"><ele>0.0</ele><time>2024-06-12T13:04:36.800Z</time></trkpt>
   <trkpt lat="46.5811555" lon="10.9983503"><ele>0.0</ele><time>2024-06-12T13:04:37.1000Z</time></trkpt>
   <trkpt lat="46.5812146" lon="10.9983428"><ele>0.0</ele><time>2024-06-12T13:04:37.200Z</time></trkpt>
   <trkpt lat="46.5812738" lon="10.9983353"><ele>0.0</ele><time>2024-06-12T13:04:37.400Z</time></trkpt>
   <trkpt lat="46.5813329" lon="10.9983278"><ele>0.0</ele><time>2024-06-12T13:04:37.600Z</time></trkpt>
   <trkpt lat="46.5813920" lon="10.9983203"><ele>0.0</ele><time>2024-06-12T13:04:37.800Z</time></trkpt>
   <trkpt lat="46.5814512" lon="10.9983127"><ele>0.0</ele><time>2024-06-12T13:04:38.1000Z</time></trkpt>
   <trkpt lat="46.5815103" lon="10.9983052"><ele>0.0</ele><time>2024-06-12T13:04:38.200Z</time></trkpt>
   <trkpt lat="46.5815694" lon="10.9982977"><ele>0.0</ele><time>2024-06-12T13:04:38.400Z</time></trkpt>
   <trkpt lat="46.5816285" lon="10.9982902"><ele>0.0</ele><time>2024-06-12T13:04:38.600Z</time></trkpt>
   <trkpt lat="46.5816877" lon="10.9982827"><ele>0.0</ele><time>2024-06-12T13:04:38.800Z</time></trkpt>
   <trkpt lat="46.5817468" lon="10.9982752"><ele>0.0</ele><time>2024-06-12T13:04:39.1000Z</time></trkpt>
   <trkpt lat="46.5818059" lon="10.9982677"><ele>0.0</ele><time>2024-06-12T13:04:39.200Z</time></trkpt>
   <trkpt lat="46.5818651" lon="10.9982601"><ele>0.0</ele><time>2024-06-12T13:04:39.400Z</time></trkpt>
   <trkpt lat="46.5819242" lon="10.9982526"><ele>0.0</ele><time>2024-06-12T13:04:39.600Z</time></trkpt>
   <trkpt lat="46.5819833" lon="10.9982451"><ele>0.0</ele><time>2024-06-12T13:04:39.800Z</time></trkpt>
   <trkpt lat="46.5820425" lon="10.9982376"><ele>0.0</ele><time>2024-06-12T13:04:40.1000Z</time></trkpt>
   <trkpt lat="46.5821016" lon="10.9982301"><ele>0.0</ele><time>2024-06-12T13:04:40.200Z</time></trkpt>
   <trkpt lat="46.5821607" lon="10.9982226"><ele>0.0</ele><time>2024-06-12T13:04:40.400Z</time></trkpt>
   <trkpt lat="46.5822198" lon="10.9982150"><ele>0.0</ele><time>2024-06-12T13:04:40.600Z</time></trkpt>
   <trkpt lat="46.5822790" lon="10.9982075"><ele>0.0</ele><time>2024-06-12T13:04:40.800Z</time></trkpt>
   <trkpt lat="46.5823381" lon="10.9982000"><ele>0.0</ele><time>2024-06-12T13:04:41.1000Z</time></trkpt>
   <trkpt lat="46.5823972" lon="10.9981925"><ele>0.0</ele><time>2024-06-12T13:04:41.200Z</time></trkpt>
   <trkpt lat="46.5824564" lon="10.9981850"><ele>0.0</ele><time>2024-06-12T13:04:41.400Z</time></trkpt>
   <trkpt lat="46.5825155" lon="10.9981775"><ele>0.0</ele><time>2024-06-12T13:04:41.600Z</time></trkpt>
   <trkpt lat="46.5825746" lon="10.9981700"><ele>0.0</ele><time>2024-06-12T13:04:41.800Z</time></trkpt>
   <trkpt lat="46.5826337" lon="10.9981624"><ele>0.0</ele><time>2024-06-12T13:04:42.1000Z</time></trkpt>
   <trkpt lat="46.5826929" lon="10.9981549"><ele>0.0</ele><time>2024-06-12T13:04:42.200Z</time></trkpt>
   <trkpt lat="46.5827520" lon="10.9981474"><ele>0.0</ele><time>2024-06-12T13:04:42.400Z</time></trkpt>
   <trkpt lat="46.5828111" lon="10.9981399"><ele>0.0</ele><time>2024-06-12T13:04:42.600Z</time></trkpt>
   <trkpt lat="46.5828703" lon="10.9981324"><ele>0.0</ele><time>2024-06-12T13:04:42.800Z</time></trkpt>
   <trkpt lat="46.5829294" lon="10.9981249"><ele>0.0</ele><time>2024-06-12T13:04:43.1000Z</time></trkpt>
   <trkpt lat="46.5829885" lon="10.9981174"><ele>0.0</ele><time>2024-06-12T13:04:43.200Z</time></trkpt>
   <trkpt lat="46.5830476" lon="10.9981098"><ele>0.0</ele><time>2024-06-12T13:04:43.400Z</time></trkpt>
   <trkpt lat="46.5831068" lon="10.9981023"><ele>0.0</ele><time>2024-06-12T13:04:43.600Z</time></trkpt>
   <trkpt lat="46.5831659" lon="10.9980948"><ele>0.0</ele><time>2024-06-12T13:04:43.800Z</time></trkpt>
   <trkpt lat="46.5832250" lon="10.9980873"><ele>0.0</ele><time>2024-06-12T13:04:44.1000Z</time></trkpt>
   <trkpt lat="46.5832842" lon="10.9980798"><ele>0.0</ele><time>2024-06-12T13:04:44.200Z</time></trkpt>
   <trkpt lat="46.5833433" lon="10.9980723"><ele>0.0</ele><time>2024-06-12T13:04:44.400Z</time></trkpt>
   <trkpt lat="46.5834024" lon="10.9980647"><ele>0.0</ele><time>2024-06-12T13:04:44.600Z</time></trkpt>
   <trkpt lat="46.5834616" lon="10.9980572"><ele>0.0</ele><time>2024-06-12T13:04:44.800Z</time></trkpt>
   <trkpt lat="46.5835207" lon="10.9980497"><ele>0.0</ele><time>2024-06-12T13:04:45.1000Z</time></trkpt>
   <trkpt lat="46.5835798" lon="10.9980422"><ele>0.0</ele><time>2024-06-12T13:04:45.200Z</time></trkpt>
   <trkpt lat="46.5836389" lon="10.9980347"><ele>0.0</ele><time>2024-06-12T13:04:45.400Z</time></trkpt>
   <trkpt lat="46.5836981" lon="10.9980272"><ele>0.0</ele><time>2024-06-12T13:04:45.600Z</time></trkpt>
   <trkpt lat="46.5837572" lon="10.9980197"><ele>0.0</ele><time>2024-06-12T13:04:45.800Z</time></trkpt>
   <trkpt lat="46.5838163" lon="10.9980121"><ele>0.0</ele><time>2024-06-12T13:04:46.1000Z</time></trkpt>
   <trkpt lat="46.5838755" lon="10.9980046"><ele>0.0</ele><time>2024-06-12T13:04:46.200Z</time></trkpt>
   <trkpt lat="46.5839346" lon="10.9979971"><ele>0.0</ele><time>2024-06-12T13:04:46.400Z</time></trkpt>
   <trkpt lat="46.5839937" lon="10.9979896"><ele>0.0</ele><time>2024-06-12T13:04:46.600Z</time></trkpt>
   <trkpt lat="46.5840528" lon="10.9979821"><ele>0.0</ele><time>2024-06-12T13:04:46.800Z</time></trkpt>
   <trkpt lat="46.5841120" lon="10.9979746"><ele>0.0</ele><time>2024-06-12T13:04:47.1000Z</time></trkpt>
   <trkpt lat="46.5841711" lon="10.9979670"><ele>0.0</ele><time>2024-06-12T13:04:47.200Z</time></trkpt>
   <trkpt lat="46.5842302" lon="10.9979595"><ele>0.0</ele><time>2024-06-12T13:04:47.400Z</time></trkpt>
   <trkpt lat="46.5842894" lon="10.9979520"><ele>0.0</ele><time>2024-06-12T13:04:47.600Z</time></trkpt>
   <trkpt lat="46.5843485" lon="10.9979445"><ele>0.0</ele><time>2024-06-12T13:04:47.800Z</time></trkpt>
   <trkpt lat="46.5844076" lon="10.9979370"><ele>0.0</ele><time>2024-06-12T13:04:48.1000Z</time></trkpt>
   <trkpt lat="46.5844668" lon="10.9979295"><ele>0.0</ele><time>2024-06-12T13:04:48.200Z</time></trkpt>
   <trkpt lat="46.5845259" lon="10.9979220"><ele>0.0</ele><time>2024-06-12T13:04:48.400Z</time></trkpt>
   <trkpt lat="46.5845850" lon="10.9979144"><ele>0.0</ele><time>2024-06-12T13:04:48.600Z</time></trkpt>
   <trkpt lat="46.5846441" lon="10.9979069"><ele>0.0</ele><time>2024-06-12T13:04:48.800Z</time></trkpt>
   <trkpt lat="46.5847033" lon="10.9978994"><ele>0.0</ele><time>2024-06-12T13:04:49.1000Z</time></trkpt>
   <trkpt lat="46.5847624" lon="10.9978919"><ele>0.0</ele><time>2024-06-12T13:04:49.200Z</time></trkpt>
   <trkpt lat="46.5848215" lon="10.9978844"><ele>0.0</ele><time>2024-06-12T13:04:49.400Z</time></trkpt>
   <trkpt lat="46.5848807" lon="10.9978769"><ele>0.0</ele><time>2024-06-12T13:04:49.600Z</time></trkpt>
   <trkpt lat="46.5849398" lon="10.9978693"><ele>0.0</ele><time>2024-06-12T13:04:49.800Z</time></trkpt>
   <trkpt lat="46.5849989" lon="10.9978618"><ele>0.0</ele><time>2024-06-12T13:04:50.1000Z</time></trkpt>
   <trkpt lat="46.5850580" lon="10.9978543"><ele>0.0</ele><time>2024-06-12T13:04:50.200Z</time></trkpt>
   <trkpt lat="46.5851172" lon="10.9978468"><ele>0.0</ele><time>2024-06-12T13:04:50.400Z</time></trkpt>
   <trkpt lat="46.5851763" lon="10.9978393"><ele>0.0</ele><time>2024-06-12T13:04:50.600Z</time></trkpt>
   <trkpt lat="46.5852354" lon="10.9978318"><ele>0.0</ele><time>2024-06-12T13:04:50.800Z</time></trkpt>
   <trkpt lat="46.5852946" lon="10.9978243"><ele>0.0</ele><time>2024-06-12T13:04:51.1000Z</time></trkpt>
   <trkpt lat="46.5853537" lon="10.9978167"><ele>0.0</ele><time>2024-06-12T13:04:51.200Z</time></trkpt>
   <trkpt lat="46.5854128" lon="10.9978092"><ele>0.0</ele><time>2024-06-12T13:04:51.400Z</time></trkpt>
   <trkpt lat="46.5854719" lon="10.9978017"><ele>0.0</ele><time>2024-06-12T13:04:51.600Z</time></trkpt>
   <trkpt lat="46.5855311" lon="10.9977942"><ele>0.0</ele><time>2024-06-12T13:04:51.800Z</time></trkpt>
   <trkpt lat="46.5855902" lon="10.9977867"><ele>0.0</ele><time>2024-06-12T13:04:52.1000Z</time></trkpt>
   <trkpt lat="46.5856493" lon="10.9977792"><ele>0.0</ele><time>2024-06-12T13:04:52.200Z</time></trkpt>
   <trkpt lat="46.5857085" lon="10.9977717"><ele>0.0</ele><time>2024-06-12T13:04:52.400Z</time></trkpt>
   <trkpt lat="46.5857676" lon="10.9977641"><ele>0.0</ele><time>2024-06-12T13:04:52.600Z</time></trkpt>
   <trkpt lat="46.5858267" lon="10.9977566"><ele>0.0</ele><time>2024-06-12T13:04:52.800Z</time></trkpt>
   <trkpt lat="46.5858859" lon="10.9977491"><ele>0.0</ele><time>2024-06-12T13:04:53.1000Z</time></trkpt>
   <trkpt lat="46.5859450" lon="10.9977416"><ele>0.0</ele><time>2024-06-12T13:04:53.200Z</time></trkpt>
   <trkpt lat="46.5860041" lon="10.9977341"><ele>0.0</ele><time>2024-06-12T13:04:53.400Z</time></trkpt>
   <trkpt lat="46.5860632" lon="10.9977266"><ele>0.0</ele><time>2024-06-12T13:04:53.600Z</time></trkpt>
   <trkpt lat="46.5861224" lon="10.9977190"><ele>0.0</ele><time>2024-06-12T13:04:53.800Z</time></trkpt>
   <trkpt lat="46.5861815" lon="10.9977115"><ele>0.0</ele><time>2024-06-12T13:04:54.1000Z</time></trkpt>
   <trkpt lat="46.5862406" lon="10.9977040"><ele>0.0</ele><time>2024-06-12T13:04:54.200Z</time></trkpt>
   <trkpt lat="46.5862998" lon="10.9976965"><ele>0.0</ele><time>2024-06-12T13:04:54.400Z</time></trkpt>
   <trkpt lat="46.5863589" lon="10.9976890"><ele>0.0</ele><time>2024-06-12T13:04:54.600Z</time></trkpt>
   <trkpt lat="46.5864180" lon="10.9976815"><ele>0.0</ele><time>2024-06-12T13:04:54.800Z</time></trkpt>
   <trkpt lat="46.5864771" lon="10.9976740"><ele>0.0</ele><time>2024-06-12T13:04:55.1000Z</time></trkpt>
   <trkpt lat="46.5865363" lon="10.9976664"><ele>0.0</ele><time>2024-06-12T13:04:55.200Z</time></trkpt>
   <trkpt lat="46.5865954" lon="10.9976589"><ele>0.0</ele><time>2024-06-12T13:04:55.400Z</time></trkpt>
   <trkpt lat="46.5866545" lon="10.9976514"><ele>0.0</ele><time>2024-06-12T13:04:55.600Z</time></trkpt>
   <trkpt lat="46.5867137" lon="10.9976439"><ele>0.0</ele><time>2024-06-12T13:04:55.800Z</time></trkpt>
   <trkpt lat="46.5867728" lon="10.9976364"><ele>0.0</ele><time>2024-06-12T13:04:56.1000Z</time></trkpt>
   <trkpt lat="46.5868319" lon="10.9976289"><ele>0.0</ele><time>2024-06-12T13:04:56.200Z</time></trkpt>
   <trkpt lat="46.5868911" lon="10.9976213"><ele>0.0</ele><time>2024-06-12T13:04:56.400Z</time></trkpt>
   <trkpt lat="46.5869502" lon="10.9976138"><ele>0.0</ele><time>2024-06-12T13:04:56.600Z</time></trkpt>
   <trkpt lat="46.5870093" lon="10.9976063"><ele>0.0</ele><time>2024-06-12T13:04:56.800Z</time></trkpt>
   <trkpt lat="46.5870684" lon="10.9975988"><ele>0.0</ele><time>2024-06-12T13:04:57.1000Z</time></trkpt>
   <trkpt lat="46.5871276" lon="10.9975913"><ele>0.0</ele><time>2024-06-12T13:04:57.200Z</time></trkpt>
   <trkpt lat="46.5871867" lon="10.9975838"><ele>0.0</ele><time>2024-06-12T13:04:57.400Z</time></trkpt>
   <trkpt lat="46.5872458" lon="10.9975763"><ele>0.0</ele><time>2024-06-12T13:04:57.600Z</time></trkpt>
   <trkpt lat="46.5873050" lon="10.9975687"><ele>0.0</ele><time>2024-06-12T13:04:57.800Z</time></trkpt>
   <trkpt lat="46.5873641" lon="10.9975612"><ele>0.0</ele><time>2024-06-12T13:04:58.1000Z</time></trkpt>
   <trkpt lat="46.5874232" lon="10.9975537"><ele>0.0</ele><time>2024-06-12T13:04:58.200Z</time></trkpt>
   <trkpt lat="46.5874823" lon="10.9975462"><ele>0.0</ele><time>2024-06-12T13:04:58.400Z</time></trkpt>
   <trkpt lat="46.5875415" lon="10.9975387"><ele>0.0</ele><time>2024-06-12T13:04:58.600Z</time></trkpt>
   <trkpt lat="46.5876006" lon="10.9975312"><ele>0.0</ele><time>2024-06-12T13:04:58.800Z</time></trkpt>
   <trkpt lat="46.5876597" lon="10.9975236"><ele>0.0</ele><time>2024-06-12T13:04:59.1000Z</time></trkpt>
   <trkpt lat="46.5877189" lon="10.9975161"><ele>0.0</ele><time>2024-06-12T13:04:59.200Z</time></trkpt>
   <trkpt lat="46.5877780" lon="10.9975086"><ele>0.0</ele><time>2024-06-12T13:04:59.400Z</time></trkpt>
   <trkpt lat="46.5878371" lon="10.9975011"><ele>0.0</ele><time>2024-06-12T13:04:59.600Z</time></trkpt>
   <trkpt lat="46.5878962" lon="10.9974936"><ele>0.0</ele><time>2024-06-12T13:04:59.800Z</time></trkpt>
   <trkpt lat="46.5879554" lon="10.9974861"><ele>0.0</ele><time>2024-06-12T13:05:00.1000Z</time></trkpt>
   <trkpt lat="46.5880145" lon="10.9974786"><ele>0.0</ele><time>2024-06-12T13:05:00.200Z</time></trkpt>
   <trkpt lat="46.5880736" lon="10.9974710"><ele>0.0</ele><time>2024-06-12T13:05:00.400Z</time></trkpt>
   <trkpt lat="46.5881328" lon="10.9974635"><ele>0.0</ele><time>2024-06-12T13:05:00.600Z</time></trkpt>
   <trkpt lat="46.5881919" lon="10.9974560"><ele>0.0</ele><time>2024-06-12T13:05:00.800Z</time></trkpt>
   <trkpt lat="46.5882510" lon="10.9974485"><ele>0.0</ele><time>2024-06-12T13:05:01.1000Z</time></trkpt>
   <trkpt lat="46.5883102" lon="10.9974410"><ele>0.0</ele><time>2024-06-12T13:05:01.200Z</time></trkpt>
   <trkpt lat="46.5883693" lon="10.9974335"><ele>0.0</ele><time>2024-06-12T13:05:01.400Z</time></trkpt>
   <trkpt lat="46.5884284" lon="10.9974260"><ele>0.0</ele><time>2024-06-12T13:05:01.600Z</time></trkpt>
   <trkpt lat="46.5884875" lon="10.9974184"><ele>0.0</ele><time>2024-06-12T13:05:01.800Z</time></trkpt>
   <trkpt lat="46.5885467" lon="10.9974109"><ele>0.0</ele><time>2024-06-12T13:05:02.1000Z</time></trkpt>
   <trkpt lat="46.5886058" lon="10.9974034"><ele>0.0</ele><time>2024-06-12T13:05:02.200Z</time></trkpt>
   <trkpt lat="46.5886649" lon="10.9973959"><ele>0.0</ele><time>2024-06-12T13:05:02.400Z</time></trkpt>
   <trkpt lat="46.5887241" lon="10.9973884"><ele>0.0</ele><time>2024-06-12T13:05:02.600Z</time></trkpt>
   <trkpt lat="46.5887832" lon="10.9973809"><ele>0.0</ele><time>2024-06-12T13:05:02.800Z</time></trkpt>
   <trkpt lat="46.5888423" lon="10.9973733"><ele>0.0</ele><time>2024-06-12T13:05:03.1000Z</time></trkpt>
   <trkpt lat="46.5889014" lon="10.9973658"><ele>0.0</ele><time>2024-06-12T13:05:03.200Z</time></trkpt>
   <trkpt lat="46.5889606" lon="10.9973583"><ele>0.0</ele><time>2024-06-12T13:05:03.400Z</time></trkpt>
   <trkpt lat="46.5890197" lon="10.9973508"><ele>0.0</ele><time>2024-06-12T13:05:03.600Z</time></trkpt>
   <trkpt lat="46.5890788" lon="10.9973433"><ele>0.0</ele><time>2024-06-12T13:05:03.800Z</time></trkpt>
   <trkpt lat="46.5891380" lon="10.9973358"><ele>0.0</ele><time>2024-06-12T13:05:04.1000Z</time></trkpt>
   <trkpt lat="46.5891971" lon="10.9973283"><ele>0.0</ele><time>2024-06-12T13:05:04.200Z</time></trkpt>
   <trkpt lat="46.5892562" lon="10.9973207"><ele>0.0</ele><time>2024-06-12T13:05:04.400Z</time></trkpt>
   <trkpt lat="46.5893154" lon="10.9973132"><ele>0.0</ele><time>2024-06-12T13:05:04.600Z</time></trkpt>
   <trkpt lat="46.5893745" lon="10.9973057"><ele>0.0</ele><time>2024-06-12T13:05:04.800Z</time></trkpt>
   <trkpt lat="46.5894336" lon="10.9972982"><ele>0.0</ele><time>2024-06-12T13:05:05.1000Z</time></trkpt>
   <trkpt lat="46.5894927" lon="10.9972907"><ele>0.0</ele><time>2024-06-12T13:05:05.200Z</time></trkpt>
   <trkpt lat="46.5895519" lon="10.9972832"><ele>0.0</ele><time>2024-06-12T13:05:05.400Z</time></trkpt>
   <trkpt lat="46.5896110" lon="10.9972756"><ele>0.0</ele><time>2024-06-12T13:05:05.600Z</time></trkpt>
   <trkpt lat="46.5896701" lon="10.9972681"><ele>0.0</ele><time>2024-06-12T13:05:05.800Z</time></trkpt>
   <trkpt lat="46.5897293" lon="10.9972606"><ele>0.0</ele><time>2024-06-12T13:05:06.1000Z</time></trkpt>
   <trkpt lat="46.5897884" lon="10.9972531"><ele>0.0</ele><time>2024-06-12T13:05:06.200Z</time></trkpt>
   <trkpt lat="46.5898475" lon="10.9972456"><ele>0.0</ele><time>2024-06-12T13:05:06.400Z</time></trkpt>
   <trkpt lat="46.5899066" lon="10.9972381"><ele>0.0</ele><time>2024-06-12T13:05:06.600Z</time></trkpt>
   <trkpt lat="46.5899658" lon="10.9972306"><ele>0.0</ele><time>2024-06-12T13:05:06.800Z</time></trkpt>
   <trkpt lat="46.5900249" lon="10.9972230"><ele>0.0</ele><time>2024-06-12T13:05:07.1000Z</time></trkpt>
   <trkpt lat="46.5900840" lon="10.9972155"><ele>0.0</ele><time>2024-06-12T13:05:07.200Z</time></trkpt>
   <trkpt lat="46.5901432" lon="10.9972080"><ele>0.0</ele><time>2024-06-12T13:05:07.400Z</time></trkpt>
   <trkpt lat="46.5902023" lon="10.9972005"><ele>0.0</ele><time>2024-06-12T13:05:07.600Z</time></trkpt>
   <trkpt lat="46.5902614" lon="10.9971930"><ele>0.0</ele><time>2024-06-12T13:05:07.800Z</time></trkpt>
   <trkpt lat="46.5903205" lon="10.9971855"><ele>0.0</ele><time>2024-06-12T13:05:08.1000Z</time></trkpt>
   <trkpt lat="46.5903797" lon="10.9971779"><ele>0.0</ele><time>2024-06-12T13:05:08.200Z</time></trkpt>
   <trkpt lat="46.5904388" lon="10.9971704"><ele>0.0</ele><time>2024-06-12T13:05:08.400Z</time></trkpt>
   <trkpt lat="46.5904979" lon="10.9971629"><ele>0.0</ele><time>2024-06-12T13:05:08.600Z</time></trkpt>
   <trkpt lat="46.5905571" lon="10.9971554"><ele>0.0</ele><time>2024-06-12T13:05:08.800Z</time></trkpt>
   <trkpt lat="46.5906162" lon="10.9971479"><ele>0.0</ele><time>2024-06-12T13:05:09.1000Z</time></trkpt>
   <trkpt lat="46.5906753" lon="10.9971404"><ele>0.0</ele><time>2024-06-12T13:05:09.200Z</time></trkpt>
   <trkpt lat="46.5907345" lon="10.9971329"><ele>0.0</ele><time>2024-06-12T13:05:09.400Z</time></trkpt>
   <trkpt lat="46.5907936" lon="10.9971253"><ele>0.0</ele><time>2024-06-12T13:05:09.600Z</time></trkpt>
   <trkpt lat="46.5908527" lon="10.9971178"><ele>0.0</ele><time>2024-06-12T13:05:09.800Z</time></trkpt>
   <trkpt lat="46.5909118" lon="10.9971103"><ele>0.0</ele><time>2024-06-12T13:05:10.1000Z</time></trkpt>
   <trkpt lat="46.5909710" lon="10.9971028"><ele>0.0</ele><time>2024-06-12T13:05:10.200Z</time></trkpt>
   <trkpt lat="46.5910301" lon="10.9970953"><ele>0.0</ele><time>2024-06-12T13:05:10.400Z</time></trkpt>
   <trkpt lat="46.5910892" lon="10.9970878"><ele>0.0</ele><time>2024-06-12T13:05:10.600Z</time></trkpt>
   <trkpt lat="46.5911484" lon="10.9970803"><ele>0.0</ele><time>2024-06-12T13:05:10.800Z</time></trkpt>
   <trkpt lat="46.5912075" lon="10.9970727"><ele>0.0</ele><time>2024-06-12T13:05:11.1000Z</time></trkpt>
   <trkpt lat="46.5912666" lon="10.9970652"><ele>0.0</ele><time>2024-06-12T13:05:11.200Z</time></trkpt>
   <trkpt lat="46.5913257" lon="10.9970577"><ele>0.0</ele><time>2024-06-12T13:05:11.400Z</time></trkpt>
   <trkpt lat="46.5913849" lon="10.9970502"><ele>0.0</ele><time>2024-06-12T13:05:11.600Z</time></trkpt>
   <trkpt lat="46.5914440" lon="10.9970427"><ele>0.0</ele><time>2024-06-12T13:05:11.800Z</time></trkpt>
   <trkpt lat="46.5915031" lon="10.9970352"><ele>0.0</ele><time>2024-06-12T13:05:12.1000Z</time></trkpt>
   <trkpt lat="46.5915623" lon="10.9970276"><ele>0.0</ele><time>2024-06-12T13:05:12.200Z</time></trkpt>
   <trkpt lat="46.5916214" lon="10.9970201"><ele>0.0</ele><time>2024-06-12T13:05:12.400Z</time></trkpt>
   <trkpt lat="46.5916805" lon="10.9970126"><ele>0.0</ele><time>2024-06-12T13:05:12.600Z</time></trkpt>
   <trkpt lat="46.5917397" lon="10.9970051"><ele>0.0</ele><time>2024-06-12T13:05:12.800Z</time></trkpt>
   <trkpt lat="46.5917988" lon="10.9969976"><ele>0.0</ele><time>2024-06-12T13:05:13.1000Z</time></trkpt>
   <trkpt lat="46.5918579" lon="10.9969901"><ele>0.0</ele><time>2024-06-12T13:05:13.200Z</time></trkpt>
   <trkpt lat="46.5919170" lon="10.9969826"><ele>0.0</ele><time>2024-06-12T13:05:13.400Z</time></trkpt>
   <trkpt lat="46.5919762" lon="10.9969750"><ele>0.0</ele><time>2024-06-12T13:05:13.600Z</time></trkpt>
   <trkpt lat="46.5920353" lon="10.9969675"><ele>0.0</ele><time>2024-06-12T13:05:13.800Z</time></trkpt>
   <trkpt lat="46.5920944" lon="10.9969600"><ele>0.0</ele><time>2024-06-12T13:05:14.1000Z</time></trkpt>
   <trkpt lat="46.5921267" lon="10.9969559"><ele>0.0</ele><time>2024-06-12T13:05:14.200Z</time></trkpt>
  </trkseg>
 </trk>
</gpx>
