<?xml version="1.0" encoding="UTF-8"?>
<gpx version="1.1" creator="make_fixtures.py" xmlns="http://www.topografix.com/GPX/1/1">
 <trk>
  <name>Urban</name>
  <trkseg>
   <trkpt lat="46.5000000" lon="11.0000000"><ele>0.0</ele><time>2024-12-03T22:30:00.000Z</time></trkpt>
   <trkpt lat="46.5000000" lon="11.0000314"><ele>0.0</ele><time>2024-12-03T22:30:00.200Z</time></trkpt>
   <trkpt lat="46.5000000" lon="11.0000627"><ele>0.0</ele><time>2024-12-03T22:30:00.400Z</time></trkpt>
   <trkpt lat="46.5000000" lon="11.0000941"><ele>0.0</ele><time>2024-12-03T22:30:00.600Z</time></trkpt>
   <trkpt lat="46.5000000" lon="11.0001254"><ele>0.0</ele><time>2024-12-03T22:30:00.800Z</time></trkpt>
   <trkpt lat="46.5000000" lon="11.0001568"><ele>0.0</ele><time>2024-12-03T22:30:01.000Z</time></trkpt>
   <trkpt lat="46.5000000" lon="11.0001881"><ele>0.0</ele><time>2024-12-03T22:30:01.200Z</time></trkpt>
   <trkpt lat="46.5000000" lon="11.0002195"><ele>0.0</ele><time>2024-12-03T22:30:01.400Z</time></trkpt>
   <trkpt lat="46.5000000" lon="11.0002508"><ele>0.0</ele><time>2024-12-03T22:30:01.600Z</time></trkpt>
   <trkpt lat="46.5000000" lon="11.0002822"><ele>0.0</ele><time>2024-12-03T22:30:01.800Z</time></trkpt>
   <trkpt lat="46.5000000" lon="11.0003136"><ele>0.0</ele><time>2024-12-03T22:30:02.1000Z</time></trkpt>
   <trkpt lat="46.5000000" lon="11.0003449"><ele>0.0</ele><time>2024-12-03T22:30:02.200Z</time></trkpt>
   <trkpt lat="46.5000000" lon="11.0003763"><ele>0.0</ele><time>2024-12-03T22:30:02.400Z</time></trkpt>
   <trkpt lat="46.5000000" lon="11.0004076"><ele>0.0</ele><time>2024-12-03T22:30:02.600Z</time></trkpt>
   <trkpt lat="46.5000000" lon="11.0004390"><ele>0.0</ele><time>2024-12-03T22:30:02.800Z</time></trkpt>
   <trkpt lat="46.5000000" lon="11.0004703"><ele>0.0</ele><time>2024-12-03T22:30:03.000Z</time></trkpt>
   <trkpt lat="46.5000000" lon="11.0005017"><ele>0.0</ele><time>2024-12-03T22:30:03.200Z</time></trkpt>
   <trkpt lat="46.5000000" lon="11.0005330"><ele>0.0</ele><time>2024-12-03T22:30:03.400Z</time></trkpt>
   <trkpt lat="46.5000000" lon="11.0005644"><ele>0.0</ele><time>2024-12-03T22:30:03.600Z</time></trkpt>
   <trkpt lat="46.5000000" lon="11.0005958"><ele>0.0</ele><time>2024-12-03T22:30:03.800Z</time></trkpt>
   <trkpt lat="46.5000000" lon="11.0006271"><ele>0.0</ele><time>2024-12-03T22:30:04.000Z</time></trkpt>
   <trkpt lat="46.5000000" lon="11.0006585"><ele>0.0</ele><time>2024-12-03T22:30:04.200Z</time></trkpt>
   <trkpt lat="46.5000000" lon="11.0006898"><ele>0.0</ele><time>2024-12-03T22:30:04.400Z</time></trkpt>
   <trkpt lat="46.5000000" lon="11.0007212"><ele>0.0</ele><time>2024-12-03T22:30:04.600Z</time></trkpt>
   <trkpt lat="46.5000000" lon="11.0007525"><ele>0.0</ele><time>2024-12-03T22:30:04.800Z</time></trkpt>
   <trkpt lat="46.5000000" lon="11.0007839"><ele>0.0</ele><time>2024-12-03T22:30:05.000Z</time></trkpt>
   <trkpt lat="46.5000000" lon="11.0008152"><ele>0.0</ele><time>2024-12-03T22:30:05.200Z</time></trkpt>
   <trkpt lat="46.5000000" lon="11.0008466"><ele>0.0</ele><time>2024-12-03T22:30:05.400Z</time></trkpt>
   <trkpt lat="46.5000000" lon="11.0008780"><ele>0.0</ele><time>2024-12-03T22:30:05.600Z</time></trkpt>
   <trkpt lat="46.5000000" lon="11.0009093"><ele>0.0</ele><time>2024-12-03T22:30:05.800Z</time></trkpt>
   <trkpt lat="46.5000000" lon="11.0009407"><ele>0.0</ele><time>2024-12-03T22:30:06.000Z</time></trkpt>
   <trkpt lat="46.5000000" lon="11.0009720"><ele>0.0</ele><time>2024-12-03T22:30:06.200Z</time></trkpt>
   <trkpt lat="46.5000000" lon="11.0010034"><ele>0.0</ele><time>2024-12-03T22:30:06.400Z</time></trkpt>
   <trkpt lat="46.5000000" lon="11.0010347"><ele>0.0</ele><time>2024-12-03T22:30:06.600Z</time></trkpt>
   <trkpt lat="46.5000000" lon="11.0010661"><ele>0.0</ele><time>2024-12-03T22:30:06.800Z</time></trkpt>
   <trkpt lat="46.5000000" lon="11.0010974"><ele>0.0</ele><time>2024-12-03T22:30:07.000Z</time></trkpt>
   <trkpt lat="46.5000000" lon="11.0011288"><ele>0.0</ele><time>2024-12-03T22:30:07.200Z</time></trkpt>
   <trkpt lat="46.5000000" lon="11.0011602"><ele>0.0</ele><time>2024-12-03T22:30:07.400Z</time></trkpt>
   <trkpt lat="46.5000000" lon="11.0011915"><ele>0.0</ele><time>2024-12-03T22:30:07.600Z</time></trkpt>
   <trkpt lat="46.5000000" lon="11.0012229"><ele>0.0</ele><time>2024-12-03T22:30:07.800Z</time></trkpt>
   <trkpt lat="46.5000000" lon="11.0012542"><ele>0.0</ele><time>2024-12-03T22:30:08.000Z</time></trkpt>
   <trkpt lat="46.5000000" lon="11.0012856"><ele>0.0</ele><time>2024-12-03T22:30:08.200Z</time></trkpt>
   <trkpt lat="46.5000000" lon="11.0013169"><ele>0.0</ele><time>2024-12-03T22:30:08.400Z</time></trkpt>
   <trkpt lat="46.5000000" lon="11.0013483"><ele>0.0</ele><time>2024-12-03T22:30:08.600Z</time></trkpt>
   <trkpt lat="46.5000000" lon="11.0013796"><ele>0.0</ele><time>2024-12-03T22:30:08.800Z</time></trkpt>
   <trkpt lat="46.5000000" lon="11.0014110"><ele>0.0</ele><time>2024-12-03T22:30:09.000Z</time></trkpt>
   <trkpt lat="46.5000000" lon="11.0014424"><ele>0.0</ele><time>2024-12-03T22:30:09.200Z</time></trkpt>
   <trkpt lat="46.5000000" lon="11.0014737"><ele>0.0</ele><time>2024-12-03T22:30:09.400Z</time></trkpt>
   <trkpt lat="46.5000000" lon="11.0015051"><ele>0.0</ele><time>2024-12-03T22:30:09.600Z</time></trkpt>
   <trkpt lat="46.5000000" lon="11.0015364"><ele>0.0</ele><time>2024-12-03T22:30:09.800Z</time></trkpt>
   <trkpt lat="46.5000000" lon="11.0015678"><ele>0.0</ele><time>2024-12-03T22:30:10.1000Z</time></trkpt>
   <trkpt lat="46.5000000" lon="11.0015991"><ele>0.0</ele><time>2024-12-03T22:30:10.200Z</time></trkpt>
   <trkpt lat="46.5000000" lon="11.0016305"><ele>0.0</ele><time>2024-12-03T22:30:10.400Z</time></trkpt>
   <trkpt lat="46.5000000" lon="11.0016618"><ele>0.0</ele><time>2024-12-03T22:30:10.600Z</time></trkpt>
   <trkpt lat="46.5000000" lon="11.0016932"><ele>0.0</ele><time>2024-12-03T22:30:10.800Z</time></trkpt>
   <trkpt lat="46.5000000" lon="11.0017246"><ele>0.0</ele><time>2024-12-03T22:30:11.1000Z</time></trkpt>
   <trkpt lat="46.5000000" lon="11.0017559"><ele>0.0</ele><time>2024-12-03T22:30:11.200Z</time></trkpt>
   <trkpt lat="46.5000000" lon="11.0017873"><ele>0.0</ele><time>2024-12-03T22:30:11.400Z</time></trkpt>
   <trkpt lat="46.5000000" lon="11.0018186"><ele>0.0</ele><time>2024-12-03T22:30:11.600Z</time></trkpt>
   <trkpt lat="46.5000000" lon="11.0018500"><ele>0.0</ele><time>2024-12-03T22:30:11.800Z</time></trkpt>
   <trkpt lat="46.5000000" lon="11.0018813"><ele>0.0</ele><time>2024-12-03T22:30:12.1000Z</time></trkpt>
   <trkpt lat="46.5000000" lon="11.0019127"><ele>0.0</ele><time>2024-12-03T22:30:12.200Z</time></trkpt>
   <trkpt lat="46.5000000" lon="11.0019440"><ele>0.0</ele><time>2024-12-03T22:30:12.400Z</time></trkpt>
   <trkpt lat="46.5000000" lon="11.0019754"><ele>0.0</ele><time>2024-12-03T22:30:12.600Z</time></trkpt>
   <trkpt lat="46.5000000" lon="11.0020068"><ele>0.0</ele><time>2024-12-03T22:30:12.800Z</time></trkpt>
   <trkpt lat="46.5000000" lon="11.0020381"><ele>0.0</ele><time>2024-12-03T22:30:13.1000Z</time></trkpt>
   <trkpt lat="46.5000000" lon="11.0020695"><ele>0.0</ele><time>2024-12-03T22:30:13.200Z</time></trkpt>
   <trkpt lat="46.5000000" lon="11.0021008"><ele>0.0</ele><time>2024-12-03T22:30:13.400Z</time></trkpt>
   <trkpt lat="46.5000000" lon="11.0021322"><ele>0.0</ele><time>2024-12-03T22:30:13.600Z</time></trkpt>
   <trkpt lat="46.5000000" lon="11.0021635"><ele>0.0</ele><time>2024-12-03T22:30:13.800Z</time></trkpt>
   <trkpt lat="46.5000000" lon="11.0021949"><ele>0.0</ele><time>2024-12-03T22:30:14.1000Z</time></trkpt>
   <trkpt lat="46.5000000" lon="11.0022262"><ele>0.0</ele><time>2024-12-03T22:30:14.200Z</time></trkpt>
   <trkpt lat="46.5000000" lon="11.0022576"><ele>0.0</ele><time>2024-12-03T22:30:14.400Z</time></trkpt>
   <trkpt lat="46.5000000" lon="11.0022890"><ele>0.0</ele><time>2024-12-03T22:30:14.600Z</time></trkpt>
   <trkpt lat="46.5000000" lon="11.0023203"><ele>0.0</ele><time>2024-12-03T22:30:14.800Z</time></trkpt>
   <trkpt lat="46.5000000" lon="11.0023517"><ele>0.0</ele><time>2024-12-03T22:30:15.1000Z</time></trkpt>
   <trkpt lat="46.5000000" lon="11.0023830"><ele>0.0</ele><time>2024-12-03T22:30:15.200Z</time></trkpt>
   <trkpt lat="46.5000000" lon="11.0024144"><ele>0.0</ele><time>2024-12-03T22:30:15.400Z</time></trkpt>
   <trkpt lat="46.5000000" lon="11.0024457"><ele>0.0</ele><time>2024-12-03T22:30:15.600Z</time></trkpt>
   <trkpt lat="46.5000000" lon="11.0024771"><ele>0.0</ele><time>2024-12-03T22:30:15.800Z</time></trkpt>
   <trkpt lat="46.5000000" lon="11.0025084"><ele>0.0</ele><time>2024-12-03T22:30:16.1000Z</time></trkpt>
   <trkpt lat="46.5000000" lon="11.0025398"><ele>0.0</ele><time>2024-12-03T22:30:16.200Z</time></trkpt>
   <trkpt lat="46.5000000" lon="11.0025711"><ele>0.0</ele><time>2024-12-03T22:30:16.400Z</time></trkpt>
   <trkpt lat="46.5000000" lon="11.0026025"><ele>0.0</ele><time>2024-12-03T22:30:16.600Z</time></trkpt>
   <trkpt lat="46.5000000" lon="11.0026339"><ele>0.0</ele><time>2024-12-03T22:30:16.800Z</time></trkpt>
   <trkpt lat="46.5000000" lon="11.0026652"><ele>0.0</ele><time>2024-12-03T22:30:17.1000Z</time></trkpt>
   <trkpt lat="46.5000000" lon="11.0026966"><ele>0.0</ele><time>2024-12-03T22:30:17.200Z</time></trkpt>
   <trkpt lat="46.5000000" lon="11.0027279"><ele>0.0</ele><time>2024-12-03T22:30:17.400Z</time></trkpt>
   <trkpt lat="46.5000000" lon="11.0027593"><ele>0.0</ele><time>2024-12-03T22:30:17.600Z</time></trkpt>
   <trkpt lat="46.5000000" lon="11.0027906"><ele>0.0</ele><time>2024-12-03T22:30:17.800Z</time></trkpt>
   <trkpt lat="46.5000000" lon="11.0028220"><ele>0.0</ele><time>2024-12-03T22:30:18.1000Z</time></trkpt>
   <trkpt lat="46.5000000" lon="11.0028533"><ele>0.0</ele><time>2024-12-03T22:30:18.200Z</time></trkpt>
   <trkpt lat="46.5000000" lon="11.0028743"><ele>0.0</ele><time>2024-12-03T22:30:18.400Z</time></trkpt>
   <trkpt lat="46.5000000" lon="11.0028743"><ele>0.0</ele><time>2024-12-03T22:30:18.600Z</time></trkpt>
   <trkpt lat="46.5000000" lon="11.0028743"><ele>0.0</ele><time>2024-12-03T22:30:18.800Z</time></trkpt>
   <trkpt lat="46.5000000" lon="11.0028743"><ele>0.0</ele><time>2024-12-03T22:30:19.1000Z</time></trkpt>
   <trkpt lat="46.5000000" lon="11.0028743"><ele>0.0</ele><time>2024-12-03T22:30:19.200Z</time></trkpt>
   <trkpt lat="46.5000000" lon="11.0028743"><ele>0.0</ele><time>2024-12-03T22:30:19.400Z</time></trkpt>
   <trkpt lat="46.5000000" lon="11.0028743"><ele>0.0</ele><time>2024-12-03T22:30:19.600Z</time></trkpt>
   <trkpt lat="46.5000000" lon="11.0028743"><ele>0.0</ele><time>2024-12-03T22:30:19.800Z</time></trkpt>
   <trkpt lat="46.5000000" lon="11.0028743"><ele>0.0</ele><time>2024-12-03T22:30:20.1000Z</time></trkpt>
   <trkpt lat="46.5000000" lon="11.0028743"><ele>0.0</ele><time>2024-12-03T22:30:20.200Z</time></trkpt>
   <trkpt lat="46.5000000" lon="11.0028743"><ele>0.0</ele><time>2024-12-03T22:30:20.400Z</time></trkpt>
   <trkpt lat="46.5000000" lon="11.0028743"><ele>0.0</ele><time>2024-12-03T22:30:20.600Z</time></trkpt>
   <trkpt lat="46.5000000" lon="11.0028743"><ele>0.0</ele><time>2024-12-03T22:30:20.800Z</time></trkpt>
   <trkpt lat="46.5000000" lon="11.0028743"><ele>0.0</ele><time>2024-12-03T22:30:21.1000Z</time></trkpt>
   <trkpt lat="46.5000000" lon="11.0028743"><ele>0.0</ele><time>2024-12-03T22:30:21.200Z</time></trkpt>
   <trkpt lat="46.5000000" lon="11.0028743"><ele>0.0</ele><time>2024-12-03T22:30:21.400Z</time></trkpt>
   <trkpt lat="46.5000000" lon="11.0028743"><ele>0.0</ele><time>2024-12-03T22:30:21.600Z</time></trkpt>
   <trkpt lat="46.5000000" lon="11.0028743"><ele>0.0</ele><time>2024-12-03T22:30:21.800Z</time></trkpt>
   <trkpt lat="46.5000000" lon="11.0028743"><ele>0.0</ele><time>2024-12-03T22:30:22.1000Z</time></trkpt>
   <trkpt lat="46.5000000" lon="11.0028743"><ele>0.0</ele><time>2024-12-03T22:30:22.200Z</time></trkpt>
   <trkpt lat="46.5000000" lon="11.0028743"><ele>0.0</ele><time>2024-12-03T22:30:22.400Z</time></trkpt>
   <trkpt lat="46.5000000" lon="11.0028743"><ele>0.0</ele><time>2024-12-03T22:30:22.600Z</time></trkpt>
   <trkpt lat="46.5000000" lon="11.0028743"><ele>0.0</ele><time>2024-12-03T22:30:22.800Z</time></trkpt>
   <trkpt lat="46.5000000" lon="11.0028743"><ele>0.0</ele><time>2024-12-03T22:30:23.1000Z</time></trkpt>
   <trkpt lat="46.5000000" lon="11.0028743"><ele>0.0</ele><time>2024-12-03T22:30:23.200Z</time></trkpt>
   <trkpt lat="46.5000000" lon="11.0028743"><ele>0.0</ele><time>2024-12-03T22:30:23.400Z</time></trkpt>
   <trkpt lat="46.5000000" lon="11.0028743"><ele>0.0</ele><time>2024-12-03T22:30:23.600Z</time></trkpt>
   <trkpt lat="46.5000000" lon="11.0028743"><ele>0.0</ele><time>2024-12-03T22:30:23.800Z</time></trkpt>
   <trkpt lat="46.5000000" lon="11.0028743"><ele>0.0</ele><time>2024-12-03T22:30:24.1000Z</time></trkpt>
   <trkpt lat="46.5000000" lon="11.0028743"><ele>0.0</ele><time>2024-12-03T22:30:24.200Z</time></trkpt>
   <trkpt lat="46.5000000" lon="11.0028743"><ele>0.0</ele><time>2024-12-03T22:30:24.400Z</time></trkpt>
   <trkpt lat="46.5000000" lon="11.0028743"><ele>0.0</ele><time>2024-12-03T22:30:24.600Z</time></trkpt>
   <trkpt lat="46.5000000" lon="11.0028743"><ele>0.0</ele><time>2024-12-03T22:30:24.800Z</time></trkpt>
   <trkpt lat="46.5000000" lon="11.0028743"><ele>0.0</ele><time>2024-12-03T22:30:25.1000Z</time></trkpt>
   <trkpt lat="46.5000000" lon="11.0028743"><ele>0.0</ele><time>2024-12-03T22:30:25.200Z</time></trkpt>
   <trkpt lat="46.5000000" lon="11.0028743"><ele>0.0</ele><time>2024-12-03T22:30:25.400Z</time></trkpt>
   <trkpt lat="46.5000000" lon="11.0028743"><ele>0.0</ele><time>2024-12-03T22:30:25.600Z</time></trkpt>
   <trkpt lat="46.5000000" lon="11.0028743"><ele>0.0</ele><time>2024-12-03T22:30:25.800Z</time></trkpt>
   <trkpt lat="46.5000000" lon="11.0028743"><ele>0.0</ele><time>2024-12-03T22:30:26.1000Z</time></trkpt>
   <trkpt lat="46.5000000" lon="11.0028743"><ele>0.0</ele><time>2024-12-03T22:30:26.200Z</time></trkpt>
   <trkpt lat="46.5000000" lon="11.0028743"><ele>0.0</ele><time>2024-12-03T22:30:26.400Z</time></trkpt>
   <trkpt lat="46.5000000" lon="11.0028743"><ele>0.0</ele><time>2024-12-03T22:30:26.600Z</time></trkpt>
   <trkpt lat="46.5000000" lon="11.0028743"><ele>0.0</ele><time>2024-12-03T22:30:26.800Z</time></trkpt>
   <trkpt lat="46.5000000" lon="11.0028743"><ele>0.0</ele><time>2024-12-03T22:30:27.1000Z</time></trkpt>
   <trkpt lat="46.5000000" lon="11.0028743"><ele>0.0</ele><time>2024-12-03T22:30:27.200Z</time></trkpt>
   <trkpt lat="46.5000000" lon="11.0028743"><ele>0.0</ele><time>2024-12-03T22:30:27.400Z</time></trkpt>
   <trkpt lat="46.5000000" lon="11.0028743"><ele>0.0</ele><time>2024-12-03T22:30:27.600Z</time></trkpt>
   <trkpt lat="46.5000000" lon="11.0028743"><ele>0.0</ele><time>2024-12-03T22:30:27.800Z</time></trkpt>
   <trkpt lat="46.5000000" lon="11.0028743"><ele>0.0</ele><time>2024-12-03T22:30:28.1000Z</time></trkpt>
   <trkpt lat="46.5000000" lon="11.0028743"><ele>0.0</ele><time>2024-12-03T22:30:28.200Z</time></trkpt>
   <trkpt lat="46.5000000" lon="11.0028743"><ele>0.0</ele><time>2024-12-03T22:30:28.400Z</time></trkpt>
   <trkpt lat="46.5000000" lon="11.0028743"><ele>0.0</ele><time>2024-12-03T22:30:28.600Z</time></trkpt>
   <trkpt lat="46.5000000" lon="11.0028743"><ele>0.0</ele><time>2024-12-03T22:30:28.800Z</time></trkpt>
   <trkpt lat="46.5000000" lon="11.0028743"><ele>0.0</ele><time>2024-12-03T22:30:29.1000Z</time></trkpt>
   <trkpt lat="46.5000000" lon="11.0028743"><ele>0.0</ele><time>2024-12-03T22:30:29.200Z</time></trkpt>
   <trkpt lat="46.5000000" lon="11.0028743"><ele>0.0</ele><time>2024-12-03T22:30:29.400Z</time></trkpt>
   <trkpt lat="46.5000000" lon="11.0028743"><ele>0.0</ele><time>2024-12-03T22:30:29.600Z</time></trkpt>
   <trkpt lat="46.5000000" lon="11.0028743"><ele>0.0</ele><time>2024-12-03T22:30:29.800Z</time></trkpt>
   <trkpt lat="46.5000000" lon="11.0028743"><ele>0.0</ele><time>2024-12-03T22:30:30.1000Z</time></trkpt>
   <trkpt lat="46.5000000" lon="11.0028743"><ele>0.0</ele><time>2024-12-03T22:30:30.200Z</time></trkpt>
   <trkpt lat="46.5000000" lon="11.0028743"><ele>0.0</ele><time>2024-12-03T22:30:30.400Z</time></trkpt>
   <trkpt lat="46.5000000" lon="11.0028743"><ele>0.0</ele><time>2024-12-03T22:30:30.600Z</time></trkpt>
   <trkpt lat="46.5000000" lon="11.0028743"><ele>0.0</ele><time>2024-12-03T22:30:30.800Z</time></trkpt>
   <trkpt lat="46.5000000" lon="11.0028743"><ele>0.0</ele><time>2024-12-03T22:30:31.1000Z</time></trkpt>
   <trkpt lat="46.5000000" lon="11.0028743"><ele>0.0</ele><time>2024-12-03T22:30:31.200Z</time></trkpt>
   <trkpt lat="46.5000000" lon="11.0028743"><ele>0.0</ele><time>2024-12-03T22:30:31.400Z</time></trkpt>
   <trkpt lat="46.5000000" lon="11.0028743"><ele>0.0</ele><time>2024-12-03T22:30:31.600Z</time></trkpt>
   <trkpt lat="46.5000000" lon="11.0028743"><ele>0.0</ele><time>2024-12-03T22:30:31.800Z</time></trkpt>
   <trkpt lat="46.5000000" lon="11.0028743"><ele>0.0</ele><time>2024-12-03T22:30:32.1000Z</time></trkpt>
   <trkpt lat="46.5000000" lon="11.0028743"><ele>0.0</ele><time>2024-12-03T22:30:32.200Z</time></trkpt>
   <trkpt lat="46.5000000" lon="11.0028743"><ele>0.0</ele><time>2024-12-03T22:30:32.400Z</time></trkpt>
   <trkpt lat="46.5000000" lon="11.0028743"><ele>0.0</ele><time>2024-12-03T22:30:32.600Z</time></trkpt>
   <trkpt lat="46.5000000" lon="11.0028743"><ele>0.0</ele><time>2024-12-03T22:30:32.800Z</time></trkpt>
   <trkpt lat="46.5000000" lon="11.0028743"><ele>0.0</ele><time>2024-12-03T22:30:33.1000Z</time></trkpt>
   <trkpt lat="46.5000000" lon="11.0028743"><ele>0.0</ele><time>2024-12-03T22:30:33.200Z</time></trkpt>
   <trkpt lat="46.5000000" lon="11.0028743"><ele>0.0</ele><time>2024-12-03T22:30:33.400Z</time></trkpt>
   <trkpt lat="46.5000000" lon="11.0028743"><ele>0.0</ele><time>2024-12-03T22:30:33.600Z</time></trkpt>
   <trkpt lat="46.5000000" lon="11.0028743"><ele>0.0</ele><time>2024-12-03T22:30:33.800Z</time></trkpt>
   <trkpt lat="46.5000000" lon="11.0028743"><ele>0.0</ele><time>2024-12-03T22:30:34.1000Z</time></trkpt>
   <trkpt lat="46.5000000" lon="11.0028743"><ele>0.0</ele><time>2024-12-03T22:30:34.200Z</time></trkpt>
   <trkpt lat="46.5000000" lon="11.0028743"><ele>0.0</ele><time>2024-12-03T22:30:34.400Z</time></trkpt>
   <trkpt lat="46.5000000" lon="11.0028743"><ele>0.0</ele><time>2024-12-03T22:30:34.600Z</time></trkpt>
   <trkpt lat="46.5000000" lon="11.0028743"><ele>0.0</ele><time>2024-12-03T22:30:34.800Z</time></trkpt>
   <trkpt lat="46.5000000" lon="11.0028743"><ele>0.0</ele><time>2024-12-03T22:30:35.1000Z</time></trkpt>
   <trkpt lat="46.5000000" lon="11.0028743"><ele>0.0</ele><time>2024-12-03T22:30:35.200Z</time></trkpt>
   <trkpt lat="46.5000000" lon="11.0028743"><ele>0.0</ele><time>2024-12-03T22:30:35.400Z</time></trkpt>
   <trkpt lat="46.5000000" lon="11.0028743"><ele>0.0</ele><time>2024-12-03T22:30:35.600Z</time></trkpt>
   <trkpt lat="46.5000000" lon="11.0028743"><ele>0.0</ele><time>2024-12-03T22:30:35.800Z</time></trkpt>
   <trkpt lat="46.5000000" lon="11.0028743"><ele>0.0</ele><time>2024-12-03T22:30:36.1000Z</time></trkpt>
   <trkpt lat="46.5000000" lon="11.0028743"><ele>0.0</ele><time>2024-12-03T22:30:36.200Z</time></trkpt>
   <trkpt lat="46.5000000" lon="11.0028743"><ele>0.0</ele><time>2024-12-03T22:30:36.400Z</time></trkpt>
   <trkpt lat="46.4999995" lon="11.0028899"><ele>0.0</ele><time>2024-12-03T22:30:36.600Z</time></trkpt>
   <trkpt lat="46.4999982" lon="11.0029055"><ele>0.0</ele><time>2024-12-03T22:30:36.800Z</time></trkpt>
   <trkpt lat="46.4999959" lon="11.0029208"><ele>0.0</ele><time>2024-12-03T22:30:37.1000Z</time></trkpt>
   <trkpt lat="46.4999927" lon="11.0029358"><ele>0.0</ele><time>2024-12-03T22:30:37.200Z</time></trkpt>
   <trkpt lat="46.4999886" lon="11.0029503"><ele>0.0</ele><time>2024-12-03T22:30:37.400Z</time></trkpt>
   <trkpt lat="46.4999837" lon="11.0029643"><ele>0.0</ele><time>2024-12-03T22:30:37.600Z</time></trkpt>
   <trkpt lat="46.4999780" lon="11.0029776"><ele>0.0</ele><time>2024-12-03T22:30:37.800Z</time></trkpt>
   <trkpt lat="46.4999715" lon="11.0029901"><ele>0.0</ele><time>2024-12-03T22:30:38.000Z</time></trkpt>
   <trkpt lat="46.4999643" lon="11.0030018"><ele>0.0</ele><time>2024-12-03T22:30:38.200Z</time></trkpt>
   <trkpt lat="46.4999565" lon="11.0030126"><ele>0.0</ele><time>2024-12-03T22:30:38.400Z</time></trkpt>
   <trkpt lat="46.4999480" lon="11.0030223"><ele>0.0</ele><time>2024-12-03T22:30:38.600Z</time></trkpt>
   <trkpt lat="46.4999390" lon="11.0030310"><ele>0.0</ele><time>2024-12-03T22:30:38.800Z</time></trkpt>
   <trkpt lat="46.4999296" lon="11.0030385"><ele>0.0</ele><time>2024-12-03T22:30:39.000Z</time></trkpt>
   <trkpt lat="46.4999197" lon="11.0030448"><ele>0.0</ele><time>2024-12-03T22:30:39.200Z</time></trkpt>
   <trkpt lat="46.4999095" lon="11.0030498"><ele>0.0</ele><time>2024-12-03T22:30:39.400Z</time></trkpt>
   <trkpt lat="46.4998990" lon="11.0030536"><ele>0.0</ele><time>2024-12-03T22:30:39.600Z</time></trkpt>
   <trkpt lat="46.4998883" lon="11.0030560"><ele>0.0</ele><time>2024-12-03T22:30:39.800Z</time></trkpt>
   <trkpt lat="46.4998776" lon="11.0030571"><ele>0.0</ele><time>2024-12-03T22:30:40.000Z</time></trkpt>
   <trkpt lat="46.4998741" lon="11.0030572"><ele>0.0</ele><time>2024-12-03T22:30:40.200Z</time></trkpt>
   <trkpt lat="46.4998525" lon="11.0030572"><ele>0.0</ele><time>2024-12-03T22:30:40.400Z</time></trkpt>
   <trkpt lat="46.4998309" lon="11.0030572"><ele>0.0</ele><time>2024-12-03T22:30:40.600Z</time></trkpt>
   <trkpt lat="46.4998093" lon="11.0030572"><ele>0.0</ele><time>2024-12-03T22:30:40.800Z</time></trkpt>
   <trkpt lat="46.4997877" lon="11.0030572"><ele>0.0</ele><time>2024-12-03T22:30:41.000Z</time></trkpt>
   <trkpt lat="46.4997661" lon="11.0030572"><ele>0.0</ele><time>2024-12-03T22:30:41.200Z</time></trkpt>
   <trkpt lat="46.4997446" lon="11.0030572"><ele>0.0</ele><time>2024-12-03T22:30:41.400Z</time></trkpt>
   <trkpt lat="46.4997230" lon="11.0030572"><ele>0.0</ele><time>2024-12-03T22:30:41.600Z</time></trkpt>
   <trkpt lat="46.4997014" lon="11.0030572"><ele>0.0</ele><time>2024-12-03T22:30:41.800Z</time></trkpt>
   <trkpt lat="46.4996798" lon="11.0030572"><ele>0.0</ele><time>2024-12-03T22:30:42.000Z</time></trkpt>
   <trkpt lat="46.4996582" lon="11.0030572"><ele>0.0</ele><time>2024-12-03T22:30:42.200Z</time></trkpt>
   <trkpt lat="46.4996366" lon="11.0030572"><ele>0.0</ele><time>2024-12-03T22:30:42.400Z</time></trkpt>
   <trkpt lat="46.4996151" lon="11.0030572"><ele>0.0</ele><time>2024-12-03T22:30:42.600Z</time></trkpt>
   <trkpt lat="46.4995935" lon="11.0030572"><ele>0.0</ele><time>2024-12-03T22:30:42.800Z</time></trkpt>
   <trkpt lat="46.4995719" lon="11.0030572"><ele>0.0</ele><time>2024-12-03T22:30:43.000Z</time></trkpt>
   <trkpt lat="46.4995503" lon="11.0030572"><ele>0.0</ele><time>2024-12-03T22:30:43.200Z</time></trkpt>
   <trkpt lat="46.4995287" lon="11.0030572"><ele>0.0</ele><time>2024-12-03T22:30:43.400Z</time></trkpt>
   <trkpt lat="46.4995071" lon="11.0030572"><ele>0.0</ele><time>2024-12-03T22:30:43.600Z</time></trkpt>
   <trkpt lat="46.4994856" lon="11.0030572"><ele>0.0</ele><time>2024-12-03T22:30:43.800Z</time></trkpt>
   <trkpt lat="46.4994640" lon="11.0030572"><ele>0.0</ele><time>2024-12-03T22:30:44.000Z</time></trkpt>
   <trkpt lat="46.4994424" lon="11.0030572"><ele>0.0</ele><time>2024-12-03T22:30:44.200Z</time></trkpt>
   <trkpt lat="46.4994208" lon="11.0030572"><ele>0.0</ele><time>2024-12-03T22:30:44.400Z</time></trkpt>
   <trkpt lat="46.4993992" lon="11.0030572"><ele>0.0</ele><time>2024-12-03T22:30:44.600Z</time></trkpt>
   <trkpt lat="46.4993776" lon="11.0030572"><ele>0.0</ele><time>2024-12-03T22:30:44.800Z</time></trkpt>
   <trkpt lat="46.4993560" lon="11.0030572"><ele>0.0</ele><time>2024-12-03T22:30:45.000Z</time></trkpt>
   <trkpt lat="46.4993345" lon="11.0030572"><ele>0.0</ele><time>2024-12-03T22:30:45.200Z</time></trkpt>
   <trkpt lat="46.4993129" lon="11.0030572"><ele>0.0</ele><time>2024-12-03T22:30:45.400Z</time></trkpt>
   <trkpt lat="46.4992913" lon="11.0030572"><ele>0.0</ele><time>2024-12-03T22:30:45.600Z</time></trkpt>
   <trkpt lat="46.4992697" lon="11.0030572"><ele>0.0</ele><time>2024-12-03T22:30:45.800Z</time></trkpt>
   <trkpt lat="46.4992481" lon="11.0030572"><ele>0.0</ele><time>2024-12-03T22:30:46.000Z</time></trkpt>
   <trkpt lat="46.4992265" lon="11.0030572"><ele>0.0</ele><time>2024-12-03T22:30:46.200Z</time></trkpt>
   <trkpt lat="46.4992050" lon="11.0030572"><ele>0.0</ele><time>2024-12-03T22:30:46.400Z</time></trkpt>
   <trkpt lat="46.4991834" lon="11.0030572"><ele>0.0</ele><time>2024-12-03T22:30:46.600Z</time></trkpt>
   <trkpt lat="46.4991618" lon="11.0030572"><ele>0.0</ele><time>2024-12-03T22:30:46.800Z</time></trkpt>
   <trkpt lat="46.4991402" lon="11.0030572"><ele>0.0</ele><time>2024-12-03T22:30:47.000Z</time></trkpt>
   <trkpt lat="46.4991186" lon="11.0030572"><ele>0.0</ele><time>2024-12-03T22:30:47.200Z</time></trkpt>
   <trkpt lat="46.4990970" lon="11.0030572"><ele>0.0</ele><time>2024-12-03T22:30:47.400Z</time></trkpt>
   <trkpt lat="46.4990755" lon="11.0030572"><ele>0.0</ele><time>2024-12-03T22:30:47.600Z</time></trkpt>
   <trkpt lat="46.4990539" lon="11.0030572"><ele>0.0</ele><time>2024-12-03T22:30:47.800Z</time></trkpt>
   <trkpt lat="46.4990323" lon="11.0030572"><ele>0.0</ele><time>2024-12-03T22:30:48.000Z</time></trkpt>
   <trkpt lat="46.4990107" lon="11.0030572"><ele>0.0</ele><time>2024-12-03T22:30:48.200Z</time></trkpt>
   <trkpt lat="46.4989891" lon="11.0030572"><ele>0.0</ele><time>2024-12-03T22:30:48.400Z</time></trkpt>
   <trkpt lat="46.4989675" lon="11.0030572"><ele>0.0</ele><time>2024-12-03T22:30:48.600Z</time></trkpt>
   <trkpt lat="46.4989460" lon="11.0030572"><ele>0.0</ele><time>2024-12-03T22:30:48.800Z</time></trkpt>
   <trkpt lat="46.4989244" lon="11.0030572"><ele>0.0</ele><time>2024-12-03T22:30:49.000Z</time></trkpt>
   <trkpt lat="46.4989028" lon="11.0030572"><ele>0.0</ele><time>2024-12-03T22:30:49.200Z</time></trkpt>
   <trkpt lat="46.4988812" lon="11.0030572"><ele>0.0</ele><time>2024-12-03T22:30:49.400Z</time></trkpt>
   <trkpt lat="46.4988596" lon="11.0030572"><ele>0.0</ele><time>2024-12-03T22:30:49.600Z</time></trkpt>
   <trkpt lat="46.4988380" lon="11.0030572"><ele>0.0</ele><time>2024-12-03T22:30:49.800Z</time></trkpt>
   <trkpt lat="46.4988165" lon="11.0030572"><ele>0.0</ele><time>2024-12-03T22:30:50.000Z</time></trkpt>
   <trkpt lat="46.4987949" lon="11.0030572"><ele>0.0</ele><time>2024-12-03T22:30:50.200Z</time></trkpt>
   <trkpt lat="46.4987733" lon="11.0030572"><ele>0.0</ele><time>2024-12-03T22:30:50.400Z</time></trkpt>
   <trkpt lat="46.4987517" lon="11.0030572"><ele>0.0</ele><time>2024-12-03T22:30:50.600Z</time></trkpt>
   <trkpt lat="46.4987301" lon="11.0030572"><ele>0.0</ele><time>2024-12-03T22:30:50.800Z</time></trkpt>
   <trkpt lat="46.4987085" lon="11.0030572"><ele>0.0</ele><time>2024-12-03T22:30:51.000Z</time></trkpt>
   <trkpt lat="46.4986870" lon="11.0030572"><ele>0.0</ele><time>2024-12-03T22:30:51.200Z</time></trkpt>
   <trkpt lat="46.4986654" lon="11.0030572"><ele>0.0</ele><time>2024-12-03T22:30:51.400Z</time></trkpt>
   <trkpt lat="46.4986438" lon="11.0030572"><ele>0.0</ele><time>2024-12-03T22:30:51.600Z</time></trkpt>
   <trkpt lat="46.4986222" lon="11.0030572"><ele>0.0</ele><time>2024-12-03T22:30:51.800Z</time></trkpt>
   <trkpt lat="46.4986006" lon="11.0030572"><ele>0.0</ele><time>2024-12-03T22:30:52.000Z</time></trkpt>
   <trkpt lat="46.4985790" lon="11.0030572"><ele>0.0</ele><time>2024-12-03T22:30:52.200Z</time></trkpt>
   <trkpt lat="46.4985575" lon="11.0030572"><ele>0.0</ele><time>2024-12-03T22:30:52.400Z</time></trkpt>
   <trkpt lat="46.4985359" lon="11.0030572"><ele>0.0</ele><time>2024-12-03T22:30:52.600Z</time></trkpt>
   <trkpt lat="46.4985143" lon="11.0030572"><ele>0.0</ele><time>2024-12-03T22:30:52.800Z</time></trkpt>
   <trkpt lat="46.4984927" lon="11.0030572"><ele>0.0</ele><time>2024-12-03T22:30:53.000Z</time></trkpt>
   <trkpt lat="46.4984711" lon="11.0030572"><ele>0.0</ele><time>2024-12-03T22:30:53.200Z</time></trkpt>
   <trkpt lat="46.4984495" lon="11.0030572"><ele>0.0</ele><time>2024-12-03T22:30:53.400Z</time></trkpt>
   <trkpt lat="46.4984280" lon="11.0030572"><ele>0.0</ele><time>2024-12-03T22:30:53.600Z</time></trkpt>
   <trkpt lat="46.4984064" lon="11.0030572"><ele>0.0</ele><time>2024-12-03T22:30:53.800Z</time></trkpt>
   <trkpt lat="46.4983848" lon="11.0030572"><ele>0.0</ele><time>2024-12-03T22:30:54.000Z</time></trkpt>
   <trkpt lat="46.4983632" lon="11.0030572"><ele>0.0</ele><time>2024-12-03T22:30:54.200Z</time></trkpt>
   <trkpt lat="46.4983416" lon="11.0030572"><ele>0.0</ele><time>2024-12-03T22:30:54.400Z</time></trkpt>
   <trkpt lat="46.4983200" lon="11.0030572"><ele>0.0</ele><time>2024-12-03T22:30:54.600Z</time></trkpt>
   <trkpt lat="46.4982984" lon="11.0030572"><ele>0.0</ele><time>2024-12-03T22:30:54.800Z</time></trkpt>
   <trkpt lat="46.4982769" lon="11.0030572"><ele>0.0</ele><time>2024-12-03T22:30:55.000Z</time></trkpt>
   <trkpt lat="46.4982553" lon="11.0030572"><ele>0.0</ele><time>2024-12-03T22:30:55.200Z</time></trkpt>
   <trkpt lat="46.4982337" lon="11.0030572"><ele>0.0</ele><time>2024-12-03T22:30:55.400Z</time></trkpt>
   <trkpt lat="46.4982121" lon="11.0030572"><ele>0.0</ele><time>2024-12-03T22:30:55.600Z</time></trkpt>
   <trkpt lat="46.4981905" lon="11.0030572"><ele>0.0</ele><time>2024-12-03T22:30:55.800Z</time></trkpt>
   <trkpt lat="46.4981689" lon="11.0030572"><ele>0.0</ele><time>2024-12-03T22:30:56.000Z</time></trkpt>
   <trkpt lat="46.4981474" lon="11.0030572"><ele>0.0</ele><time>2024-12-03T22:30:56.200Z</time></trkpt>
   <trkpt lat="46.4981258" lon="11.0030572"><ele>0.0</ele><time>2024-12-03T22:30:56.400Z</time></trkpt>
   <trkpt lat="46.4981042" lon="11.0030572"><ele>0.0</ele><time>2024-12-03T22:30:56.600Z</time></trkpt>
   <trkpt lat="46.4980826" lon="11.0030572"><ele>0.0</ele><time>2024-12-03T22:30:56.800Z</time></trkpt>
   <trkpt lat="46.4980610" lon="11.0030572"><ele>0.0</ele><time>2024-12-03T22:30:57.000Z</time></trkpt>
   <trkpt lat="46.4980394" lon="11.0030572"><ele>0.0</ele><time>2024-12-03T22:30:57.200Z</time></trkpt>
   <trkpt lat="46.4980179" lon="11.0030572"><ele>0.0</ele><time>2024-12-03T22:30:57.400Z</time></trkpt>
   <trkpt lat="46.4979963" lon="11.0030572"><ele>0.0</ele><time>2024-12-03T22:30:57.600Z</time></trkpt>
   <trkpt lat="46.4979747" lon="11.0030572"><ele>0.0</ele><time>2024-12-03T22:30:57.800Z</time></trkpt>
   <trkpt lat="46.4979531" lon="11.0030572"><ele>0.0</ele><time>2024-12-03T22:30:58.000Z</time></trkpt>
   <trkpt lat="46.4979315" lon="11.0030572"><ele>0.0</ele><time>2024-12-03T22:30:58.200Z</time></trkpt>
   <trkpt lat="46.4979099" lon="11.0030572"><ele>0.0</ele><time>2024-12-03T22:30:58.400Z</time></trkpt>
   <trkpt lat="46.4978884" lon="11.0030572"><ele>0.0</ele><time>2024-12-03T22:30:58.600Z</time></trkpt>
   <trkpt lat="46.4978668" lon="11.0030572"><ele>0.0</ele><time>2024-12-03T22:30:58.800Z</time></trkpt>
   <trkpt lat="46.4978452" lon="11.0030572"><ele>0.0</ele><time>2024-12-03T22:30:59.000Z</time></trkpt>
   <trkpt lat="46.4978236" lon="11.0030572"><ele>0.0</ele><time>2024-12-03T22:30:59.200Z</time></trkpt>
   <trkpt lat="46.4978020" lon="11.0030572"><ele>0.0</ele><time>2024-12-03T22:30:59.400Z</time></trkpt>
   <trkpt lat="46.4977804" lon="11.0030572"><ele>0.0</ele><time>2024-12-03T22:30:59.600Z</time></trkpt>
   <trkpt lat="46.4977589" lon="11.0030572"><ele>0.0</ele><time>2024-12-03T22:30:59.800Z</time></trkpt>
   <trkpt lat="46.4977373" lon="11.0030572"><ele>0.0</ele><time>2024-12-03T22:31:00.000Z</time></trkpt>
   <trkpt lat="46.4977157" lon="11.0030572"><ele>0.0</ele><time>2024-12-03T22:31:00.200Z</time></trkpt>
   <trkpt lat="46.4976941" lon="11.0030572"><ele>0.0</ele><time>2024-12-03T22:31:00.400Z</time></trkpt>
   <trkpt lat="46.4976725" lon="11.0030572"><ele>0.0</ele><time>2024-12-03T22:31:00.600Z</time></trkpt>
   <trkpt lat="46.4976509" lon="11.0030572"><ele>0.0</ele><time>2024-12-03T22:31:00.800Z</time></trkpt>
   <trkpt lat="46.4976294" lon="11.0030572"><ele>0.0</ele><time>2024-12-03T22:31:01.000Z</time></trkpt>
   <trkpt lat="46.4976258" lon="11.0030572"><ele>0.0</ele><time>2024-12-03T22:31:01.200Z</time></trkpt>
   <trkpt lat="46.4976258" lon="11.0030572"><ele>0.0</ele><time>2024-12-03T22:31:01.400Z</time></trkpt>
   <trkpt lat="46.4976258" lon="11.0030572"><ele>0.0</ele><time>2024-12-03T22:31:01.600Z</time></trkpt>
   <trkpt lat="46.4976258" lon="11.0030572"><ele>0.0</ele><time>2024-12-03T22:31:01.800Z</time></trkpt>
   <trkpt lat="46.4976258" lon="11.0030572"><ele>0.0</ele><time>2024-12-03T22:31:02.000Z</time></trkpt>
   <trkpt lat="46.4976258" lon="11.0030572"><ele>0.0</ele><time>2024-12-03T22:31:02.200Z</time></trkpt>
   <trkpt lat="46.4976258" lon="11.0030572"><ele>0.0</ele><time>2024-12-03T22:31:02.400Z</time></trkpt>
   <trkpt lat="46.4976258" lon="11.0030572"><ele>0.0</ele><time>2024-12-03T22:31:02.600Z</time></trkpt>
   <trkpt lat="46.4976258" lon="11.0030572"><ele>0.0</ele><time>2024-12-03T22:31:02.800Z</time></trkpt>
   <trkpt lat="46.4976258" lon="11.0030572"><ele>0.0</ele><time>2024-12-03T22:31:03.000Z</time></trkpt>
   <trkpt lat="46.4976258" lon="11.0030572"><ele>0.0</ele><time>2024-12-03T22:31:03.200Z</time></trkpt>
   <trkpt lat="46.4976258" lon="11.0030572"><ele>0.0</ele><time>2024-12-03T22:31:03.400Z</time></trkpt>
   <trkpt lat="46.4976258" lon="11.0030572"><ele>0.0</ele><time>2024-12-03T22:31:03.600Z</time></trkpt>
   <trkpt lat="46.4976258" lon="11.0030572"><ele>0.0</ele><time>2024-12-03T22:31:03.800Z</time></trkpt>
   <trkpt lat="46.4976258" lon="11.0030572"><ele>0.0</ele><time>2024-12-03T22:31:04.000Z</time></trkpt>
   <trkpt lat="46.4976258" lon="11.0030572"><ele>0.0</ele><time>2024-12-03T22:31:04.200Z</time></trkpt>
   <trkpt lat="46.4976258" lon="11.0030572"><ele>0.0</ele><time>2024-12-03T22:31:04.400Z</time></trkpt>
   <trkpt lat="46.4976258" lon="11.0030572"><ele>0.0</ele><time>2024-12-03T22:31:04.600Z</time></trkpt>
   <trkpt lat="46.4976258" lon="11.0030572"><ele>0.0</ele><time>2024-12-03T22:31:04.800Z</time></trkpt>
   <trkpt lat="46.4976258" lon="11.0030572"><ele>0.0</ele><time>2024-12-03T22:31:05.000Z</time></trkpt>
   <trkpt lat="46.4976258" lon="11.0030572"><ele>0.0</ele><time>2024-12-03T22:31:05.200Z</time></trkpt>
   <trkpt lat="46.4976258" lon="11.0030572"><ele>0.0</ele><time>2024-12-03T22:31:05.400Z</time></trkpt>
   <trkpt lat="46.4976258" lon="11.0030572"><ele>0.0</ele><time>2024-12-03T22:31:05.600Z</time></trkpt>
   <trkpt lat="46.4976258" lon="11.0030572"><ele>0.0</ele><time>2024-12-03T22:31:05.800Z</time></trkpt>
   <trkpt lat="46.4976258" lon="11.0030572"><ele>0.0</ele><time>2024-12-03T22:31:06.000Z</time></trkpt>
   <trkpt lat="46.4976258" lon="11.0030572"><ele>0.0</ele><time>2024-12-03T22:31:06.200Z</time></trkpt>
   <trkpt lat="46.4976258" lon="11.0030572"><ele>0.0</ele><time>2024-12-03T22:31:06.400Z</time></trkpt>
   <trkpt lat="46.4976258" lon="11.0030572"><ele>0.0</ele><time>2024-12-03T22:31:06.600Z</time></trkpt>
   <trkpt lat="46.4976258" lon="11.0030572"><ele>0.0</ele><time>2024-12-03T22:31:06.800Z</time></trkpt>
   <trkpt lat="46.4976258" lon="11.0030572"><ele>0.0</ele><time>2024-12-03T22:31:07.000Z</time></trkpt>
   <trkpt lat="46.4976258" lon="11.0030572"><ele>0.0</ele><time>2024-12-03T22:31:07.200Z</time></trkpt>
   <trkpt lat="46.4976258" lon="11.0030572"><ele>0.0</ele><time>2024-12-03T22:31:07.400Z</time></trkpt>
   <trkpt lat="46.4976258" lon="11.0030572"><ele>0.0</ele><time>2024-12-03T22:31:07.600Z</time></trkpt>
   <trkpt lat="46.4976258" lon="11.0030572"><ele>0.0</ele><time>2024-12-03T22:31:07.800Z</time></trkpt>
   <trkpt lat="46.4976258" lon="11.0030572"><ele>0.0</ele><time>2024-12-03T22:31:08.000Z</time></trkpt>
   <trkpt lat="46.4976258" lon="11.0030572"><ele>0.0</ele><time>2024-12-03T22:31:08.200Z</time></trkpt>
   <trkpt lat="46.4976258" lon="11.0030572"><ele>0.0</ele><time>2024-12-03T22:31:08.400Z</time></trkpt>
   <trkpt lat="46.4976258" lon="11.0030572"><ele>0.0</ele><time>2024-12-03T22:31:08.600Z</time></trkpt>
   <trkpt lat="46.4976258" lon="11.0030572"><ele>0.0</ele><time>2024-12-03T22:31:08.800Z</time></trkpt>
   <trkpt lat="46.4976258" lon="11.0030572"><ele>0.0</ele><time>2024-12-03T22:31:09.000Z</time></trkpt>
   <trkpt lat="46.4976258" lon="11.0030572"><ele>0.0</ele><time>2024-12-03T22:31:09.200Z</time></trkpt>
   <trkpt lat="46.4976258" lon="11.0030572"><ele>0.0</ele><time>2024-12-03T22:31:09.400Z</time></trkpt>
   <trkpt lat="46.4976258" lon="11.0030572"><ele>0.0</ele><time>2024-12-03T22:31:09.600Z</time></trkpt>
   <trkpt lat="46.4976258" lon="11.0030572"><ele>0.0</ele><time>2024-12-03T22:31:09.800Z</time></trkpt>
   <trkpt lat="46.4976258" lon="11.0030572"><ele>0.0</ele><time>2024-12-03T22:31:10.000Z</time></trkpt>
   <trkpt lat="46.4976258" lon="11.0030572"><ele>0.0</ele><time>2024-12-03T22:31:10.200Z</time></trkpt>
   <trkpt lat="46.4976258" lon="11.0030572"><ele>0.0</ele><time>2024-12-03T22:31:10.400Z</time></trkpt>
   <trkpt lat="46.4976258" lon="11.0030572"><ele>0.0</ele><time>2024-12-03T22:31:10.600Z</time></trkpt>
   <trkpt lat="46.4976258" lon="11.0030572"><ele>0.0</ele><time>2024-12-03T22:31:10.800Z</time></trkpt>
   <trkpt lat="46.4976258" lon="11.0030572"><ele>0.0</ele><time>2024-12-03T22:31:11.000Z</time></trkpt>
   <trkpt lat="46.4976258" lon="11.0030572"><ele>0.0</ele><time>2024-12-03T22:31:11.200Z</time></trkpt>
   <trkpt lat="46.4976258" lon="11.0030572"><ele>0.0</ele><time>2024-12-03T22:31:11.400Z</time></trkpt>
   <trkpt lat="46.4976258" lon="11.0030572"><ele>0.0</ele><time>2024-12-03T22:31:11.600Z</time></trkpt>
   <trkpt lat="46.4976258" lon="11.0030572"><ele>0.0</ele><time>2024-12-03T22:31:11.800Z</time></trkpt>
   <trkpt lat="46.4976258" lon="11.0030572"><ele>0.0</ele><time>2024-12-03T22:31:12.000Z</time></trkpt>
   <trkpt lat="46.4976258" lon="11.0030572"><ele>0.0</ele><time>2024-12-03T22:31:12.200Z</time></trkpt>
   <trkpt lat="46.4976258" lon="11.0030572"><ele>0.0</ele><time>2024-12-03T22:31:12.400Z</time></trkpt>
   <trkpt lat="46.4976258" lon="11.0030572"><ele>0.0</ele><time>2024-12-03T22:31:12.600Z</time></trkpt>
   <trkpt lat="46.4976258" lon="11.0030572"><ele>0.0</ele><time>2024-12-03T22:31:12.800Z</time></trkpt>
   <trkpt lat="46.4976258" lon="11.0030572"><ele>0.0</ele><time>2024-12-03T22:31:13.000Z</time></trkpt>
   <trkpt lat="46.4976258" lon="11.0030572"><ele>0.0</ele><time>2024-12-03T22:31:13.200Z</time></trkpt>
   <trkpt lat="46.4976258" lon="11.0030572"><ele>0.0</ele><time>2024-12-03T22:31:13.400Z</time></trkpt>
   <trkpt lat="46.4976258" lon="11.0030572"><ele>0.0</ele><time>2024-12-03T22:31:13.600Z</time></trkpt>
   <trkpt lat="46.4976258" lon="11.0030572"><ele>0.0</ele><time>2024-12-03T22:31:13.800Z</time></trkpt>
   <trkpt lat="46.4976258" lon="11.0030572"><ele>0.0</ele><time>2024-12-03T22:31:14.000Z</time></trkpt>
   <trkpt lat="46.4976258" lon="11.0030572"><ele>0.0</ele><time>2024-12-03T22:31:14.200Z</time></trkpt>
   <trkpt lat="46.4976258" lon="11.0030572"><ele>0.0</ele><time>2024-12-03T22:31:14.400Z</time></trkpt>
   <trkpt lat="46.4976258" lon="11.0030572"><ele>0.0</ele><time>2024-12-03T22:31:14.600Z</time></trkpt>
   <trkpt lat="46.4976258" lon="11.0030572"><ele>0.0</ele><time>2024-12-03T22:31:14.800Z</time></trkpt>
   <trkpt lat="46.4976258" lon="11.0030572"><ele>0.0</ele><time>2024-12-03T22:31:15.000Z</time></trkpt>
   <trkpt lat="46.4976258" lon="11.0030572"><ele>0.0</ele><time>2024-12-03T22:31:15.200Z</time></trkpt>
   <trkpt lat="46.4976258" lon="11.0030572"><ele>0.0</ele><time>2024-12-03T22:31:15.400Z</time></trkpt>
   <trkpt lat="46.4976258" lon="11.0030572"><ele>0.0</ele><time>2024-12-03T22:31:15.600Z</time></trkpt>
   <trkpt lat="46.4976258" lon="11.0030572"><ele>0.0</ele><time>2024-12-03T22:31:15.800Z</time></trkpt>
   <trkpt lat="46.4976258" lon="11.0030572"><ele>0.0</ele><time>2024-12-03T22:31:16.000Z</time></trkpt>
   <trkpt lat="46.4976258" lon="11.0030572"><ele>0.0</ele><time>2024-12-03T22:31:16.200Z</time></trkpt>
   <trkpt lat="46.4976258" lon="11.0030572"><ele>0.0</ele><time>2024-12-03T22:31:16.400Z</time></trkpt>
   <trkpt lat="46.4976258" lon="11.0030572"><ele>0.0</ele><time>2024-12-03T22:31:16.600Z</time></trkpt>
   <trkpt lat="46.4976258" lon="11.0030572"><ele>0.0</ele><time>2024-12-03T22:31:16.800Z</time></trkpt>
   <trkpt lat="46.4976258" lon="11.0030572"><ele>0.0</ele><time>2024-12-03T22:31:17.000Z</time></trkpt>
   <trkpt lat="46.4976258" lon="11.0030572"><ele>0.0</ele><time>2024-12-03T22:31:17.200Z</time></trkpt>
   <trkpt lat="46.4976258" lon="11.0030572"><ele>0.0</ele><time>2024-12-03T22:31:17.400Z</time></trkpt>
   <trkpt lat="46.4976258" lon="11.0030572"><ele>0.0</ele><time>2024-12-03T22:31:17.600Z</time></trkpt>
   <trkpt lat="46.4976258" lon="11.0030572"><ele>0.0</ele><time>2024-12-03T22:31:17.800Z</time></trkpt>
   <trkpt lat="46.4976258" lon="11.0030572"><ele>0.0</ele><time>2024-12-03T22:31:18.000Z</time></trkpt>
   <trkpt lat="46.4976258" lon="11.0030572"><ele>0.0</ele><time>2024-12-03T22:31:18.200Z</time></trkpt>
   <trkpt lat="46.4976258" lon="11.0030572"><ele>0.0</ele><time>2024-12-03T22:31:18.400Z</time></trkpt>
   <trkpt lat="46.4976258" lon="11.0030572"><ele>0.0</ele><time>2024-12-03T22:31:18.600Z</time></trkpt>
   <trkpt lat="46.4976258" lon="11.0030572"><ele>0.0</ele><time>2024-12-03T22:31:18.800Z</time></trkpt>
   <trkpt lat="46.4976258" lon="11.0030572"><ele>0.0</ele><time>2024-12-03T22:31:19.000Z</time></trkpt>
   <trkpt lat="46.4976258" lon="11.0030572"><ele>0.0</ele><time>2024-12-03T22:31:19.200Z</time></trkpt>
   <trkpt lat="46.4976150" lon="11.0030579"><ele>0.0</ele><time>2024-12-03T22:31:19.400Z</time></trkpt>
   <trkpt lat="46.4976043" lon="11.0030599"><ele>0.0</ele><time>2024-12-03T22:31:19.600Z</time></trkpt>
   <trkpt lat="46.4975937" lon="11.0030632"><ele>0.0</ele><time>2024-12-03T22:31:19.800Z</time></trkpt>
   <trkpt lat="46.4975834" lon="11.0030679"><ele>0.0</ele><time>2024-12-03T22:31:20.000Z</time></trkpt>
   <trkpt lat="46.4975734" lon="11.0030738"><ele>0.0</ele><time>2024-12-03T22:31:20.200Z</time></trkpt>
   <trkpt lat="46.4975638" lon="11.0030809"><ele>0.0</ele><time>2024-12-03T22:31:20.400Z</time></trkpt>
   <trkpt lat="46.4975546" lon="11.0030892"><ele>0.0</ele><time>2024-12-03T22:31:20.600Z</time></trkpt>
   <trkpt lat="46.4975460" lon="11.0030986"><ele>0.0</ele><time>2024-12-03T22:31:20.800Z</time></trkpt>
   <trkpt lat="46.4975380" lon="11.0031090"><ele>0.0</ele><time>2024-12-03T22:31:21.000Z</time></trkpt>
   <trkpt lat="46.4975305" lon="11.0031204"><ele>0.0</ele><time>2024-12-03T22:31:21.200Z</time></trkpt>
   <trkpt lat="46.4975238" lon="11.0031327"><ele>0.0</ele><time>2024-12-03T22:31:21.400Z</time></trkpt>
   <trkpt lat="46.4975179" lon="11.0031458"><ele>0.0</ele><time>2024-12-03T22:31:21.600Z</time></trkpt>
   <trkpt lat="46.4975127" lon="11.0031595"><ele>0.0</ele><time>2024-12-03T22:31:21.800Z</time></trkpt>
   <trkpt lat="46.4975084" lon="11.0031739"><ele>0.0</ele><time>2024-12-03T22:31:22.000Z</time></trkpt>
   <trkpt lat="46.4975049" lon="11.0031887"><ele>0.0</ele><time>2024-12-03T22:31:22.200Z</time></trkpt>
   <trkpt lat="46.4975023" lon="11.0032039"><ele>0.0</ele><time>2024-12-03T22:31:22.400Z</time></trkpt>
   <trkpt lat="46.4975006" lon="11.0032194"><ele>0.0</ele><time>2024-12-03T22:31:22.600Z</time></trkpt>
   <trkpt lat="46.4974999" lon="11.0032351"><ele>0.0</ele><time>2024-12-03T22:31:22.800Z</time></trkpt>
   <trkpt lat="46.4974998" lon="11.0032402"><ele>0.0</ele><time>2024-12-03T22:31:23.000Z</time></trkpt>
   <trkpt lat="46.4974998" lon="11.0032715"><ele>0.0</ele><time>2024-12-03T22:31:23.200Z</time></trkpt>
   <trkpt lat="46.4974998" lon="11.0033029"><ele>0.0</ele><time>2024-12-03T22:31:23.400Z</time></trkpt>
   <trkpt lat="46.4974998" lon="11.0033342"><ele>0.0</ele><time>2024-12-03T22:31:23.600Z</time></trkpt>
   <trkpt lat="46.4974998" lon="11.0033656"><ele>0.0</ele><time>2024-12-03T22:31:23.800Z</time></trkpt>
   <trkpt lat="46.4974998" lon="11.0033970"><ele>0.0</ele><time>2024-12-03T22:31:24.000Z</time></trkpt>
   <trkpt lat="46.4974998" lon="11.0034283"><ele>0.0</ele><time>2024-12-03T22:31:24.200Z</time></trkpt>
   <trkpt lat="46.4974998" lon="11.0034597"><ele>0.0</ele><time>2024-12-03T22:31:24.400Z</time></trkpt>
   <trkpt lat="46.4974998" lon="11.0034910"><ele>0.0</ele><time>2024-12-03T22:31:24.600Z</time></trkpt>
   <trkpt lat="46.4974998" lon="11.0035224"><ele>0.0</ele><time>2024-12-03T22:31:24.800Z</time></trkpt>
   <trkpt lat="46.4974998" lon="11.0035537"><ele>0.0</ele><time>2024-12-03T22:31:25.000Z</time></trkpt>
   <trkpt lat="46.4974998" lon="11.0035851"><ele>0.0</ele><time>2024-12-03T22:31:25.200Z</time></trkpt>
   <trkpt lat="46.4974998" lon="11.0036164"><ele>0.0</ele><time>2024-12-03T22:31:25.400Z</time></trkpt>
   <trkpt lat="46.4974998" lon="11.0036478"><ele>0.0</ele><time>2024-12-03T22:31:25.600Z</time></trkpt>
   <trkpt lat="46.4974998" lon="11.0036792"><ele>0.0</ele><time>2024-12-03T22:31:25.800Z</time></trkpt>
   <trkpt lat="46.4974998" lon="11.0037105"><ele>0.0</ele><time>2024-12-03T22:31:26.000Z</time></trkpt>
   <trkpt lat="46.4974998" lon="11.0037419"><ele>0.0</ele><time>2024-12-03T22:31:26.200Z</time></trkpt>
   <trkpt lat="46.4974998" lon="11.0037732"><ele>0.0</ele><time>2024-12-03T22:31:26.400Z</time></trkpt>
   <trkpt lat="46.4974998" lon="11.0038046"><ele>0.0</ele><time>2024-12-03T22:31:26.600Z</time></trkpt>
   <trkpt lat="46.4974998" lon="11.0038359"><ele>0.0</ele><time>2024-12-03T22:31:26.800Z</time></trkpt>
   <trkpt lat="46.4974998" lon="11.0038673"><ele>0.0</ele><time>2024-12-03T22:31:27.000Z</time></trkpt>
   <trkpt lat="46.4974998" lon="11.0038986"><ele>0.0</ele><time>2024-12-03T22:31:27.200Z</time></trkpt>
   <trkpt lat="46.4974998" lon="11.0039300"><ele>0.0</ele><time>2024-12-03T22:31:27.400Z</time></trkpt>
   <trkpt lat="46.4974998" lon="11.0039614"><ele>0.0</ele><time>2024-12-03T22:31:27.600Z</time></trkpt>
   <trkpt lat="46.4974998" lon="11.0039927"><ele>0.0</ele><time>2024-12-03T22:31:27.800Z</time></trkpt>
   <trkpt lat="46.4974998" lon="11.0040241"><ele>0.0</ele><time>2024-12-03T22:31:28.000Z</time></trkpt>
   <trkpt lat="46.4974998" lon="11.0040554"><ele>0.0</ele><time>2024-12-03T22:31:28.200Z</time></trkpt>
   <trkpt lat="46.4974998" lon="11.0040868"><ele>0.0</ele><time>2024-12-03T22:31:28.400Z</time></trkpt>
   <trkpt lat="46.4974998" lon="11.0041181"><ele>0.0</ele><time>2024-12-03T22:31:28.600Z</time></trkpt>
   <trkpt lat="46.4974998" lon="11.0041495"><ele>0.0</ele><time>2024-12-03T22:31:28.800Z</time></trkpt>
   <trkpt lat="46.4974998" lon="11.0041808"><ele>0.0</ele><time>2024-12-03T22:31:29.000Z</time></trkpt>
   <trkpt lat="46.4974998" lon="11.0042122"><ele>0.0</ele><time>2024-12-03T22:31:29.200Z</time></trkpt>
   <trkpt lat="46.4974998" lon="11.0042436"><ele>0.0</ele><time>2024-12-03T22:31:29.400Z</time></trkpt>
   <trkpt lat="46.4974998" lon="11.0042749"><ele>0.0</ele><time>2024-12-03T22:31:29.600Z</time></trkpt>
   <trkpt lat="46.4974998" lon="11.0043063"><ele>0.0</ele><time>2024-12-03T22:31:29.800Z</time></trkpt>
   <trkpt lat="46.4974998" lon="11.0043376"><ele>0.0</ele><time>2024-12-03T22:31:30.000Z</time></trkpt>
   <trkpt lat="46.4974998" lon="11.0043690"><ele>0.0</ele><time>2024-12-03T22:31:30.200Z</time></trkpt>
   <trkpt lat="46.4974998" lon="11.0044003"><ele>0.0</ele><time>2024-12-03T22:31:30.400Z</time></trkpt>
   <trkpt lat="46.4974998" lon="11.0044317"><ele>0.0</ele><time>2024-12-03T22:31:30.600Z</time></trkpt>
   <trkpt lat="46.4974998" lon="11.0044630"><ele>0.0</ele><time>2024-12-03T22:31:30.800Z</time></trkpt>
   <trkpt lat="46.4974998" lon="11.0044944"><ele>0.0</ele><time>2024-12-03T22:31:31.000Z</time></trkpt>
   <trkpt lat="46.4974998" lon="11.0045258"><ele>0.0</ele><time>2024-12-03T22:31:31.200Z</time></trkpt>
   <trkpt lat="46.4974998" lon="11.0045571"><ele>0.0</ele><time>2024-12-03T22:31:31.400Z</time></trkpt>
   <trkpt lat="46.4974998" lon="11.0045885"><ele>0.0</ele><time>2024-12-03T22:31:31.600Z</time></trkpt>
   <trkpt lat="46.4974998" lon="11.0046198"><ele>0.0</ele><time>2024-12-03T22:31:31.800Z</time></trkpt>
   <trkpt lat="46.4974998" lon="11.0046512"><ele>0.0</ele><time>2024-12-03T22:31:32.000Z</time></trkpt>
   <trkpt lat="46.4974998" lon="11.0046825"><ele>0.0</ele><time>2024-12-03T22:31:32.200Z</time></trkpt>
   <trkpt lat="46.4974998" lon="11.0047139"><ele>0.0</ele><time>2024-12-03T22:31:32.400Z</time></trkpt>
   <trkpt lat="46.4974998" lon="11.0047452"><ele>0.0</ele><time>2024-12-03T22:31:32.600Z</time></trkpt>
   <trkpt lat="46.4974998" lon="11.0047766"><ele>0.0</ele><time>2024-12-03T22:31:32.800Z</time></trkpt>
   <trkpt lat="46.4974998" lon="11.0048080"><ele>0.0</ele><time>2024-12-03T22:31:33.000Z</time></trkpt>
   <trkpt lat="46.4974998" lon="11.0048393"><ele>0.0</ele><time>2024-12-03T22:31:33.200Z</time></trkpt>
   <trkpt lat="46.4974998" lon="11.0048707"><ele>0.0</ele><time>2024-12-03T22:31:33.400Z</time></trkpt>
   <trkpt lat="46.4974998" lon="11.0049020"><ele>0.0</ele><time>2024-12-03T22:31:33.600Z</time></trkpt>
   <trkpt lat="46.4974998" lon="11.0049334"><ele>0.0</ele><time>2024-12-03T22:31:33.800Z</time></trkpt>
   <trkpt lat="46.4974998" lon="11.0049647"><ele>0.0</ele><time>2024-12-03T22:31:34.000Z</time></trkpt>
   <trkpt lat="46.4974998" lon="11.0049961"><ele>0.0</ele><time>2024-12-03T22:31:34.200Z</time></trkpt>
   <trkpt lat="46.4974998" lon="11.0050274"><ele>0.0</ele><time>2024-12-03T22:31:34.400Z</time></trkpt>
   <trkpt lat="46.4974998" lon="11.0050588"><ele>0.0</ele><time>2024-12-03T22:31:34.600Z</time></trkpt>
   <trkpt lat="46.4974998" lon="11.0050902"><ele>0.0</ele><time>2024-12-03T22:31:34.800Z</time></trkpt>
   <trkpt lat="46.4974998" lon="11.0051215"><ele>0.0</ele><time>2024-12-03T22:31:35.000Z</time></trkpt>
   <trkpt lat="46.4974998" lon="11.0051529"><ele>0.0</ele><time>2024-12-03T22:31:35.200Z</time></trkpt>
   <trkpt lat="46.4974998" lon="11.0051842"><ele>0.0</ele><time>2024-12-03T22:31:35.400Z</time></trkpt>
   <trkpt lat="46.4974998" lon="11.0052156"><ele>0.0</ele><time>2024-12-03T22:31:35.600Z</time></trkpt>
   <trkpt lat="46.4974998" lon="11.0052469"><ele>0.0</ele><time>2024-12-03T22:31:35.800Z</time></trkpt>
   <trkpt lat="46.4974998" lon="11.0052783"><ele>0.0</ele><time>2024-12-03T22:31:36.000Z</time></trkpt>
   <trkpt lat="46.4974998" lon="11.0053096"><ele>0.0</ele><time>2024-12-03T22:31:36.200Z</time></trkpt>
   <trkpt lat="46.4974998" lon="11.0053410"><ele>0.0</ele><time>2024-12-03T22:31:36.400Z</time></trkpt>
   <trkpt lat="46.4974998" lon="11.0053723"><ele>0.0</ele><time>2024-12-03T22:31:36.600Z</time></trkpt>
   <trkpt lat="46.4974998" lon="11.0054037"><ele>0.0</ele><time>2024-12-03T22:31:36.800Z</time></trkpt>
   <trkpt lat="46.4974998" lon="11.0054351"><ele>0.0</ele><time>2024-12-03T22:31:37.000Z</time></trkpt>
   <trkpt lat="46.4974998" lon="11.0054664"><ele>0.0</ele><time>2024-12-03T22:31:37.200Z</time></trkpt>
   <trkpt lat="46.4974998" lon="11.0054978"><ele>0.0</ele><time>2024-12-03T22:31:37.400Z</time></trkpt>
   <trkpt lat="46.4974998" lon="11.0055291"><ele>0.0</ele><time>2024-12-03T22:31:37.600Z</time></trkpt>
   <trkpt lat="46.4974998" lon="11.0055605"><ele>0.0</ele><time>2024-12-03T22:31:37.800Z</time></trkpt>
   <trkpt lat="46.4974998" lon="11.0055918"><ele>0.0</ele><time>2024-12-03T22:31:38.000Z</time></trkpt>
   <trkpt lat="46.4974998" lon="11.0056232"><ele>0.0</ele><time>2024-12-03T22:31:38.200Z</time></trkpt>
   <trkpt lat="46.4974998" lon="11.0056545"><ele>0.0</ele><time>2024-12-03T22:31:38.400Z</time></trkpt>
   <trkpt lat="46.4974998" lon="11.0056859"><ele>0.0</ele><time>2024-12-03T22:31:38.600Z</time></trkpt>
   <trkpt lat="46.4974998" lon="11.0057173"><ele>0.0</ele><time>2024-12-03T22:31:38.800Z</time></trkpt>
   <trkpt lat="46.4974998" lon="11.0057486"><ele>0.0</ele><time>2024-12-03T22:31:39.000Z</time></trkpt>
   <trkpt lat="46.4974998" lon="11.0057800"><ele>0.0</ele><time>2024-12-03T22:31:39.200Z</time></trkpt>
   <trkpt lat="46.4974998" lon="11.0058113"><ele>0.0</ele><time>2024-12-03T22:31:39.400Z</time></trkpt>
   <trkpt lat="46.4974998" lon="11.0058427"><ele>0.0</ele><time>2024-12-03T22:31:39.600Z</time></trkpt>
   <trkpt lat="46.4974998" lon="11.0058740"><ele>0.0</ele><time>2024-12-03T22:31:39.800Z</time></trkpt>
   <trkpt lat="46.4974998" lon="11.0059054"><ele>0.0</ele><time>2024-12-03T22:31:40.000Z</time></trkpt>
   <trkpt lat="46.4974998" lon="11.0059367"><ele>0.0</ele><time>2024-12-03T22:31:40.200Z</time></trkpt>
   <trkpt lat="46.4974998" lon="11.0059681"><ele>0.0</ele><time>2024-12-03T22:31:40.400Z</time></trkpt>
   <trkpt lat="46.4974998" lon="11.0059995"><ele>0.0</ele><time>2024-12-03T22:31:40.600Z</time></trkpt>
   <trkpt lat="46.4974998" lon="11.0060308"><ele>0.0</ele><time>2024-12-03T22:31:40.800Z</time></trkpt>
   <trkpt lat="46.4974998" lon="11.0060622"><ele>0.0</ele><time>2024-12-03T22:31:41.000Z</time></trkpt>
   <trkpt lat="46.4974998" lon="11.0060935"><ele>0.0</ele><time>2024-12-03T22:31:41.200Z</time></trkpt>
   <trkpt lat="46.4974998" lon="11.0061249"><ele>0.0</ele><time>2024-12-03T22:31:41.400Z</time></trkpt>
   <trkpt lat="46.4974998" lon="11.0061562"><ele>0.0</ele><time>2024-12-03T22:31:41.600Z</time></trkpt>
   <trkpt lat="46.4974998" lon="11.0061876"><ele>0.0</ele><time>2024-12-03T22:31:41.800Z</time></trkpt>
   <trkpt lat="46.4974998" lon="11.0062189"><ele>0.0</ele><time>2024-12-03T22:31:42.000Z</time></trkpt>
   <trkpt lat="46.4974998" lon="11.0062503"><ele>0.0</ele><time>2024-12-03T22:31:42.200Z</time></trkpt>
   <trkpt lat="46.4974998" lon="11.0062817"><ele>0.0</ele><time>2024-12-03T22:31:42.400Z</time></trkpt>
   <trkpt lat="46.4974998" lon="11.0063130"><ele>0.0</ele><time>2024-12-03T22:31:42.600Z</time></trkpt>
   <trkpt lat="46.4974998" lon="11.0063444"><ele>0.0</ele><time>2024-12-03T22:31:42.800Z</time></trkpt>
   <trkpt lat="46.4974998" lon="11.0063757"><ele>0.0</ele><time>2024-12-03T22:31:43.000Z</time></trkpt>
   <trkpt lat="46.4974998" lon="11.0064071"><ele>0.0</ele><time>2024-12-03T22:31:43.200Z</time></trkpt>
   <trkpt lat="46.4974998" lon="11.0064384"><ele>0.0</ele><time>2024-12-03T22:31:43.400Z</time></trkpt>
   <trkpt lat="46.4974998" lon="11.0064698"><ele>0.0</ele><time>2024-12-03T22:31:43.600Z</time></trkpt>
   <trkpt lat="46.4974998" lon="11.0065011"><ele>0.0</ele><time>2024-12-03T22:31:43.800Z</time></trkpt>
   <trkpt lat="46.4974998" lon="11.0065325"><ele>0.0</ele><time>2024-12-03T22:31:44.000Z</time></trkpt>
   <trkpt lat="46.4974998" lon="11.0065639"><ele>0.0</ele><time>2024-12-03T22:31:44.200Z</time></trkpt>
   <trkpt lat="46.4974998" lon="11.0065952"><ele>0.0</ele><time>2024-12-03T22:31:44.400Z</time></trkpt>
   <trkpt lat="46.4974998" lon="11.0066266"><ele>0.0</ele><time>2024-12-03T22:31:44.600Z</time></trkpt>
   <trkpt lat="46.4974998" lon="11.0066579"><ele>0.0</ele><time>2024-12-03T22:31:44.800Z</time></trkpt>
   <trkpt lat="46.4974998" lon="11.0066893"><ele>0.0</ele><time>2024-12-03T22:31:45.000Z</time></trkpt>
   <trkpt lat="46.4974998" lon="11.0067206"><ele>0.0</ele><time>2024-12-03T22:31:45.200Z</time></trkpt>
   <trkpt lat="46.4974998" lon="11.0067520"><ele>0.0</ele><time>2024-12-03T22:31:45.400Z</time></trkpt>
   <trkpt lat="46.4974998" lon="11.0067833"><ele>0.0</ele><time>2024-12-03T22:31:45.600Z</time></trkpt>
   <trkpt lat="46.4974998" lon="11.0068147"><ele>0.0</ele><time>2024-12-03T22:31:45.800Z</time></trkpt>
   <trkpt lat="46.4974998" lon="11.0068461"><ele>0.0</ele><time>2024-12-03T22:31:46.000Z</time></trkpt>
   <trkpt lat="46.4974998" lon="11.0068774"><ele>0.0</ele><time>2024-12-03T22:31:46.200Z</time></trkpt>
   <trkpt lat="46.4974998" lon="11.0068983"><ele>0.0</ele><time>2024-12-03T22:31:46.400Z</time></trkpt>
   <trkpt lat="46.4974998" lon="11.0068983"><ele>0.0</ele><time>2024-12-03T22:31:46.600Z</time></trkpt>
   <trkpt lat="46.4974998" lon="11.0068983"><ele>0.0</ele><time>2024-12-03T22:31:46.800Z</time></trkpt>
   <trkpt lat="46.4974998" lon="11.0068983"><ele>0.0</ele><time>2024-12-03T22:31:47.000Z</time></trkpt>
   <trkpt lat="46.4974998" lon="11.0068983"><ele>0.0</ele><time>2024-12-03T22:31:47.200Z</time></trkpt>
   <trkpt lat="46.4974998" lon="11.0068983"><ele>0.0</ele><time>2024-12-03T22:31:47.400Z</time></trkpt>
   <trkpt lat="46.4974998" lon="11.0068983"><ele>0.0</ele><time>2024-12-03T22:31:47.600Z</time></trkpt>
   <trkpt lat="46.4974998" lon="11.0068983"><ele>0.0</ele><time>2024-12-03T22:31:47.800Z</time></trkpt>
   <trkpt lat="46.4974998" lon="11.0068983"><ele>0.0</ele><time>2024-12-03T22:31:48.000Z</time></trkpt>
   <trkpt lat="46.4974998" lon="11.0068983"><ele>0.0</ele><time>2024-12-03T22:31:48.200Z</time></trkpt>
   <trkpt lat="46.4974998" lon="11.0068983"><ele>0.0</ele><time>2024-12-03T22:31:48.400Z</time></trkpt>
   <trkpt lat="46.4974998" lon="11.0068983"><ele>0.0</ele><time>2024-12-03T22:31:48.600Z</time></trkpt>
   <trkpt lat="46.4974998" lon="11.0068983"><ele>0.0</ele><time>2024-12-03T22:31:48.800Z</time></trkpt>
   <trkpt lat="46.4974998" lon="11.0068983"><ele>0.0</ele><time>2024-12-03T22:31:49.000Z</time></trkpt>
   <trkpt lat="46.4974998" lon="11.0068983"><ele>0.0</ele><time>2024-12-03T22:31:49.200Z</time></trkpt>
   <trkpt lat="46.4974998" lon="11.0068983"><ele>0.0</ele><time>2024-12-03T22:31:49.400Z</time></trkpt>
   <trkpt lat="46.4974998" lon="11.0068983"><ele>0.0</ele><time>2024-12-03T22:31:49.600Z</time></trkpt>
   <trkpt lat="46.4974998" lon="11.0068983"><ele>0.0</ele><time>2024-12-03T22:31:49.800Z</time></trkpt>
   <trkpt lat="46.4974998" lon="11.0068983"><ele>0.0</ele><time>2024-12-03T22:31:50.000Z</time></trkpt>
   <trkpt lat="46.4974998" lon="11.0068983"><ele>0.0</ele><time>2024-12-03T22:31:50.200Z</time></trkpt>
   <trkpt lat="46.4974998" lon="11.0068983"><ele>0.0</ele><time>2024-12-03T22:31:50.400Z</time></trkpt>
   <trkpt lat="46.4974998" lon="11.0068983"><ele>0.0</ele><time>2024-12-03T22:31:50.600Z</time></trkpt>
   <trkpt lat="46.4974998" lon="11.0068983"><ele>0.0</ele><time>2024-12-03T22:31:50.800Z</time></trkpt>
   <trkpt lat="46.4974998" lon="11.0068983"><ele>0.0</ele><time>2024-12-03T22:31:51.000Z</time></trkpt>
   <trkpt lat="46.4974998" lon="11.0068983"><ele>0.0</ele><time>2024-12-03T22:31:51.200Z</time></trkpt>
   <trkpt lat="46.4974998" lon="11.0068983"><ele>0.0</ele><time>2024-12-03T22:31:51.400Z</time></trkpt>
   <trkpt lat="46.4974998" lon="11.0068983"><ele>0.0</ele><time>2024-12-03T22:31:51.600Z</time></trkpt>
   <trkpt lat="46.4974998" lon="11.0068983"><ele>0.0</ele><time>2024-12-03T22:31:51.800Z</time></trkpt>
   <trkpt lat="46.4974998" lon="11.0068983"><ele>0.0</ele><time>2024-12-03T22:31:52.000Z</time></trkpt>
   <trkpt lat="46.4974998" lon="11.0068983"><ele>0.0</ele><time>2024-12-03T22:31:52.200Z</time></trkpt>
   <trkpt lat="46.4974998" lon="11.0068983"><ele>0.0</ele><time>2024-12-03T22:31:52.400Z</time></trkpt>
   <trkpt lat="46.4974998" lon="11.0068983"><ele>0.0</ele><time>2024-12-03T22:31:52.600Z</time></trkpt>
   <trkpt lat="46.4974998" lon="11.0068983"><ele>0.0</ele><time>2024-12-03T22:31:52.800Z</time></trkpt>
   <trkpt lat="46.4974998" lon="11.0068983"><ele>0.0</ele><time>2024-12-03T22:31:53.000Z</time></trkpt>
   <trkpt lat="46.4974998" lon="11.0068983"><ele>0.0</ele><time>2024-12-03T22:31:53.200Z</time></trkpt>
   <trkpt lat="46.4974998" lon="11.0068983"><ele>0.0</ele><time>2024-12-03T22:31:53.400Z</time></trkpt>
   <trkpt lat="46.4974998" lon="11.0068983"><ele>0.0</ele><time>2024-12-03T22:31:53.600Z</time></trkpt>
   <trkpt lat="46.4974998" lon="11.0068983"><ele>0.0</ele><time>2024-12-03T22:31:53.800Z</time></trkpt>
   <trkpt lat="46.4974998" lon="11.0068983"><ele>0.0</ele><time>2024-12-03T22:31:54.000Z</time></trkpt>
   <trkpt lat="46.4974998" lon="11.0068983"><ele>0.0</ele><time>2024-12-03T22:31:54.200Z</time></trkpt>
   <trkpt lat="46.4974998" lon="11.0068983"><ele>0.0</ele><time>2024-12-03T22:31:54.400Z</time></trkpt>
   <trkpt lat="46.4974998" lon="11.0068983"><ele>0.0</ele><time>2024-12-03T22:31:54.600Z</time></trkpt>
   <trkpt lat="46.4974998" lon="11.0068983"><ele>0.0</ele><time>2024-12-03T22:31:54.800Z</time></trkpt>
   <trkpt lat="46.4974998" lon="11.0068983"><ele>0.0</ele><time>2024-12-03T22:31:55.000Z</time></trkpt>
   <trkpt lat="46.4974998" lon="11.0068983"><ele>0.0</ele><time>2024-12-03T22:31:55.200Z</time></trkpt>
   <trkpt lat="46.4974998" lon="11.0068983"><ele>0.0</ele><time>2024-12-03T22:31:55.400Z</time></trkpt>
   <trkpt lat="46.4974998" lon="11.0068983"><ele>0.0</ele><time>2024-12-03T22:31:55.600Z</time></trkpt>
   <trkpt lat="46.4974998" lon="11.0068983"><ele>0.0</ele><time>2024-12-03T22:31:55.800Z</time></trkpt>
   <trkpt lat="46.4974998" lon="11.0068983"><ele>0.0</ele><time>2024-12-03T22:31:56.000Z</time></trkpt>
   <trkpt lat="46.4974998" lon="11.0068983"><ele>0.0</ele><time>2024-12-03T22:31:56.200Z</time></trkpt>
   <trkpt lat="46.4974998" lon="11.0068983"><ele>0.0</ele><time>2024-12-03T22:31:56.400Z</time></trkpt>
   <trkpt lat="46.4974998" lon="11.0068983"><ele>0.0</ele><time>2024-12-03T22:31:56.600Z</time></trkpt>
   <trkpt lat="46.4974998" lon="11.0068983"><ele>0.0</ele><time>2024-12-03T22:31:56.800Z</time></trkpt>
   <trkpt lat="46.4974998" lon="11.0068983"><ele>0.0</ele><time>2024-12-03T22:31:57.000Z</time></trkpt>
   <trkpt lat="46.4974998" lon="11.0068983"><ele>0.0</ele><time>2024-12-03T22:31:57.200Z</time></trkpt>
   <trkpt lat="46.4974998" lon="11.0068983"><ele>0.0</ele><time>2024-12-03T22:31:57.400Z</time></trkpt>
   <trkpt lat="46.4974998" lon="11.0068983"><ele>0.0</ele><time>2024-12-03T22:31:57.600Z</time></trkpt>
   <trkpt lat="46.4974998" lon="11.0068983"><ele>0.0</ele><time>2024-12-03T22:31:57.800Z</time></trkpt>
   <trkpt lat="46.4974998" lon="11.0068983"><ele>0.0</ele><time>2024-12-03T22:31:58.000Z</time></trkpt>
   <trkpt lat="46.4974998" lon="11.0068983"><ele>0.0</ele><time>2024-12-03T22:31:58.200Z</time></trkpt>
   <trkpt lat="46.4974998" lon="11.0068983"><ele>0.0</ele><time>2024-12-03T22:31:58.400Z</time></trkpt>
   <trkpt lat="46.4974998" lon="11.0068983"><ele>0.0</ele><time>2024-12-03T22:31:58.600Z</time></trkpt>
   <trkpt lat="46.4974998" lon="11.0068983"><ele>0.0</ele><time>2024-12-03T22:31:58.800Z</time></trkpt>
   <trkpt lat="46.4974998" lon="11.0068983"><ele>0.0</ele><time>2024-12-03T22:31:59.000Z</time></trkpt>
   <trkpt lat="46.4974998" lon="11.0068983"><ele>0.0</ele><time>2024-12-03T22:31:59.200Z</time></trkpt>
   <trkpt lat="46.4974998" lon="11.0068983"><ele>0.0</ele><time>2024-12-03T22:31:59.400Z</time></trkpt>
   <trkpt lat="46.4974998" lon="11.0068983"><ele>0.0</ele><time>2024-12-03T22:31:59.600Z</time></trkpt>
   <trkpt lat="46.4974998" lon="11.0068983"><ele>0.0</ele><time>2024-12-03T22:31:59.800Z</time></trkpt>
   <trkpt lat="46.4974998" lon="11.0068983"><ele>0.0</ele><time>2024-12-03T22:32:00.000Z</time></trkpt>
   <trkpt lat="46.4974998" lon="11.0068983"><ele>0.0</ele><time>2024-12-03T22:32:00.200Z</time></trkpt>
   <trkpt lat="46.4974998" lon="11.0068983"><ele>0.0</ele><time>2024-12-03T22:32:00.400Z</time></trkpt>
   <trkpt lat="46.4974998" lon="11.0068983"><ele>0.0</ele><time>2024-12-03T22:32:00.600Z</time></trkpt>
   <trkpt lat="46.4974998" lon="11.0068983"><ele>0.0</ele><time>2024-12-03T22:32:00.800Z</time></trkpt>
   <trkpt lat="46.4974998" lon="11.0068983"><ele>0.0</ele><time>2024-12-03T22:32:01.000Z</time></trkpt>
   <trkpt lat="46.4974998" lon="11.0068983"><ele>0.0</ele><time>2024-12-03T22:32:01.200Z</time></trkpt>
   <trkpt lat="46.4974998" lon="11.0068983"><ele>0.0</ele><time>2024-12-03T22:32:01.400Z</time></trkpt>
   <trkpt lat="46.4974998" lon="11.0068983"><ele>0.0</ele><time>2024-12-03T22:32:01.600Z</time></trkpt>
   <trkpt lat="46.4974998" lon="11.0068983"><ele>0.0</ele><time>2024-12-03T22:32:01.800Z</time></trkpt>
   <trkpt lat="46.4974998" lon="11.0068983"><ele>0.0</ele><time>2024-12-03T22:32:02.000Z</time></trkpt>
   <trkpt lat="46.4974998" lon="11.0068983"><ele>0.0</ele><time>2024-12-03T22:32:02.200Z</time></trkpt>
   <trkpt lat="46.4974998" lon="11.0068983"><ele>0.0</ele><time>2024-12-03T22:32:02.400Z</time></trkpt>
   <trkpt lat="46.4974998" lon="11.0068983"><ele>0.0</ele><time>2024-12-03T22:32:02.600Z</time></trkpt>
   <trkpt lat="46.4974998" lon="11.0068983"><ele>0.0</ele><time>2024-12-03T22:32:02.800Z</time></trkpt>
   <trkpt lat="46.4974998" lon="11.0068983"><ele>0.0</ele><time>2024-12-03T22:32:03.000Z</time></trkpt>
   <trkpt lat="46.4974998" lon="11.0068983"><ele>0.0</ele><time>2024-12-03T22:32:03.200Z</time></trkpt>
   <trkpt lat="46.4974998" lon="11.0068983"><ele>0.0</ele><time>2024-12-03T22:32:03.400Z</time></trkpt>
   <trkpt lat="46.4974998" lon="11.0068983"><ele>0.0</ele><time>2024-12-03T22:32:03.600Z</time></trkpt>
   <trkpt lat="46.4974998" lon="11.0068983"><ele>0.0</ele><time>2024-12-03T22:32:03.800Z</time></trkpt>
   <trkpt lat="46.4974998" lon="11.0068983"><ele>0.0</ele><time>2024-12-03T22:32:04.000Z</time></trkpt>
   <trkpt lat="46.4974998" lon="11.0068983"><ele>0.0</ele><time>2024-12-03T22:32:04.200Z</time></trkpt>
   <trkpt lat="46.4974998" lon="11.0068983"><ele>0.0</ele><time>2024-12-03T22:32:04.400Z</time></trkpt>
   <trkpt lat="46.4974994" lon="11.0069140"><ele>0.0</ele><time>2024-12-03T22:32:04.600Z</time></trkpt>
   <trkpt lat="46.4974980" lon="11.0069295"><ele>0.0</ele><time>2024-12-03T22:32:04.800Z</time></trkpt>
   <trkpt lat="46.4974957" lon="11.0069448"><ele>0.0</ele><time>2024-12-03T22:32:05.000Z</time></trkpt>
   <trkpt lat="46.4974925" lon="11.0069598"><ele>0.0</ele><time>2024-12-03T22:32:05.200Z</time></trkpt>
   <trkpt lat="46.4974884" lon="11.0069744"><ele>0.0</ele><time>2024-12-03T22:32:05.400Z</time></trkpt>
   <trkpt lat="46.4974835" lon="11.0069883"><ele>0.0</ele><time>2024-12-03T22:32:05.600Z</time></trkpt>
   <trkpt lat="46.4974778" lon="11.0070016"><ele>0.0</ele><time>2024-12-03T22:32:05.800Z</time></trkpt>
   <trkpt lat="46.4974713" lon="11.0070142"><ele>0.0</ele><time>2024-12-03T22:32:06.000Z</time></trkpt>
   <trkpt lat="46.4974642" lon="11.0070259"><ele>0.0</ele><time>2024-12-03T22:32:06.200Z</time></trkpt>
   <trkpt lat="46.4974563" lon="11.0070366"><ele>0.0</ele><time>2024-12-03T22:32:06.400Z</time></trkpt>
   <trkpt lat="46.4974479" lon="11.0070464"><ele>0.0</ele><time>2024-12-03T22:32:06.600Z</time></trkpt>
   <trkpt lat="46.4974389" lon="11.0070550"><ele>0.0</ele><time>2024-12-03T22:32:06.800Z</time></trkpt>
   <trkpt lat="46.4974294" lon="11.0070625"><ele>0.0</ele><time>2024-12-03T22:32:07.000Z</time></trkpt>
   <trkpt lat="46.4974195" lon="11.0070688"><ele>0.0</ele><time>2024-12-03T22:32:07.200Z</time></trkpt>
   <trkpt lat="46.4974093" lon="11.0070739"><ele>0.0</ele><time>2024-12-03T22:32:07.400Z</time></trkpt>
   <trkpt lat="46.4973988" lon="11.0070777"><ele>0.0</ele><time>2024-12-03T22:32:07.600Z</time></trkpt>
   <trkpt lat="46.4973882" lon="11.0070801"><ele>0.0</ele><time>2024-12-03T22:32:07.800Z</time></trkpt>
   <trkpt lat="46.4973774" lon="11.0070812"><ele>0.0</ele><time>2024-12-03T22:32:08.000Z</time></trkpt>
   <trkpt lat="46.4973739" lon="11.0070813"><ele>0.0</ele><time>2024-12-03T22:32:08.200Z</time></trkpt>
   <trkpt lat="46.4973523" lon="11.0070813"><ele>0.0</ele><time>2024-12-03T22:32:08.400Z</time></trkpt>
   <trkpt lat="46.4973307" lon="11.0070813"><ele>0.0</ele><time>2024-12-03T22:32:08.600Z</time></trkpt>
   <trkpt lat="46.4973091" lon="11.0070813"><ele>0.0</ele><time>2024-12-03T22:32:08.800Z</time></trkpt>
   <trkpt lat="46.4972875" lon="11.0070813"><ele>0.0</ele><time>2024-12-03T22:32:09.000Z</time></trkpt>
   <trkpt lat="46.4972660" lon="11.0070813"><ele>0.0</ele><time>2024-12-03T22:32:09.200Z</time></trkpt>
   <trkpt lat="46.4972444" lon="11.0070813"><ele>0.0</ele><time>2024-12-03T22:32:09.400Z</time></trkpt>
   <trkpt lat="46.4972228" lon="11.0070813"><ele>0.0</ele><time>2024-12-03T22:32:09.600Z</time></trkpt>
   <trkpt lat="46.4972012" lon="11.0070813"><ele>0.0</ele><time>2024-12-03T22:32:09.800Z</time></trkpt>
   <trkpt lat="46.4971796" lon="11.0070813"><ele>0.0</ele><time>2024-12-03T22:32:10.000Z</time></trkpt>
   <trkpt lat="46.4971580" lon="11.0070813"><ele>0.0</ele><time>2024-12-03T22:32:10.200Z</time></trkpt>
   <trkpt lat="46.4971365" lon="11.0070813"><ele>0.0</ele><time>2024-12-03T22:32:10.400Z</time></trkpt>
   <trkpt lat="46.4971149" lon="11.0070813"><ele>0.0</ele><time>2024-12-03T22:32:10.600Z</time></trkpt>
   <trkpt lat="46.4970933" lon="11.0070813"><ele>0.0</ele><time>2024-12-03T22:32:10.800Z</time></trkpt>
   <trkpt lat="46.4970717" lon="11.0070813"><ele>0.0</ele><time>2024-12-03T22:32:11.000Z</time></trkpt>
   <trkpt lat="46.4970501" lon="11.0070813"><ele>0.0</ele><time>2024-12-03T22:32:11.200Z</time></trkpt>
   <trkpt lat="46.4970285" lon="11.0070813"><ele>0.0</ele><time>2024-12-03T22:32:11.400Z</time></trkpt>
   <trkpt lat="46.4970069" lon="11.0070813"><ele>0.0</ele><time>2024-12-03T22:32:11.600Z</time></trkpt>
   <trkpt lat="46.4969854" lon="11.0070813"><ele>0.0</ele><time>2024-12-03T22:32:11.800Z</time></trkpt>
   <trkpt lat="46.4969638" lon="11.0070813"><ele>0.0</ele><time>2024-12-03T22:32:12.000Z</time></trkpt>
   <trkpt lat="46.4969422" lon="11.0070813"><ele>0.0</ele><time>2024-12-03T22:32:12.200Z</time></trkpt>
   <trkpt lat="46.4969206" lon="11.0070813"><ele>0.0</ele><time>2024-12-03T22:32:12.400Z</time></trkpt>
   <trkpt lat="46.4968990" lon="11.0070813"><ele>0.0</ele><time>2024-12-03T22:32:12.600Z</time></trkpt>
   <trkpt lat="46.4968774" lon="11.0070813"><ele>0.0</ele><time>2024-12-03T22:32:12.800Z</time></trkpt>
   <trkpt lat="46.4968559" lon="11.0070813"><ele>0.0</ele><time>2024-12-03T22:32:13.000Z</time></trkpt>
   <trkpt lat="46.4968343" lon="11.0070813"><ele>0.0</ele><time>2024-12-03T22:32:13.200Z</time></trkpt>
   <trkpt lat="46.4968127" lon="11.0070813"><ele>0.0</ele><time>2024-12-03T22:32:13.400Z</time></trkpt>
   <trkpt lat="46.4967911" lon="11.0070813"><ele>0.0</ele><time>2024-12-03T22:32:13.600Z</time></trkpt>
   <trkpt lat="46.4967695" lon="11.0070813"><ele>0.0</ele><time>2024-12-03T22:32:13.800Z</time></trkpt>
   <trkpt lat="46.4967479" lon="11.0070813"><ele>0.0</ele><time>2024-12-03T22:32:14.000Z</time></trkpt>
   <trkpt lat="46.4967264" lon="11.0070813"><ele>0.0</ele><time>2024-12-03T22:32:14.200Z</time></trkpt>
   <trkpt lat="46.4967048" lon="11.0070813"><ele>0.0</ele><time>2024-12-03T22:32:14.400Z</time></trkpt>
   <trkpt lat="46.4966832" lon="11.0070813"><ele>0.0</ele><time>2024-12-03T22:32:14.600Z</time></trkpt>
   <trkpt lat="46.4966616" lon="11.0070813"><ele>0.0</ele><time>2024-12-03T22:32:14.800Z</time></trkpt>
   <trkpt lat="46.4966400" lon="11.0070813"><ele>0.0</ele><time>2024-12-03T22:32:15.000Z</time></trkpt>
   <trkpt lat="46.4966184" lon="11.0070813"><ele>0.0</ele><time>2024-12-03T22:32:15.200Z</time></trkpt>
   <trkpt lat="46.4965969" lon="11.0070813"><ele>0.0</ele><time>2024-12-03T22:32:15.400Z</time></trkpt>
   <trkpt lat="46.4965753" lon="11.0070813"><ele>0.0</ele><time>2024-12-03T22:32:15.600Z</time></trkpt>
   <trkpt lat="46.4965537" lon="11.0070813"><ele>0.0</ele><time>2024-12-03T22:32:15.800Z</time></trkpt>
   <trkpt lat="46.4965321" lon="11.0070813"><ele>0.0</ele><time>2024-12-03T22:32:16.000Z</time></trkpt>
   <trkpt lat="46.4965105" lon="11.0070813"><ele>0.0</ele><time>2024-12-03T22:32:16.200Z</time></trkpt>
   <trkpt lat="46.4964889" lon="11.0070813"><ele>0.0</ele><time>2024-12-03T22:32:16.400Z</time></trkpt>
   <trkpt lat="46.4964674" lon="11.0070813"><ele>0.0</ele><time>2024-12-03T22:32:16.600Z</time></trkpt>
   <trkpt lat="46.4964458" lon="11.0070813"><ele>0.0</ele><time>2024-12-03T22:32:16.800Z</time></trkpt>
   <trkpt lat="46.4964242" lon="11.0070813"><ele>0.0</ele><time>2024-12-03T22:32:17.000Z</time></trkpt>
   <trkpt lat="46.4964026" lon="11.0070813"><ele>0.0</ele><time>2024-12-03T22:32:17.200Z</time></trkpt>
   <trkpt lat="46.4963810" lon="11.0070813"><ele>0.0</ele><time>2024-12-03T22:32:17.400Z</time></trkpt>
   <trkpt lat="46.4963594" lon="11.0070813"><ele>0.0</ele><time>2024-12-03T22:32:17.600Z</time></trkpt>
   <trkpt lat="46.4963379" lon="11.0070813"><ele>0.0</ele><time>2024-12-03T22:32:17.800Z</time></trkpt>
   <trkpt lat="46.4963163" lon="11.0070813"><ele>0.0</ele><time>2024-12-03T22:32:18.000Z</time></trkpt>
   <trkpt lat="46.4962947" lon="11.0070813"><ele>0.0</ele><time>2024-12-03T22:32:18.200Z</time></trkpt>
   <trkpt lat="46.4962731" lon="11.0070813"><ele>0.0</ele><time>2024-12-03T22:32:18.400Z</time></trkpt>
   <trkpt lat="46.4962515" lon="11.0070813"><ele>0.0</ele><time>2024-12-03T22:32:18.600Z</time></trkpt>
   <trkpt lat="46.4962299" lon="11.0070813"><ele>0.0</ele><time>2024-12-03T22:32:18.800Z</time></trkpt>
   <trkpt lat="46.4962084" lon="11.0070813"><ele>0.0</ele><time>2024-12-03T22:32:19.000Z</time></trkpt>
   <trkpt lat="46.4961868" lon="11.0070813"><ele>0.0</ele><time>2024-12-03T22:32:19.200Z</time></trkpt>
   <trkpt lat="46.4961652" lon="11.0070813"><ele>0.0</ele><time>2024-12-03T22:32:19.400Z</time></trkpt>
   <trkpt lat="46.4961436" lon="11.0070813"><ele>0.0</ele><time>2024-12-03T22:32:19.600Z</time></trkpt>
   <trkpt lat="46.4961220" lon="11.0070813"><ele>0.0</ele><time>2024-12-03T22:32:19.800Z</time></trkpt>
   <trkpt lat="46.4961004" lon="11.0070813"><ele>0.0</ele><time>2024-12-03T22:32:20.000Z</time></trkpt>
   <trkpt lat="46.4960788" lon="11.0070813"><ele>0.0</ele><time>2024-12-03T22:32:20.200Z</time></trkpt>
   <trkpt lat="46.4960573" lon="11.0070813"><ele>0.0</ele><time>2024-12-03T22:32:20.400Z</time></trkpt>
   <trkpt lat="46.4960357" lon="11.0070813"><ele>0.0</ele><time>2024-12-03T22:32:20.600Z</time></trkpt>
   <trkpt lat="46.4960141" lon="11.0070813"><ele>0.0</ele><time>2024-12-03T22:32:20.800Z</time></trkpt>
   <trkpt lat="46.4959925" lon="11.0070813"><ele>0.0</ele><time>2024-12-03T22:32:21.000Z</time></trkpt>
   <trkpt lat="46.4959709" lon="11.0070813"><ele>0.0</ele><time>2024-12-03T22:32:21.200Z</time></trkpt>
   <trkpt lat="46.4959493" lon="11.0070813"><ele>0.0</ele><time>2024-12-03T22:32:21.400Z</time></trkpt>
   <trkpt lat="46.4959278" lon="11.0070813"><ele>0.0</ele><time>2024-12-03T22:32:21.600Z</time></trkpt>
   <trkpt lat="46.4959062" lon="11.0070813"><ele>0.0</ele><time>2024-12-03T22:32:21.800Z</time></trkpt>
   <trkpt lat="46.4958846" lon="11.0070813"><ele>0.0</ele><time>2024-12-03T22:32:22.000Z</time></trkpt>
   <trkpt lat="46.4958630" lon="11.0070813"><ele>0.0</ele><time>2024-12-03T22:32:22.200Z</time></trkpt>
   <trkpt lat="46.4958414" lon="11.0070813"><ele>0.0</ele><time>2024-12-03T22:32:22.400Z</time></trkpt>
   <trkpt lat="46.4958198" lon="11.0070813"><ele>0.0</ele><time>2024-12-03T22:32:22.600Z</time></trkpt>
   <trkpt lat="46.4957983" lon="11.0070813"><ele>0.0</ele><time>2024-12-03T22:32:22.800Z</time></trkpt>
   <trkpt lat="46.4957767" lon="11.0070813"><ele>0.0</ele><time>2024-12-03T22:32:23.000Z</time></trkpt>
   <trkpt lat="46.4957551" lon="11.0070813"><ele>0.0</ele><time>2024-12-03T22:32:23.200Z</time></trkpt>
   <trkpt lat="46.4957335" lon="11.0070813"><ele>0.0</ele><time>2024-12-03T22:32:23.400Z</time></trkpt>
   <trkpt lat="46.4957119" lon="11.0070813"><ele>0.0</ele><time>2024-12-03T22:32:23.600Z</time></trkpt>
   <trkpt lat="46.4956903" lon="11.0070813"><ele>0.0</ele><time>2024-12-03T22:32:23.800Z</time></trkpt>
   <trkpt lat="46.4956688" lon="11.0070813"><ele>0.0</ele><time>2024-12-03T22:32:24.000Z</time></trkpt>
   <trkpt lat="46.4956472" lon="11.0070813"><ele>0.0</ele><time>2024-12-03T22:32:24.200Z</time></trkpt>
   <trkpt lat="46.4956256" lon="11.0070813"><ele>0.0</ele><time>2024-12-03T22:32:24.400Z</time></trkpt>
   <trkpt lat="46.4956040" lon="11.0070813"><ele>0.0</ele><time>2024-12-03T22:32:24.600Z</time></trkpt>
   <trkpt lat="46.4955824" lon="11.0070813"><ele>0.0</ele><time>2024-12-03T22:32:24.800Z</time></trkpt>
   <trkpt lat="46.4955608" lon="11.0070813"><ele>0.0</ele><time>2024-12-03T22:32:25.000Z</time></trkpt>
   <trkpt lat="46.4955393" lon="11.0070813"><ele>0.0</ele><time>2024-12-03T22:32:25.200Z</time></trkpt>
   <trkpt lat="46.4955177" lon="11.0070813"><ele>0.0</ele><time>2024-12-03T22:32:25.400Z</time></trkpt>
   <trkpt lat="46.4954961" lon="11.0070813"><ele>0.0</ele><time>2024-12-03T22:32:25.600Z</time></trkpt>
   <trkpt lat="46.4954745" lon="11.0070813"><ele>0.0</ele><time>2024-12-03T22:32:25.800Z</time></trkpt>
   <trkpt lat="46.4954529" lon="11.0070813"><ele>0.0</ele><time>2024-12-03T22:32:26.000Z</time></trkpt>
   <trkpt lat="46.4954313" lon="11.0070813"><ele>0.0</ele><time>2024-12-03T22:32:26.200Z</time></trkpt>
   <trkpt lat="46.4954098" lon="11.0070813"><ele>0.0</ele><time>2024-12-03T22:32:26.400Z</time></trkpt>
   <trkpt lat="46.4953954" lon="11.0070813"><ele>0.0</ele><time>2024-12-03T22:32:26.600Z</time></trkpt>
   <trkpt lat="46.4953954" lon="11.0070813"><ele>0.0</ele><time>2024-12-03T22:32:26.800Z</time></trkpt>
   <trkpt lat="46.4953954" lon="11.0070813"><ele>0.0</ele><time>2024-12-03T22:32:27.000Z</time></trkpt>
   <trkpt lat="46.4953954" lon="11.0070813"><ele>0.0</ele><time>2024-12-03T22:32:27.200Z</time></trkpt>
   <trkpt lat="46.4953954" lon="11.0070813"><ele>0.0</ele><time>2024-12-03T22:32:27.400Z</time></trkpt>
   <trkpt lat="46.4953954" lon="11.0070813"><ele>0.0</ele><time>2024-12-03T22:32:27.600Z</time></trkpt>
   <trkpt lat="46.4953954" lon="11.0070813"><ele>0.0</ele><time>2024-12-03T22:32:27.800Z</time></trkpt>
   <trkpt lat="46.4953954" lon="11.0070813"><ele>0.0</ele><time>2024-12-03T22:32:28.000Z</time></trkpt>
   <trkpt lat="46.4953954" lon="11.0070813"><ele>0.0</ele><time>2024-12-03T22:32:28.200Z</time></trkpt>
   <trkpt lat="46.4953954" lon="11.0070813"><ele>0.0</ele><time>2024-12-03T22:32:28.400Z</time></trkpt>
   <trkpt lat="46.4953954" lon="11.0070813"><ele>0.0</ele><time>2024-12-03T22:32:28.600Z</time></trkpt>
   <trkpt lat="46.4953954" lon="11.0070813"><ele>0.0</ele><time>2024-12-03T22:32:28.800Z</time></trkpt>
   <trkpt lat="46.4953954" lon="11.0070813"><ele>0.0</ele><time>2024-12-03T22:32:29.000Z</time></trkpt>
   <trkpt lat="46.4953954" lon="11.0070813"><ele>0.0</ele><time>2024-12-03T22:32:29.200Z</time></trkpt>
   <trkpt lat="46.4953954" lon="11.0070813"><ele>0.0</ele><time>2024-12-03T22:32:29.400Z</time></trkpt>
   <trkpt lat="46.4953954" lon="11.0070813"><ele>0.0</ele><time>2024-12-03T22:32:29.600Z</time></trkpt>
   <trkpt lat="46.4953954" lon="11.0070813"><ele>0.0</ele><time>2024-12-03T22:32:29.800Z</time></trkpt>
   <trkpt lat="46.4953954" lon="11.0070813"><ele>0.0</ele><time>2024-12-03T22:32:30.000Z</time></trkpt>
   <trkpt lat="46.4953954" lon="11.0070813"><ele>0.0</ele><time>2024-12-03T22:32:30.200Z</time></trkpt>
   <trkpt lat="46.4953954" lon="11.0070813"><ele>0.0</ele><time>2024-12-03T22:32:30.400Z</time></trkpt>
   <trkpt lat="46.4953954" lon="11.0070813"><ele>0.0</ele><time>2024-12-03T22:32:30.600Z</time></trkpt>
   <trkpt lat="46.4953954" lon="11.0070813"><ele>0.0</ele><time>2024-12-03T22:32:30.800Z</time></trkpt>
   <trkpt lat="46.4953954" lon="11.0070813"><ele>0.0</ele><time>2024-12-03T22:32:31.1000Z</time></trkpt>
   <trkpt lat="46.4953954" lon="11.0070813"><ele>0.0</ele><time>2024-12-03T22:32:31.200Z</time></trkpt>
   <trkpt lat="46.4953954" lon="11.0070813"><ele>0.0</ele><time>2024-12-03T22:32:31.400Z</time></trkpt>
   <trkpt lat="46.4953954" lon="11.0070813"><ele>0.0</ele><time>2024-12-03T22:32:31.600Z</time></trkpt>
   <trkpt lat="46.4953954" lon="11.0070813"><ele>0.0</ele><time>2024-12-03T22:32:31.800Z</time></trkpt>
   <trkpt lat="46.4953954" lon="11.0070813"><ele>0.0</ele><time>2024-12-03T22:32:32.1000Z</time></trkpt>
   <trkpt lat="46.4953954" lon="11.0070813"><ele>0.0</ele><time>2024-12-03T22:32:32.200Z</time></trkpt>
   <trkpt lat="46.4953954" lon="11.0070813"><ele>0.0</ele><time>2024-12-03T22:32:32.400Z</time></trkpt>
   <trkpt lat="46.4953954" lon="11.0070813"><ele>0.0</ele><time>2024-12-03T22:32:32.600Z</time></trkpt>
   <trkpt lat="46.4953954" lon="11.0070813"><ele>0.0</ele><time>2024-12-03T22:32:32.800Z</time></trkpt>
   <trkpt lat="46.4953954" lon="11.0070813"><ele>0.0</ele><time>2024-12-03T22:32:33.1000Z</time></trkpt>
   <trkpt lat="46.4953954" lon="11.0070813"><ele>0.0</ele><time>2024-12-03T22:32:33.200Z</time></trkpt>
   <trkpt lat="46.4953954" lon="11.0070813"><ele>0.0</ele><time>2024-12-03T22:32:33.400Z</time></trkpt>
   <trkpt lat="46.4953954" lon="11.0070813"><ele>0.0</ele><time>2024-12-03T22:32:33.600Z</time></trkpt>
   <trkpt lat="46.4953954" lon="11.0070813"><ele>0.0</ele><time>2024-12-03T22:32:33.800Z</time></trkpt>
   <trkpt lat="46.4953954" lon="11.0070813"><ele>0.0</ele><time>2024-12-03T22:32:34.1000Z</time></trkpt>
   <trkpt lat="46.4953954" lon="11.0070813"><ele>0.0</ele><time>2024-12-03T22:32:34.200Z</time></trkpt>
   <trkpt lat="46.4953954" lon="11.0070813"><ele>0.0</ele><time>2024-12-03T22:32:34.400Z</time></trkpt>
   <trkpt lat="46.4953954" lon="11.0070813"><ele>0.0</ele><time>2024-12-03T22:32:34.600Z</time></trkpt>
   <trkpt lat="46.4953954" lon="11.0070813"><ele>0.0</ele><time>2024-12-03T22:32:34.800Z</time></trkpt>
   <trkpt lat="46.4953954" lon="11.0070813"><ele>0.0</ele><time>2024-12-03T22:32:35.1000Z</time></trkpt>
   <trkpt lat="46.4953954" lon="11.0070813"><ele>0.0</ele><time>2024-12-03T22:32:35.200Z</time></trkpt>
   <trkpt lat="46.4953954" lon="11.0070813"><ele>0.0</ele><time>2024-12-03T22:32:35.400Z</time></trkpt>
   <trkpt lat="46.4953954" lon="11.0070813"><ele>0.0</ele><time>2024-12-03T22:32:35.600Z</time></trkpt>
   <trkpt lat="46.4953954" lon="11.0070813"><ele>0.0</ele><time>2024-12-03T22:32:35.800Z</time></trkpt>
   <trkpt lat="46.4953954" lon="11.0070813"><ele>0.0</ele><time>2024-12-03T22:32:36.1000Z</time></trkpt>
   <trkpt lat="46.4953954" lon="11.0070813"><ele>0.0</ele><time>2024-12-03T22:32:36.200Z</time></trkpt>
   <trkpt lat="46.4953954" lon="11.0070813"><ele>0.0</ele><time>2024-12-03T22:32:36.400Z</time></trkpt>
   <trkpt lat="46.4953954" lon="11.0070813"><ele>0.0</ele><time>2024-12-03T22:32:36.600Z</time></trkpt>
   <trkpt lat="46.4953954" lon="11.0070813"><ele>0.0</ele><time>2024-12-03T22:32:36.800Z</time></trkpt>
   <trkpt lat="46.4953954" lon="11.0070813"><ele>0.0</ele><time>2024-12-03T22:32:37.1000Z</time></trkpt>
   <trkpt lat="46.4953954" lon="11.0070813"><ele>0.0</ele><time>2024-12-03T22:32:37.200Z</time></trkpt>
   <trkpt lat="46.4953954" lon="11.0070813"><ele>0.0</ele><time>2024-12-03T22:32:37.400Z</time></trkpt>
   <trkpt lat="46.4953954" lon="11.0070813"><ele>0.0</ele><time>2024-12-03T22:32:37.600Z</time></trkpt>
   <trkpt lat="46.4953954" lon="11.0070813"><ele>0.0</ele><time>2024-12-03T22:32:37.800Z</time></trkpt>
   <trkpt lat="46.4953954" lon="11.0070813"><ele>0.0</ele><time>2024-12-03T22:32:38.1000Z</time></trkpt>
   <trkpt lat="46.4953954" lon="11.0070813"><ele>0.0</ele><time>2024-12-03T22:32:38.200Z</time></trkpt>
   <trkpt lat="46.4953954" lon="11.0070813"><ele>0.0</ele><time>2024-12-03T22:32:38.400Z</time></trkpt>
   <trkpt lat="46.4953954" lon="11.0070813"><ele>0.0</ele><time>2024-12-03T22:32:38.600Z</time></trkpt>
   <trkpt lat="46.4953954" lon="11.0070813"><ele>0.0</ele><time>2024-12-03T22:32:38.800Z</time></trkpt>
   <trkpt lat="46.4953954" lon="11.0070813"><ele>0.0</ele><time>2024-12-03T22:32:39.1000Z</time></trkpt>
   <trkpt lat="46.4953954" lon="11.0070813"><ele>0.0</ele><time>2024-12-03T22:32:39.200Z</time></trkpt>
   <trkpt lat="46.4953954" lon="11.0070813"><ele>0.0</ele><time>2024-12-03T22:32:39.400Z</time></trkpt>
   <trkpt lat="46.4953954" lon="11.0070813"><ele>0.0</ele><time>2024-12-03T22:32:39.600Z</time></trkpt>
   <trkpt lat="46.4953954" lon="11.0070813"><ele>0.0</ele><time>2024-12-03T22:32:39.800Z</time></trkpt>
   <trkpt lat="46.4953954" lon="11.0070813"><ele>0.0</ele><time>2024-12-03T22:32:40.1000Z</time></trkpt>
   <trkpt lat="46.4953954" lon="11.0070813"><ele>0.0</ele><time>2024-12-03T22:32:40.200Z</time></trkpt>
   <trkpt lat="46.4953954" lon="11.0070813"><ele>0.0</ele><time>2024-12-03T22:32:40.400Z</time></trkpt>
   <trkpt lat="46.4953954" lon="11.0070813"><ele>0.0</ele><time>2024-12-03T22:32:40.600Z</time></trkpt>
   <trkpt lat="46.4953954" lon="11.0070813"><ele>0.0</ele><time>2024-12-03T22:32:40.800Z</time></trkpt>
   <trkpt lat="46.4953954" lon="11.0070813"><ele>0.0</ele><time>2024-12-03T22:32:41.1000Z</time></trkpt>
   <trkpt lat="46.4953954" lon="11.0070813"><ele>0.0</ele><time>2024-12-03T22:32:41.200Z</time></trkpt>
   <trkpt lat="46.4953954" lon="11.0070813"><ele>0.0</ele><time>2024-12-03T22:32:41.400Z</time></trkpt>
   <trkpt lat="46.4953954" lon="11.0070813"><ele>0.0</ele><time>2024-12-03T22:32:41.600Z</time></trkpt>
   <trkpt lat="46.4953954" lon="11.0070813"><ele>0.0</ele><time>2024-12-03T22:32:41.800Z</time></trkpt>
   <trkpt lat="46.4953954" lon="11.0070813"><ele>0.0</ele><time>2024-12-03T22:32:42.1000Z</time></trkpt>
   <trkpt lat="46.4953954" lon="11.0070813"><ele>0.0</ele><time>2024-12-03T22:32:42.200Z</time></trkpt>
   <trkpt lat="46.4953954" lon="11.0070813"><ele>0.0</ele><time>2024-12-03T22:32:42.400Z</time></trkpt>
   <trkpt lat="46.4953954" lon="11.0070813"><ele>0.0</ele><time>2024-12-03T22:32:42.600Z</time></trkpt>
   <trkpt lat="46.4953954" lon="11.0070813"><ele>0.0</ele><time>2024-12-03T22:32:42.800Z</time></trkpt>
   <trkpt lat="46.4953954" lon="11.0070813"><ele>0.0</ele><time>2024-12-03T22:32:43.1000Z</time></trkpt>
   <trkpt lat="46.4953954" lon="11.0070813"><ele>0.0</ele><time>2024-12-03T22:32:43.200Z</time></trkpt>
   <trkpt lat="46.4953954" lon="11.0070813"><ele>0.0</ele><time>2024-12-03T22:32:43.400Z</time></trkpt>
   <trkpt lat="46.4953954" lon="11.0070813"><ele>0.0</ele><time>2024-12-03T22:32:43.600Z</time></trkpt>
   <trkpt lat="46.4953954" lon="11.0070813"><ele>0.0</ele><time>2024-12-03T22:32:43.800Z</time></trkpt>
   <trkpt lat="46.4953954" lon="11.0070813"><ele>0.0</ele><time>2024-12-03T22:32:44.1000Z</time></trkpt>
   <trkpt lat="46.4953954" lon="11.0070813"><ele>0.0</ele><time>2024-12-03T22:32:44.200Z</time></trkpt>
   <trkpt lat="46.4953954" lon="11.0070813"><ele>0.0</ele><time>2024-12-03T22:32:44.400Z</time></trkpt>
   <trkpt lat="46.4953954" lon="11.0070813"><ele>0.0</ele><time>2024-12-03T22:32:44.600Z</time></trkpt>
   <trkpt lat="46.4953846" lon="11.0070820"><ele>0.0</ele><time>2024-12-03T22:32:44.800Z</time></trkpt>
   <trkpt lat="46.4953739" lon="11.0070840"><ele>0.0</ele><time>2024-12-03T22:32:45.1000Z</time></trkpt>
   <trkpt lat="46.4953633" lon="11.0070873"><ele>0.0</ele><time>2024-12-03T22:32:45.200Z</time></trkpt>
   <trkpt lat="46.4953530" lon="11.0070919"><ele>0.0</ele><time>2024-12-03T22:32:45.400Z</time></trkpt>
   <trkpt lat="46.4953430" lon="11.0070978"><ele>0.0</ele><time>2024-12-03T22:32:45.600Z</time></trkpt>
   <trkpt lat="46.4953334" lon="11.0071049"><ele>0.0</ele><time>2024-12-03T22:32:45.800Z</time></trkpt>
   <trkpt lat="46.4953243" lon="11.0071132"><ele>0.0</ele><time>2024-12-03T22:32:46.1000Z</time></trkpt>
   <trkpt lat="46.4953156" lon="11.0071226"><ele>0.0</ele><time>2024-12-03T22:32:46.200Z</time></trkpt>
   <trkpt lat="46.4953076" lon="11.0071331"><ele>0.0</ele><time>2024-12-03T22:32:46.400Z</time></trkpt>
   <trkpt lat="46.4953002" lon="11.0071445"><ele>0.0</ele><time>2024-12-03T22:32:46.600Z</time></trkpt>
   <trkpt lat="46.4952934" lon="11.0071568"><ele>0.0</ele><time>2024-12-03T22:32:46.800Z</time></trkpt>
   <trkpt lat="46.4952875" lon="11.0071698"><ele>0.0</ele><time>2024-12-03T22:32:47.1000Z</time></trkpt>
   <trkpt lat="46.4952823" lon="11.0071836"><ele>0.0</ele><time>2024-12-03T22:32:47.200Z</time></trkpt>
   <trkpt lat="46.4952780" lon="11.0071979"><ele>0.0</ele><time>2024-12-03T22:32:47.400Z</time></trkpt>
   <trkpt lat="46.4952745" lon="11.0072128"><ele>0.0</ele><time>2024-12-03T22:32:47.600Z</time></trkpt>
   <trkpt lat="46.4952719" lon="11.0072280"><ele>0.0</ele><time>2024-12-03T22:32:47.800Z</time></trkpt>
   <trkpt lat="46.4952702" lon="11.0072435"><ele>0.0</ele><time>2024-12-03T22:32:48.1000Z</time></trkpt>
   <trkpt lat="46.4952695" lon="11.0072591"><ele>0.0</ele><time>2024-12-03T22:32:48.200Z</time></trkpt>
   <trkpt lat="46.4952694" lon="11.0072642"><ele>0.0</ele><time>2024-12-03T22:32:48.400Z</time></trkpt>
   <trkpt lat="46.4952694" lon="11.0072956"><ele>0.0</ele><time>2024-12-03T22:32:48.600Z</time></trkpt>
   <trkpt lat="46.4952694" lon="11.0073270"><ele>0.0</ele><time>2024-12-03T22:32:48.800Z</time></trkpt>
   <trkpt lat="46.4952694" lon="11.0073583"><ele>0.0</ele><time>2024-12-03T22:32:49.1000Z</time></trkpt>
   <trkpt lat="46.4952694" lon="11.0073897"><ele>0.0</ele><time>2024-12-03T22:32:49.200Z</time></trkpt>
   <trkpt lat="46.4952694" lon="11.0074210"><ele>0.0</ele><time>2024-12-03T22:32:49.400Z</time></trkpt>
   <trkpt lat="46.4952694" lon="11.0074524"><ele>0.0</ele><time>2024-12-03T22:32:49.600Z</time></trkpt>
   <trkpt lat="46.4952694" lon="11.0074837"><ele>0.0</ele><time>2024-12-03T22:32:49.800Z</time></trkpt>
   <trkpt lat="46.4952694" lon="11.0075151"><ele>0.0</ele><time>2024-12-03T22:32:50.1000Z</time></trkpt>
   <trkpt lat="46.4952694" lon="11.0075464"><ele>0.0</ele><time>2024-12-03T22:32:50.200Z</time></trkpt>
   <trkpt lat="46.4952694" lon="11.0075778"><ele>0.0</ele><time>2024-12-03T22:32:50.400Z</time></trkpt>
   <trkpt lat="46.4952694" lon="11.0076092"><ele>0.0</ele><time>2024-12-03T22:32:50.600Z</time></trkpt>
   <trkpt lat="46.4952694" lon="11.0076405"><ele>0.0</ele><time>2024-12-03T22:32:50.800Z</time></trkpt>
   <trkpt lat="46.4952694" lon="11.0076719"><ele>0.0</ele><time>2024-12-03T22:32:51.1000Z</time></trkpt>
   <trkpt lat="46.4952694" lon="11.0077032"><ele>0.0</ele><time>2024-12-03T22:32:51.200Z</time></trkpt>
   <trkpt lat="46.4952694" lon="11.0077346"><ele>0.0</ele><time>2024-12-03T22:32:51.400Z</time></trkpt>
   <trkpt lat="46.4952694" lon="11.0077659"><ele>0.0</ele><time>2024-12-03T22:32:51.600Z</time></trkpt>
   <trkpt lat="46.4952694" lon="11.0077973"><ele>0.0</ele><time>2024-12-03T22:32:51.800Z</time></trkpt>
   <trkpt lat="46.4952694" lon="11.0078286"><ele>0.0</ele><time>2024-12-03T22:32:52.1000Z</time></trkpt>
   <trkpt lat="46.4952694" lon="11.0078600"><ele>0.0</ele><time>2024-12-03T22:32:52.200Z</time></trkpt>
   <trkpt lat="46.4952694" lon="11.0078914"><ele>0.0</ele><time>2024-12-03T22:32:52.400Z</time></trkpt>
   <trkpt lat="46.4952694" lon="11.0079227"><ele>0.0</ele><time>2024-12-03T22:32:52.600Z</time></trkpt>
   <trkpt lat="46.4952694" lon="11.0079541"><ele>0.0</ele><time>2024-12-03T22:32:52.800Z</time></trkpt>
   <trkpt lat="46.4952694" lon="11.0079854"><ele>0.0</ele><time>2024-12-03T22:32:53.1000Z</time></trkpt>
   <trkpt lat="46.4952694" lon="11.0080168"><ele>0.0</ele><time>2024-12-03T22:32:53.200Z</time></trkpt>
   <trkpt lat="46.4952694" lon="11.0080481"><ele>0.0</ele><time>2024-12-03T22:32:53.400Z</time></trkpt>
   <trkpt lat="46.4952694" lon="11.0080795"><ele>0.0</ele><time>2024-12-03T22:32:53.600Z</time></trkpt>
   <trkpt lat="46.4952694" lon="11.0081108"><ele>0.0</ele><time>2024-12-03T22:32:53.800Z</time></trkpt>
   <trkpt lat="46.4952694" lon="11.0081422"><ele>0.0</ele><time>2024-12-03T22:32:54.1000Z</time></trkpt>
   <trkpt lat="46.4952694" lon="11.0081735"><ele>0.0</ele><time>2024-12-03T22:32:54.200Z</time></trkpt>
   <trkpt lat="46.4952694" lon="11.0082049"><ele>0.0</ele><time>2024-12-03T22:32:54.400Z</time></trkpt>
   <trkpt lat="46.4952694" lon="11.0082363"><ele>0.0</ele><time>2024-12-03T22:32:54.600Z</time></trkpt>
   <trkpt lat="46.4952694" lon="11.0082676"><ele>0.0</ele><time>2024-12-03T22:32:54.800Z</time></trkpt>
   <trkpt lat="46.4952694" lon="11.0082990"><ele>0.0</ele><time>2024-12-03T22:32:55.1000Z</time></trkpt>
   <trkpt lat="46.4952694" lon="11.0083303"><ele>0.0</ele><time>2024-12-03T22:32:55.200Z</time></trkpt>
   <trkpt lat="46.4952694" lon="11.0083617"><ele>0.0</ele><time>2024-12-03T22:32:55.400Z</time></trkpt>
   <trkpt lat="46.4952694" lon="11.0083930"><ele>0.0</ele><time>2024-12-03T22:32:55.600Z</time></trkpt>
   <trkpt lat="46.4952694" lon="11.0084244"><ele>0.0</ele><time>2024-12-03T22:32:55.800Z</time></trkpt>
   <trkpt lat="46.4952694" lon="11.0084557"><ele>0.0</ele><time>2024-12-03T22:32:56.1000Z</time></trkpt>
   <trkpt lat="46.4952694" lon="11.0084871"><ele>0.0</ele><time>2024-12-03T22:32:56.200Z</time></trkpt>
   <trkpt lat="46.4952694" lon="11.0085185"><ele>0.0</ele><time>2024-12-03T22:32:56.400Z</time></trkpt>
   <trkpt lat="46.4952694" lon="11.0085498"><ele>0.0</ele><time>2024-12-03T22:32:56.600Z</time></trkpt>
   <trkpt lat="46.4952694" lon="11.0085812"><ele>0.0</ele><time>2024-12-03T22:32:56.800Z</time></trkpt>
   <trkpt lat="46.4952694" lon="11.0086125"><ele>0.0</ele><time>2024-12-03T22:32:57.1000Z</time></trkpt>
   <trkpt lat="46.4952694" lon="11.0086439"><ele>0.0</ele><time>2024-12-03T22:32:57.200Z</time></trkpt>
   <trkpt lat="46.4952694" lon="11.0086752"><ele>0.0</ele><time>2024-12-03T22:32:57.400Z</time></trkpt>
   <trkpt lat="46.4952694" lon="11.0087066"><ele>0.0</ele><time>2024-12-03T22:32:57.600Z</time></trkpt>
   <trkpt lat="46.4952694" lon="11.0087379"><ele>0.0</ele><time>2024-12-03T22:32:57.800Z</time></trkpt>
   <trkpt lat="46.4952694" lon="11.0087693"><ele>0.0</ele><time>2024-12-03T22:32:58.1000Z</time></trkpt>
   <trkpt lat="46.4952694" lon="11.0088007"><ele>0.0</ele><time>2024-12-03T22:32:58.200Z</time></trkpt>
   <trkpt lat="46.4952694" lon="11.0088320"><ele>0.0</ele><time>2024-12-03T22:32:58.400Z</time></trkpt>
   <trkpt lat="46.4952694" lon="11.0088634"><ele>0.0</ele><time>2024-12-03T22:32:58.600Z</time></trkpt>
   <trkpt lat="46.4952694" lon="11.0088947"><ele>0.0</ele><time>2024-12-03T22:32:58.800Z</time></trkpt>
   <trkpt lat="46.4952694" lon="11.0089261"><ele>0.0</ele><time>2024-12-03T22:32:59.1000Z</time></trkpt>
   <trkpt lat="46.4952694" lon="11.0089574"><ele>0.0</ele><time>2024-12-03T22:32:59.200Z</time></trkpt>
   <trkpt lat="46.4952694" lon="11.0089888"><ele>0.0</ele><time>2024-12-03T22:32:59.400Z</time></trkpt>
   <trkpt lat="46.4952694" lon="11.0090201"><ele>0.0</ele><time>2024-12-03T22:32:59.600Z</time></trkpt>
   <trkpt lat="46.4952694" lon="11.0090515"><ele>0.0</ele><time>2024-12-03T22:32:59.800Z</time></trkpt>
   <trkpt lat="46.4952694" lon="11.0090829"><ele>0.0</ele><time>2024-12-03T22:33:00.1000Z</time></trkpt>
   <trkpt lat="46.4952694" lon="11.0091142"><ele>0.0</ele><time>2024-12-03T22:33:00.200Z</time></trkpt>
   <trkpt lat="46.4952694" lon="11.0091456"><ele>0.0</ele><time>2024-12-03T22:33:00.400Z</time></trkpt>
   <trkpt lat="46.4952694" lon="11.0091769"><ele>0.0</ele><time>2024-12-03T22:33:00.600Z</time></trkpt>
   <trkpt lat="46.4952694" lon="11.0092083"><ele>0.0</ele><time>2024-12-03T22:33:00.800Z</time></trkpt>
   <trkpt lat="46.4952694" lon="11.0092396"><ele>0.0</ele><time>2024-12-03T22:33:01.1000Z</time></trkpt>
   <trkpt lat="46.4952694" lon="11.0092710"><ele>0.0</ele><time>2024-12-03T22:33:01.200Z</time></trkpt>
   <trkpt lat="46.4952694" lon="11.0093023"><ele>0.0</ele><time>2024-12-03T22:33:01.400Z</time></trkpt>
   <trkpt lat="46.4952694" lon="11.0093337"><ele>0.0</ele><time>2024-12-03T22:33:01.600Z</time></trkpt>
   <trkpt lat="46.4952694" lon="11.0093651"><ele>0.0</ele><time>2024-12-03T22:33:01.800Z</time></trkpt>
   <trkpt lat="46.4952694" lon="11.0093964"><ele>0.0</ele><time>2024-12-03T22:33:02.1000Z</time></trkpt>
   <trkpt lat="46.4952694" lon="11.0094278"><ele>0.0</ele><time>2024-12-03T22:33:02.200Z</time></trkpt>
   <trkpt lat="46.4952694" lon="11.0094591"><ele>0.0</ele><time>2024-12-03T22:33:02.400Z</time></trkpt>
   <trkpt lat="46.4952694" lon="11.0094905"><ele>0.0</ele><time>2024-12-03T22:33:02.600Z</time></trkpt>
   <trkpt lat="46.4952694" lon="11.0095218"><ele>0.0</ele><time>2024-12-03T22:33:02.800Z</time></trkpt>
   <trkpt lat="46.4952694" lon="11.0095532"><ele>0.0</ele><time>2024-12-03T22:33:03.1000Z</time></trkpt>
   <trkpt lat="46.4952694" lon="11.0095845"><ele>0.0</ele><time>2024-12-03T22:33:03.200Z</time></trkpt>
   <trkpt lat="46.4952694" lon="11.0096159"><ele>0.0</ele><time>2024-12-03T22:33:03.400Z</time></trkpt>
   <trkpt lat="46.4952694" lon="11.0096473"><ele>0.0</ele><time>2024-12-03T22:33:03.600Z</time></trkpt>
   <trkpt lat="46.4952694" lon="11.0096786"><ele>0.0</ele><time>2024-12-03T22:33:03.800Z</time></trkpt>
   <trkpt lat="46.4952694" lon="11.0097100"><ele>0.0</ele><time>2024-12-03T22:33:04.1000Z</time></trkpt>
   <trkpt lat="46.4952694" lon="11.0097413"><ele>0.0</ele><time>2024-12-03T22:33:04.200Z</time></trkpt>
   <trkpt lat="46.4952694" lon="11.0097727"><ele>0.0</ele><time>2024-12-03T22:33:04.400Z</time></trkpt>
   <trkpt lat="46.4952694" lon="11.0098040"><ele>0.0</ele><time>2024-12-03T22:33:04.600Z</time></trkpt>
   <trkpt lat="46.4952694" lon="11.0098354"><ele>0.0</ele><time>2024-12-03T22:33:04.800Z</time></trkpt>
   <trkpt lat="46.4952694" lon="11.0098667"><ele>0.0</ele><time>2024-12-03T22:33:05.1000Z</time></trkpt>
   <trkpt lat="46.4952694" lon="11.0098981"><ele>0.0</ele><time>2024-12-03T22:33:05.200Z</time></trkpt>
   <trkpt lat="46.4952694" lon="11.0099295"><ele>0.0</ele><time>2024-12-03T22:33:05.400Z</time></trkpt>
   <trkpt lat="46.4952694" lon="11.0099608"><ele>0.0</ele><time>2024-12-03T22:33:05.600Z</time></trkpt>
   <trkpt lat="46.4952694" lon="11.0099922"><ele>0.0</ele><time>2024-12-03T22:33:05.800Z</time></trkpt>
   <trkpt lat="46.4952694" lon="11.0100235"><ele>0.0</ele><time>2024-12-03T22:33:06.1000Z</time></trkpt>
   <trkpt lat="46.4952694" lon="11.0100549"><ele>0.0</ele><time>2024-12-03T22:33:06.200Z</time></trkpt>
   <trkpt lat="46.4952694" lon="11.0100862"><ele>0.0</ele><time>2024-12-03T22:33:06.400Z</time></trkpt>
   <trkpt lat="46.4952694" lon="11.0101176"><ele>0.0</ele><time>2024-12-03T22:33:06.600Z</time></trkpt>
   <trkpt lat="46.4952694" lon="11.0101489"><ele>0.0</ele><time>2024-12-03T22:33:06.800Z</time></trkpt>
   <trkpt lat="46.4952694" lon="11.0101803"><ele>0.0</ele><time>2024-12-03T22:33:07.1000Z</time></trkpt>
   <trkpt lat="46.4952694" lon="11.0102117"><ele>0.0</ele><time>2024-12-03T22:33:07.200Z</time></trkpt>
   <trkpt lat="46.4952694" lon="11.0102430"><ele>0.0</ele><time>2024-12-03T22:33:07.400Z</time></trkpt>
   <trkpt lat="46.4952694" lon="11.0102744"><ele>0.0</ele><time>2024-12-03T22:33:07.600Z</time></trkpt>
   <trkpt lat="46.4952694" lon="11.0103057"><ele>0.0</ele><time>2024-12-03T22:33:07.800Z</time></trkpt>
   <trkpt lat="46.4952694" lon="11.0103371"><ele>0.0</ele><time>2024-12-03T22:33:08.1000Z</time></trkpt>
   <trkpt lat="46.4952694" lon="11.0103684"><ele>0.0</ele><time>2024-12-03T22:33:08.200Z</time></trkpt>
   <trkpt lat="46.4952694" lon="11.0103998"><ele>0.0</ele><time>2024-12-03T22:33:08.400Z</time></trkpt>
   <trkpt lat="46.4952694" lon="11.0104311"><ele>0.0</ele><time>2024-12-03T22:33:08.600Z</time></trkpt>
   <trkpt lat="46.4952694" lon="11.0104625"><ele>0.0</ele><time>2024-12-03T22:33:08.800Z</time></trkpt>
   <trkpt lat="46.4952694" lon="11.0104939"><ele>0.0</ele><time>2024-12-03T22:33:09.1000Z</time></trkpt>
   <trkpt lat="46.4952694" lon="11.0105252"><ele>0.0</ele><time>2024-12-03T22:33:09.200Z</time></trkpt>
   <trkpt lat="46.4952694" lon="11.0105304"><ele>0.0</ele><time>2024-12-03T22:33:09.400Z</time></trkpt>
   <trkpt lat="46.4952694" lon="11.0105304"><ele>0.0</ele><time>2024-12-03T22:33:09.600Z</time></trkpt>
   <trkpt lat="46.4952694" lon="11.0105304"><ele>0.0</ele><time>2024-12-03T22:33:09.800Z</time></trkpt>
   <trkpt lat="46.4952694" lon="11.0105304"><ele>0.0</ele><time>2024-12-03T22:33:10.1000Z</time></trkpt>
   <trkpt lat="46.4952694" lon="11.0105304"><ele>0.0</ele><time>2024-12-03T22:33:10.200Z</time></trkpt>
   <trkpt lat="46.4952694" lon="11.0105304"><ele>0.0</ele><time>2024-12-03T22:33:10.400Z</time></trkpt>
   <trkpt lat="46.4952694" lon="11.0105304"><ele>0.0</ele><time>2024-12-03T22:33:10.600Z</time></trkpt>
   <trkpt lat="46.4952694" lon="11.0105304"><ele>0.0</ele><time>2024-12-03T22:33:10.800Z</time></trkpt>
   <trkpt lat="46.4952694" lon="11.0105304"><ele>0.0</ele><time>2024-12-03T22:33:11.1000Z</time></trkpt>
   <trkpt lat="46.4952694" lon="11.0105304"><ele>0.0</ele><time>2024-12-03T22:33:11.200Z</time></trkpt>
   <trkpt lat="46.4952694" lon="11.0105304"><ele>0.0</ele><time>2024-12-03T22:33:11.400Z</time></trkpt>
   <trkpt lat="46.4952694" lon="11.0105304"><ele>0.0</ele><time>2024-12-03T22:33:11.600Z</time></trkpt>
   <trkpt lat="46.4952694" lon="11.0105304"><ele>0.0</ele><time>2024-12-03T22:33:11.800Z</time></trkpt>
   <trkpt lat="46.4952694" lon="11.0105304"><ele>0.0</ele><time>2024-12-03T22:33:12.1000Z</time></trkpt>
   <trkpt lat="46.4952694" lon="11.0105304"><ele>0.0</ele><time>2024-12-03T22:33:12.200Z</time></trkpt>
   <trkpt lat="46.4952694" lon="11.0105304"><ele>0.0</ele><time>2024-12-03T22:33:12.400Z</time></trkpt>
   <trkpt lat="46.4952694" lon="11.0105304"><ele>0.0</ele><time>2024-12-03T22:33:12.600Z</time></trkpt>
   <trkpt lat="46.4952694" lon="11.0105304"><ele>0.0</ele><time>2024-12-03T22:33:12.800Z</time></trkpt>
   <trkpt lat="46.4952694" lon="11.0105304"><ele>0.0</ele><time>2024-12-03T22:33:13.1000Z</time></trkpt>
   <trkpt lat="46.4952694" lon="11.0105304"><ele>0.0</ele><time>2024-12-03T22:33:13.200Z</time></trkpt>
   <trkpt lat="46.4952694" lon="11.0105304"><ele>0.0</ele><time>2024-12-03T22:33:13.400Z</time></trkpt>
   <trkpt lat="46.4952694" lon="11.0105304"><ele>0.0</ele><time>2024-12-03T22:33:13.600Z</time></trkpt>
   <trkpt lat="46.4952694" lon="11.0105304"><ele>0.0</ele><time>2024-12-03T22:33:13.800Z</time></trkpt>
   <trkpt lat="46.4952694" lon="11.0105304"><ele>0.0</ele><time>2024-12-03T22:33:14.1000Z</time></trkpt>
   <trkpt lat="46.4952694" lon="11.0105304"><ele>0.0</ele><time>2024-12-03T22:33:14.200Z</time></trkpt>
   <trkpt lat="46.4952694" lon="11.0105304"><ele>0.0</ele><time>2024-12-03T22:33:14.400Z</time></trkpt>
   <trkpt lat="46.4952694" lon="11.0105304"><ele>0.0</ele><time>2024-12-03T22:33:14.600Z</time></trkpt>
   <trkpt lat="46.4952694" lon="11.0105304"><ele>0.0</ele><time>2024-12-03T22:33:14.800Z</time></trkpt>
   <trkpt lat="46.4952694" lon="11.0105304"><ele>0.0</ele><time>2024-12-03T22:33:15.1000Z</time></trkpt>
   <trkpt lat="46.4952694" lon="11.0105304"><ele>0.0</ele><time>2024-12-03T22:33:15.200Z</time></trkpt>
   <trkpt lat="46.4952694" lon="11.0105304"><ele>0.0</ele><time>2024-12-03T22:33:15.400Z</time></trkpt>
   <trkpt lat="46.4952694" lon="11.0105304"><ele>0.0</ele><time>2024-12-03T22:33:15.600Z</time></trkpt>
   <trkpt lat="46.4952694" lon="11.0105304"><ele>0.0</ele><time>2024-12-03T22:33:15.800Z</time></trkpt>
   <trkpt lat="46.4952694" lon="11.0105304"><ele>0.0</ele><time>2024-12-03T22:33:16.1000Z</time></trkpt>
   <trkpt lat="46.4952694" lon="11.0105304"><ele>0.0</ele><time>2024-12-03T22:33:16.200Z</time></trkpt>
   <trkpt lat="46.4952694" lon="11.0105304"><ele>0.0</ele><time>2024-12-03T22:33:16.400Z</time></trkpt>
   <trkpt lat="46.4952694" lon="11.0105304"><ele>0.0</ele><time>2024-12-03T22:33:16.600Z</time></trkpt>
   <trkpt lat="46.4952694" lon="11.0105304"><ele>0.0</ele><time>2024-12-03T22:33:16.800Z</time></trkpt>
   <trkpt lat="46.4952694" lon="11.0105304"><ele>0.0</ele><time>2024-12-03T22:33:17.1000Z</time></trkpt>
   <trkpt lat="46.4952694" lon="11.0105304"><ele>0.0</ele><time>2024-12-03T22:33:17.200Z</time></trkpt>
   <trkpt lat="46.4952694" lon="11.0105304"><ele>0.0</ele><time>2024-12-03T22:33:17.400Z</time></trkpt>
   <trkpt lat="46.4952694" lon="11.0105304"><ele>0.0</ele><time>2024-12-03T22:33:17.600Z</time></trkpt>
   <trkpt lat="46.4952694" lon="11.0105304"><ele>0.0</ele><time>2024-12-03T22:33:17.800Z</time></trkpt>
   <trkpt lat="46.4952694" lon="11.0105304"><ele>0.0</ele><time>2024-12-03T22:33:18.1000Z</time></trkpt>
   <trkpt lat="46.4952694" lon="11.0105304"><ele>0.0</ele><time>2024-12-03T22:33:18.200Z</time></trkpt>
   <trkpt lat="46.4952694" lon="11.0105304"><ele>0.0</ele><time>2024-12-03T22:33:18.400Z</time></trkpt>
   <trkpt lat="46.4952694" lon="11.0105304"><ele>0.0</ele><time>2024-12-03T22:33:18.600Z</time></trkpt>
   <trkpt lat="46.4952694" lon="11.0105304"><ele>0.0</ele><time>2024-12-03T22:33:18.800Z</time></trkpt>
   <trkpt lat="46.4952694" lon="11.0105304"><ele>0.0</ele><time>2024-12-03T22:33:19.1000Z</time></trkpt>
   <trkpt lat="46.4952694" lon="11.0105304"><ele>0.0</ele><time>2024-12-03T22:33:19.200Z</time></trkpt>
   <trkpt lat="46.4952694" lon="11.0105304"><ele>0.0</ele><time>2024-12-03T22:33:19.400Z</time></trkpt>
   <trkpt lat="46.4952694" lon="11.0105304"><ele>0.0</ele><time>2024-12-03T22:33:19.600Z</time></trkpt>
   <trkpt lat="46.4952694" lon="11.0105304"><ele>0.0</ele><time>2024-12-03T22:33:19.800Z</time></trkpt>
   <trkpt lat="46.4952694" lon="11.0105304"><ele>0.0</ele><time>2024-12-03T22:33:20.1000Z</time></trkpt>
   <trkpt lat="46.4952694" lon="11.0105304"><ele>0.0</ele><time>2024-12-03T22:33:20.200Z</time></trkpt>
   <trkpt lat="46.4952694" lon="11.0105304"><ele>0.0</ele><time>2024-12-03T22:33:20.400Z</time></trkpt>
   <trkpt lat="46.4952694" lon="11.0105304"><ele>0.0</ele><time>2024-12-03T22:33:20.600Z</time></trkpt>
   <trkpt lat="46.4952694" lon="11.0105304"><ele>0.0</ele><time>2024-12-03T22:33:20.800Z</time></trkpt>
   <trkpt lat="46.4952694" lon="11.0105304"><ele>0.0</ele><time>2024-12-03T22:33:21.1000Z</time></trkpt>
   <trkpt lat="46.4952694" lon="11.0105304"><ele>0.0</ele><time>2024-12-03T22:33:21.200Z</time></trkpt>
   <trkpt lat="46.4952694" lon="11.0105304"><ele>0.0</ele><time>2024-12-03T22:33:21.400Z</time></trkpt>
   <trkpt lat="46.4952694" lon="11.0105304"><ele>0.0</ele><time>2024-12-03T22:33:21.600Z</time></trkpt>
   <trkpt lat="46.4952694" lon="11.0105304"><ele>0.0</ele><time>2024-12-03T22:33:21.800Z</time></trkpt>
   <trkpt lat="46.4952694" lon="11.0105304"><ele>0.0</ele><time>2024-12-03T22:33:22.1000Z</time></trkpt>
   <trkpt lat="46.4952694" lon="11.0105304"><ele>0.0</ele><time>2024-12-03T22:33:22.200Z</time></trkpt>
   <trkpt lat="46.4952694" lon="11.0105304"><ele>0.0</ele><time>2024-12-03T22:33:22.400Z</time></trkpt>
   <trkpt lat="46.4952694" lon="11.0105304"><ele>0.0</ele><time>2024-12-03T22:33:22.600Z</time></trkpt>
   <trkpt lat="46.4952694" lon="11.0105304"><ele>0.0</ele><time>2024-12-03T22:33:22.800Z</time></trkpt>
   <trkpt lat="46.4952694" lon="11.0105304"><ele>0.0</ele><time>2024-12-03T22:33:23.1000Z</time></trkpt>
   <trkpt lat="46.4952694" lon="11.0105304"><ele>0.0</ele><time>2024-12-03T22:33:23.200Z</time></trkpt>
   <trkpt lat="46.4952694" lon="11.0105304"><ele>0.0</ele><time>2024-12-03T22:33:23.400Z</time></trkpt>
   <trkpt lat="46.4952694" lon="11.0105304"><ele>0.0</ele><time>2024-12-03T22:33:23.600Z</time></trkpt>
   <trkpt lat="46.4952694" lon="11.0105304"><ele>0.0</ele><time>2024-12-03T22:33:23.800Z</time></trkpt>
   <trkpt lat="46.4952694" lon="11.0105304"><ele>0.0</ele><time>2024-12-03T22:33:24.1000Z</time></trkpt>
   <trkpt lat="46.4952694" lon="11.0105304"><ele>0.0</ele><time>2024-12-03T22:33:24.200Z</time></trkpt>
   <trkpt lat="46.4952694" lon="11.0105304"><ele>0.0</ele><time>2024-12-03T22:33:24.400Z</time></trkpt>
   <trkpt lat="46.4952694" lon="11.0105304"><ele>0.0</ele><time>2024-12-03T22:33:24.600Z</time></trkpt>
   <trkpt lat="46.4952694" lon="11.0105304"><ele>0.0</ele><time>2024-12-03T22:33:24.800Z</time></trkpt>
   <trkpt lat="46.4952694" lon="11.0105304"><ele>0.0</ele><time>2024-12-03T22:33:25.1000Z</time></trkpt>
   <trkpt lat="46.4952694" lon="11.0105304"><ele>0.0</ele><time>2024-12-03T22:33:25.200Z</time></trkpt>
   <trkpt lat="46.4952694" lon="11.0105304"><ele>0.0</ele><time>2024-12-03T22:33:25.400Z</time></trkpt>
   <trkpt lat="46.4952694" lon="11.0105304"><ele>0.0</ele><time>2024-12-03T22:33:25.600Z</time></trkpt>
   <trkpt lat="46.4952694" lon="11.0105304"><ele>0.0</ele><time>2024-12-03T22:33:25.800Z</time></trkpt>
   <trkpt lat="46.4952694" lon="11.0105304"><ele>0.0</ele><time>2024-12-03T22:33:26.1000Z</time></trkpt>
   <trkpt lat="46.4952694" lon="11.0105304"><ele>0.0</ele><time>2024-12-03T22:33:26.200Z</time></trkpt>
   <trkpt lat="46.4952694" lon="11.0105304"><ele>0.0</ele><time>2024-12-03T22:33:26.400Z</time></trkpt>
   <trkpt lat="46.4952694" lon="11.0105304"><ele>0.0</ele><time>2024-12-03T22:33:26.600Z</time></trkpt>
   <trkpt lat="46.4952694" lon="11.0105304"><ele>0.0</ele><time>2024-12-03T22:33:26.800Z</time></trkpt>
   <trkpt lat="46.4952694" lon="11.0105304"><ele>0.0</ele><time>2024-12-03T22:33:27.1000Z</time></trkpt>
   <trkpt lat="46.4952694" lon="11.0105304"><ele>0.0</ele><time>2024-12-03T22:33:27.200Z</time></trkpt>
   <trkpt lat="46.4952694" lon="11.0105304"><ele>0.0</ele><time>2024-12-03T22:33:27.400Z</time></trkpt>
   <trkpt lat="46.4952690" lon="11.0105461"><ele>0.0</ele><time>2024-12-03T22:33:27.600Z</time></trkpt>
   <trkpt lat="46.4952676" lon="11.0105616"><ele>0.0</ele><time>2024-12-03T22:33:27.800Z</time></trkpt>
   <trkpt lat="46.4952653" lon="11.0105770"><ele>0.0</ele><time>2024-12-03T22:33:28.1000Z</time></trkpt>
   <trkpt lat="46.4952621" lon="11.0105919"><ele>0.0</ele><time>2024-12-03T22:33:28.200Z</time></trkpt>
   <trkpt lat="46.4952580" lon="11.0106065"><ele>0.0</ele><time>2024-12-03T22:33:28.400Z</time></trkpt>
   <trkpt lat="46.4952531" lon="11.0106204"><ele>0.0</ele><time>2024-12-03T22:33:28.600Z</time></trkpt>
   <trkpt lat="46.4952474" lon="11.0106337"><ele>0.0</ele><time>2024-12-03T22:33:28.800Z</time></trkpt>
   <trkpt lat="46.4952410" lon="11.0106463"><ele>0.0</ele><time>2024-12-03T22:33:29.1000Z</time></trkpt>
   <trkpt lat="46.4952338" lon="11.0106580"><ele>0.0</ele><time>2024-12-03T22:33:29.200Z</time></trkpt>
   <trkpt lat="46.4952259" lon="11.0106688"><ele>0.0</ele><time>2024-12-03T22:33:29.400Z</time></trkpt>
   <trkpt lat="46.4952175" lon="11.0106785"><ele>0.0</ele><time>2024-12-03T22:33:29.600Z</time></trkpt>
   <trkpt lat="46.4952085" lon="11.0106872"><ele>0.0</ele><time>2024-12-03T22:33:29.800Z</time></trkpt>
   <trkpt lat="46.4951990" lon="11.0106947"><ele>0.0</ele><time>2024-12-03T22:33:30.1000Z</time></trkpt>
   <trkpt lat="46.4951891" lon="11.0107010"><ele>0.0</ele><time>2024-12-03T22:33:30.200Z</time></trkpt>
   <trkpt lat="46.4951789" lon="11.0107060"><ele>0.0</ele><time>2024-12-03T22:33:30.400Z</time></trkpt>
   <trkpt lat="46.4951684" lon="11.0107098"><ele>0.0</ele><time>2024-12-03T22:33:30.600Z</time></trkpt>
   <trkpt lat="46.4951578" lon="11.0107122"><ele>0.0</ele><time>2024-12-03T22:33:30.800Z</time></trkpt>
   <trkpt lat="46.4951470" lon="11.0107133"><ele>0.0</ele><time>2024-12-03T22:33:31.1000Z</time></trkpt>
   <trkpt lat="46.4951435" lon="11.0107134"><ele>0.0</ele><time>2024-12-03T22:33:31.200Z</time></trkpt>
   <trkpt lat="46.4951219" lon="11.0107134"><ele>0.0</ele><time>2024-12-03T22:33:31.400Z</time></trkpt>
   <trkpt lat="46.4951003" lon="11.0107134"><ele>0.0</ele><time>2024-12-03T22:33:31.600Z</time></trkpt>
   <trkpt lat="46.4950787" lon="11.0107134"><ele>0.0</ele><time>2024-12-03T22:33:31.800Z</time></trkpt>
   <trkpt lat="46.4950571" lon="11.0107134"><ele>0.0</ele><time>2024-12-03T22:33:32.1000Z</time></trkpt>
   <trkpt lat="46.4950356" lon="11.0107134"><ele>0.0</ele><time>2024-12-03T22:33:32.200Z</time></trkpt>
   <trkpt lat="46.4950140" lon="11.0107134"><ele>0.0</ele><time>2024-12-03T22:33:32.400Z</time></trkpt>
   <trkpt lat="46.4949924" lon="11.0107134"><ele>0.0</ele><time>2024-12-03T22:33:32.600Z</time></trkpt>
   <trkpt lat="46.4949708" lon="11.0107134"><ele>0.0</ele><time>2024-12-03T22:33:32.800Z</time></trkpt>
   <trkpt lat="46.4949492" lon="11.0107134"><ele>0.0</ele><time>2024-12-03T22:33:33.1000Z</time></trkpt>
   <trkpt lat="46.4949276" lon="11.0107134"><ele>0.0</ele><time>2024-12-03T22:33:33.200Z</time></trkpt>
   <trkpt lat="46.4949061" lon="11.0107134"><ele>0.0</ele><time>2024-12-03T22:33:33.400Z</time></trkpt>
   <trkpt lat="46.4948845" lon="11.0107134"><ele>0.0</ele><time>2024-12-03T22:33:33.600Z</time></trkpt>
   <trkpt lat="46.4948629" lon="11.0107134"><ele>0.0</ele><time>2024-12-03T22:33:33.800Z</time></trkpt>
   <trkpt lat="46.4948413" lon="11.0107134"><ele>0.0</ele><time>2024-12-03T22:33:34.1000Z</time></trkpt>
   <trkpt lat="46.4948197" lon="11.0107134"><ele>0.0</ele><time>2024-12-03T22:33:34.200Z</time></trkpt>
   <trkpt lat="46.4947981" lon="11.0107134"><ele>0.0</ele><time>2024-12-03T22:33:34.400Z</time></trkpt>
   <trkpt lat="46.4947766" lon="11.0107134"><ele>0.0</ele><time>2024-12-03T22:33:34.600Z</time></trkpt>
   <trkpt lat="46.4947550" lon="11.0107134"><ele>0.0</ele><time>2024-12-03T22:33:34.800Z</time></trkpt>
   <trkpt lat="46.4947334" lon="11.0107134"><ele>0.0</ele><time>2024-12-03T22:33:35.1000Z</time></trkpt>
   <trkpt lat="46.4947118" lon="11.0107134"><ele>0.0</ele><time>2024-12-03T22:33:35.200Z</time></trkpt>
   <trkpt lat="46.4946902" lon="11.0107134"><ele>0.0</ele><time>2024-12-03T22:33:35.400Z</time></trkpt>
   <trkpt lat="46.4946686" lon="11.0107134"><ele>0.0</ele><time>2024-12-03T22:33:35.600Z</time></trkpt>
   <trkpt lat="46.4946471" lon="11.0107134"><ele>0.0</ele><time>2024-12-03T22:33:35.800Z</time></trkpt>
   <trkpt lat="46.4946255" lon="11.0107134"><ele>0.0</ele><time>2024-12-03T22:33:36.1000Z</time></trkpt>
   <trkpt lat="46.4946039" lon="11.0107134"><ele>0.0</ele><time>2024-12-03T22:33:36.200Z</time></trkpt>
   <trkpt lat="46.4945823" lon="11.0107134"><ele>0.0</ele><time>2024-12-03T22:33:36.400Z</time></trkpt>
   <trkpt lat="46.4945607" lon="11.0107134"><ele>0.0</ele><time>2024-12-03T22:33:36.600Z</time></trkpt>
   <trkpt lat="46.4945391" lon="11.0107134"><ele>0.0</ele><time>2024-12-03T22:33:36.800Z</time></trkpt>
   <trkpt lat="46.4945176" lon="11.0107134"><ele>0.0</ele><time>2024-12-03T22:33:37.1000Z</time></trkpt>
   <trkpt lat="46.4944960" lon="11.0107134"><ele>0.0</ele><time>2024-12-03T22:33:37.200Z</time></trkpt>
   <trkpt lat="46.4944744" lon="11.0107134"><ele>0.0</ele><time>2024-12-03T22:33:37.400Z</time></trkpt>
   <trkpt lat="46.4944528" lon="11.0107134"><ele>0.0</ele><time>2024-12-03T22:33:37.600Z</time></trkpt>
   <trkpt lat="46.4944312" lon="11.0107134"><ele>0.0</ele><time>2024-12-03T22:33:37.800Z</time></trkpt>
   <trkpt lat="46.4944096" lon="11.0107134"><ele>0.0</ele><time>2024-12-03T22:33:38.1000Z</time></trkpt>
   <trkpt lat="46.4943881" lon="11.0107134"><ele>0.0</ele><time>2024-12-03T22:33:38.200Z</time></trkpt>
   <trkpt lat="46.4943665" lon="11.0107134"><ele>0.0</ele><time>2024-12-03T22:33:38.400Z</time></trkpt>
   <trkpt lat="46.4943449" lon="11.0107134"><ele>0.0</ele><time>2024-12-03T22:33:38.600Z</time></trkpt>
   <trkpt lat="46.4943233" lon="11.0107134"><ele>0.0</ele><time>2024-12-03T22:33:38.800Z</time></trkpt>
   <trkpt lat="46.4943017" lon="11.0107134"><ele>0.0</ele><time>2024-12-03T22:33:39.1000Z</time></trkpt>
   <trkpt lat="46.4942801" lon="11.0107134"><ele>0.0</ele><time>2024-12-03T22:33:39.200Z</time></trkpt>
   <trkpt lat="46.4942585" lon="11.0107134"><ele>0.0</ele><time>2024-12-03T22:33:39.400Z</time></trkpt>
   <trkpt lat="46.4942370" lon="11.0107134"><ele>0.0</ele><time>2024-12-03T22:33:39.600Z</time></trkpt>
   <trkpt lat="46.4942154" lon="11.0107134"><ele>0.0</ele><time>2024-12-03T22:33:39.800Z</time></trkpt>
   <trkpt lat="46.4941938" lon="11.0107134"><ele>0.0</ele><time>2024-12-03T22:33:40.1000Z</time></trkpt>
   <trkpt lat="46.4941722" lon="11.0107134"><ele>0.0</ele><time>2024-12-03T22:33:40.200Z</time></trkpt>
   <trkpt lat="46.4941506" lon="11.0107134"><ele>0.0</ele><time>2024-12-03T22:33:40.400Z</time></trkpt>
   <trkpt lat="46.4941290" lon="11.0107134"><ele>0.0</ele><time>2024-12-03T22:33:40.600Z</time></trkpt>
   <trkpt lat="46.4941075" lon="11.0107134"><ele>0.0</ele><time>2024-12-03T22:33:40.800Z</time></trkpt>
   <trkpt lat="46.4940859" lon="11.0107134"><ele>0.0</ele><time>2024-12-03T22:33:41.1000Z</time></trkpt>
   <trkpt lat="46.4940643" lon="11.0107134"><ele>0.0</ele><time>2024-12-03T22:33:41.200Z</time></trkpt>
   <trkpt lat="46.4940427" lon="11.0107134"><ele>0.0</ele><time>2024-12-03T22:33:41.400Z</time></trkpt>
   <trkpt lat="46.4940211" lon="11.0107134"><ele>0.0</ele><time>2024-12-03T22:33:41.600Z</time></trkpt>
   <trkpt lat="46.4939995" lon="11.0107134"><ele>0.0</ele><time>2024-12-03T22:33:41.800Z</time></trkpt>
   <trkpt lat="46.4939780" lon="11.0107134"><ele>0.0</ele><time>2024-12-03T22:33:42.1000Z</time></trkpt>
   <trkpt lat="46.4939564" lon="11.0107134"><ele>0.0</ele><time>2024-12-03T22:33:42.200Z</time></trkpt>
   <trkpt lat="46.4939348" lon="11.0107134"><ele>0.0</ele><time>2024-12-03T22:33:42.400Z</time></trkpt>
   <trkpt lat="46.4939132" lon="11.0107134"><ele>0.0</ele><time>2024-12-03T22:33:42.600Z</time></trkpt>
   <trkpt lat="46.4938916" lon="11.0107134"><ele>0.0</ele><time>2024-12-03T22:33:42.800Z</time></trkpt>
   <trkpt lat="46.4938700" lon="11.0107134"><ele>0.0</ele><time>2024-12-03T22:33:43.1000Z</time></trkpt>
   <trkpt lat="46.4938485" lon="11.0107134"><ele>0.0</ele><time>2024-12-03T22:33:43.200Z</time></trkpt>
   <trkpt lat="46.4938269" lon="11.0107134"><ele>0.0</ele><time>2024-12-03T22:33:43.400Z</time></trkpt>
   <trkpt lat="46.4938053" lon="11.0107134"><ele>0.0</ele><time>2024-12-03T22:33:43.600Z</time></trkpt>
   <trkpt lat="46.4937837" lon="11.0107134"><ele>0.0</ele><time>2024-12-03T22:33:43.800Z</time></trkpt>
   <trkpt lat="46.4937621" lon="11.0107134"><ele>0.0</ele><time>2024-12-03T22:33:44.1000Z</time></trkpt>
   <trkpt lat="46.4937405" lon="11.0107134"><ele>0.0</ele><time>2024-12-03T22:33:44.200Z</time></trkpt>
   <trkpt lat="46.4937190" lon="11.0107134"><ele>0.0</ele><time>2024-12-03T22:33:44.400Z</time></trkpt>
   <trkpt lat="46.4936974" lon="11.0107134"><ele>0.0</ele><time>2024-12-03T22:33:44.600Z</time></trkpt>
   <trkpt lat="46.4936758" lon="11.0107134"><ele>0.0</ele><time>2024-12-03T22:33:44.800Z</time></trkpt>
   <trkpt lat="46.4936542" lon="11.0107134"><ele>0.0</ele><time>2024-12-03T22:33:45.1000Z</time></trkpt>
   <trkpt lat="46.4936326" lon="11.0107134"><ele>0.0</ele><time>2024-12-03T22:33:45.200Z</time></trkpt>
   <trkpt lat="46.4936110" lon="11.0107134"><ele>0.0</ele><time>2024-12-03T22:33:45.400Z</time></trkpt>
   <trkpt lat="46.4935895" lon="11.0107134"><ele>0.0</ele><time>2024-12-03T22:33:45.600Z</time></trkpt>
   <trkpt lat="46.4935679" lon="11.0107134"><ele>0.0</ele><time>2024-12-03T22:33:45.800Z</time></trkpt>
   <trkpt lat="46.4935463" lon="11.0107134"><ele>0.0</ele><time>2024-12-03T22:33:46.1000Z</time></trkpt>
   <trkpt lat="46.4935247" lon="11.0107134"><ele>0.0</ele><time>2024-12-03T22:33:46.200Z</time></trkpt>
   <trkpt lat="46.4935031" lon="11.0107134"><ele>0.0</ele><time>2024-12-03T22:33:46.400Z</time></trkpt>
   <trkpt lat="46.4934815" lon="11.0107134"><ele>0.0</ele><time>2024-12-03T22:33:46.600Z</time></trkpt>
   <trkpt lat="46.4934600" lon="11.0107134"><ele>0.0</ele><time>2024-12-03T22:33:46.800Z</time></trkpt>
   <trkpt lat="46.4934384" lon="11.0107134"><ele>0.0</ele><time>2024-12-03T22:33:47.1000Z</time></trkpt>
   <trkpt lat="46.4934168" lon="11.0107134"><ele>0.0</ele><time>2024-12-03T22:33:47.200Z</time></trkpt>
   <trkpt lat="46.4933952" lon="11.0107134"><ele>0.0</ele><time>2024-12-03T22:33:47.400Z</time></trkpt>
   <trkpt lat="46.4933736" lon="11.0107134"><ele>0.0</ele><time>2024-12-03T22:33:47.600Z</time></trkpt>
   <trkpt lat="46.4933520" lon="11.0107134"><ele>0.0</ele><time>2024-12-03T22:33:47.800Z</time></trkpt>
   <trkpt lat="46.4933305" lon="11.0107134"><ele>0.0</ele><time>2024-12-03T22:33:48.1000Z</time></trkpt>
   <trkpt lat="46.4933089" lon="11.0107134"><ele>0.0</ele><time>2024-12-03T22:33:48.200Z</time></trkpt>
   <trkpt lat="46.4932873" lon="11.0107134"><ele>0.0</ele><time>2024-12-03T22:33:48.400Z</time></trkpt>
   <trkpt lat="46.4932657" lon="11.0107134"><ele>0.0</ele><time>2024-12-03T22:33:48.600Z</time></trkpt>
   <trkpt lat="46.4932441" lon="11.0107134"><ele>0.0</ele><time>2024-12-03T22:33:48.800Z</time></trkpt>
   <trkpt lat="46.4932225" lon="11.0107134"><ele>0.0</ele><time>2024-12-03T22:33:49.1000Z</time></trkpt>
   <trkpt lat="46.4932009" lon="11.0107134"><ele>0.0</ele><time>2024-12-03T22:33:49.200Z</time></trkpt>
   <trkpt lat="46.4931794" lon="11.0107134"><ele>0.0</ele><time>2024-12-03T22:33:49.400Z</time></trkpt>
   <trkpt lat="46.4931578" lon="11.0107134"><ele>0.0</ele><time>2024-12-03T22:33:49.600Z</time></trkpt>
   <trkpt lat="46.4931362" lon="11.0107134"><ele>0.0</ele><time>2024-12-03T22:33:49.800Z</time></trkpt>
   <trkpt lat="46.4931146" lon="11.0107134"><ele>0.0</ele><time>2024-12-03T22:33:50.1000Z</time></trkpt>
   <trkpt lat="46.4930930" lon="11.0107134"><ele>0.0</ele><time>2024-12-03T22:33:50.200Z</time></trkpt>
   <trkpt lat="46.4930714" lon="11.0107134"><ele>0.0</ele><time>2024-12-03T22:33:50.400Z</time></trkpt>
   <trkpt lat="46.4930499" lon="11.0107134"><ele>0.0</ele><time>2024-12-03T22:33:50.600Z</time></trkpt>
   <trkpt lat="46.4930283" lon="11.0107134"><ele>0.0</ele><time>2024-12-03T22:33:50.800Z</time></trkpt>
   <trkpt lat="46.4930067" lon="11.0107134"><ele>0.0</ele><time>2024-12-03T22:33:51.1000Z</time></trkpt>
   <trkpt lat="46.4929851" lon="11.0107134"><ele>0.0</ele><time>2024-12-03T22:33:51.200Z</time></trkpt>
   <trkpt lat="46.4929635" lon="11.0107134"><ele>0.0</ele><time>2024-12-03T22:33:51.400Z</time></trkpt>
   <trkpt lat="46.4929419" lon="11.0107134"><ele>0.0</ele><time>2024-12-03T22:33:51.600Z</time></trkpt>
   <trkpt lat="46.4929204" lon="11.0107134"><ele>0.0</ele><time>2024-12-03T22:33:51.800Z</time></trkpt>
   <trkpt lat="46.4928988" lon="11.0107134"><ele>0.0</ele><time>2024-12-03T22:33:52.1000Z</time></trkpt>
   <trkpt lat="46.4928772" lon="11.0107134"><ele>0.0</ele><time>2024-12-03T22:33:52.200Z</time></trkpt>
   <trkpt lat="46.4928556" lon="11.0107134"><ele>0.0</ele><time>2024-12-03T22:33:52.400Z</time></trkpt>
   <trkpt lat="46.4928340" lon="11.0107134"><ele>0.0</ele><time>2024-12-03T22:33:52.600Z</time></trkpt>
   <trkpt lat="46.4928124" lon="11.0107134"><ele>0.0</ele><time>2024-12-03T22:33:52.800Z</time></trkpt>
   <trkpt lat="46.4927909" lon="11.0107134"><ele>0.0</ele><time>2024-12-03T22:33:53.1000Z</time></trkpt>
   <trkpt lat="46.4927693" lon="11.0107134"><ele>0.0</ele><time>2024-12-03T22:33:53.200Z</time></trkpt>
   <trkpt lat="46.4927477" lon="11.0107134"><ele>0.0</ele><time>2024-12-03T22:33:53.400Z</time></trkpt>
   <trkpt lat="46.4927261" lon="11.0107134"><ele>0.0</ele><time>2024-12-03T22:33:53.600Z</time></trkpt>
   <trkpt lat="46.4927045" lon="11.0107134"><ele>0.0</ele><time>2024-12-03T22:33:53.800Z</time></trkpt>
   <trkpt lat="46.4926829" lon="11.0107134"><ele>0.0</ele><time>2024-12-03T22:33:54.1000Z</time></trkpt>
   <trkpt lat="46.4926614" lon="11.0107134"><ele>0.0</ele><time>2024-12-03T22:33:54.200Z</time></trkpt>
   <trkpt lat="46.4926398" lon="11.0107134"><ele>0.0</ele><time>2024-12-03T22:33:54.400Z</time></trkpt>
   <trkpt lat="46.4926254" lon="11.0107134"><ele>0.0</ele><time>2024-12-03T22:33:54.600Z</time></trkpt>
   <trkpt lat="46.4926254" lon="11.0107134"><ele>0.0</ele><time>2024-12-03T22:33:54.800Z</time></trkpt>
   <trkpt lat="46.4926254" lon="11.0107134"><ele>0.0</ele><time>2024-12-03T22:33:55.1000Z</time></trkpt>
   <trkpt lat="46.4926254" lon="11.0107134"><ele>0.0</ele><time>2024-12-03T22:33:55.200Z</time></trkpt>
   <trkpt lat="46.4926254" lon="11.0107134"><ele>0.0</ele><time>2024-12-03T22:33:55.400Z</time></trkpt>
   <trkpt lat="46.4926254" lon="11.0107134"><ele>0.0</ele><time>2024-12-03T22:33:55.600Z</time></trkpt>
   <trkpt lat="46.4926254" lon="11.0107134"><ele>0.0</ele><time>2024-12-03T22:33:55.800Z</time></trkpt>
   <trkpt lat="46.4926254" lon="11.0107134"><ele>0.0</ele><time>2024-12-03T22:33:56.1000Z</time></trkpt>
   <trkpt lat="46.4926254" lon="11.0107134"><ele>0.0</ele><time>2024-12-03T22:33:56.200Z</time></trkpt>
   <trkpt lat="46.4926254" lon="11.0107134"><ele>0.0</ele><time>2024-12-03T22:33:56.400Z</time></trkpt>
   <trkpt lat="46.4926254" lon="11.0107134"><ele>0.0</ele><time>2024-12-03T22:33:56.600Z</time></trkpt>
   <trkpt lat="46.4926254" lon="11.0107134"><ele>0.0</ele><time>2024-12-03T22:33:56.800Z</time></trkpt>
   <trkpt lat="46.4926254" lon="11.0107134"><ele>0.0</ele><time>2024-12-03T22:33:57.1000Z</time></trkpt>
   <trkpt lat="46.4926254" lon="11.0107134"><ele>0.0</ele><time>2024-12-03T22:33:57.200Z</time></trkpt>
   <trkpt lat="46.4926254" lon="11.0107134"><ele>0.0</ele><time>2024-12-03T22:33:57.400Z</time></trkpt>
   <trkpt lat="46.4926254" lon="11.0107134"><ele>0.0</ele><time>2024-12-03T22:33:57.600Z</time></trkpt>
   <trkpt lat="46.4926254" lon="11.0107134"><ele>0.0</ele><time>2024-12-03T22:33:57.800Z</time></trkpt>
   <trkpt lat="46.4926254" lon="11.0107134"><ele>0.0</ele><time>2024-12-03T22:33:58.1000Z</time></trkpt>
   <trkpt lat="46.4926254" lon="11.0107134"><ele>0.0</ele><time>2024-12-03T22:33:58.200Z</time></trkpt>
   <trkpt lat="46.4926254" lon="11.0107134"><ele>0.0</ele><time>2024-12-03T22:33:58.400Z</time></trkpt>
   <trkpt lat="46.4926254" lon="11.0107134"><ele>0.0</ele><time>2024-12-03T22:33:58.600Z</time></trkpt>
   <trkpt lat="46.4926254" lon="11.0107134"><ele>0.0</ele><time>2024-12-03T22:33:58.800Z</time></trkpt>
   <trkpt lat="46.4926254" lon="11.0107134"><ele>0.0</ele><time>2024-12-03T22:33:59.1000Z</time></trkpt>
   <trkpt lat="46.4926254" lon="11.0107134"><ele>0.0</ele><time>2024-12-03T22:33:59.200Z</time></trkpt>
   <trkpt lat="46.4926254" lon="11.0107134"><ele>0.0</ele><time>2024-12-03T22:33:59.400Z</time></trkpt>
   <trkpt lat="46.4926254" lon="11.0107134"><ele>0.0</ele><time>2024-12-03T22:33:59.600Z</time></trkpt>
   <trkpt lat="46.4926254" lon="11.0107134"><ele>0.0</ele><time>2024-12-03T22:33:59.800Z</time></trkpt>
   <trkpt lat="46.4926254" lon="11.0107134"><ele>0.0</ele><time>2024-12-03T22:34:00.1000Z</time></trkpt>
   <trkpt lat="46.4926254" lon="11.0107134"><ele>0.0</ele><time>2024-12-03T22:34:00.200Z</time></trkpt>
   <trkpt lat="46.4926254" lon="11.0107134"><ele>0.0</ele><time>2024-12-03T22:34:00.400Z</time></trkpt>
   <trkpt lat="46.4926254" lon="11.0107134"><ele>0.0</ele><time>2024-12-03T22:34:00.600Z</time></trkpt>
   <trkpt lat="46.4926254" lon="11.0107134"><ele>0.0</ele><time>2024-12-03T22:34:00.800Z</time></trkpt>
   <trkpt lat="46.4926254" lon="11.0107134"><ele>0.0</ele><time>2024-12-03T22:34:01.1000Z</time></trkpt>
   <trkpt lat="46.4926254" lon="11.0107134"><ele>0.0</ele><time>2024-12-03T22:34:01.200Z</time></trkpt>
   <trkpt lat="46.4926254" lon="11.0107134"><ele>0.0</ele><time>2024-12-03T22:34:01.400Z</time></trkpt>
   <trkpt lat="46.4926254" lon="11.0107134"><ele>0.0</ele><time>2024-12-03T22:34:01.600Z</time></trkpt>
   <trkpt lat="46.4926254" lon="11.0107134"><ele>0.0</ele><time>2024-12-03T22:34:01.800Z</time></trkpt>
   <trkpt lat="46.4926254" lon="11.0107134"><ele>0.0</ele><time>2024-12-03T22:34:02.1000Z</time></trkpt>
   <trkpt lat="46.4926254" lon="11.0107134"><ele>0.0</ele><time>2024-12-03T22:34:02.200Z</time></trkpt>
   <trkpt lat="46.4926254" lon="11.0107134"><ele>0.0</ele><time>2024-12-03T22:34:02.400Z</time></trkpt>
   <trkpt lat="46.4926254" lon="11.0107134"><ele>0.0</ele><time>2024-12-03T22:34:02.600Z</time></trkpt>
   <trkpt lat="46.4926254" lon="11.0107134"><ele>0.0</ele><time>2024-12-03T22:34:02.800Z</time></trkpt>
   <trkpt lat="46.4926254" lon="11.0107134"><ele>0.0</ele><time>2024-12-03T22:34:03.1000Z</time></trkpt>
   <trkpt lat="46.4926254" lon="11.0107134"><ele>0.0</ele><time>2024-12-03T22:34:03.200Z</time></trkpt>
   <trkpt lat="46.4926254" lon="11.0107134"><ele>0.0</ele><time>2024-12-03T22:34:03.400Z</time></trkpt>
   <trkpt lat="46.4926254" lon="11.0107134"><ele>0.0</ele><time>2024-12-03T22:34:03.600Z</time></trkpt>
   <trkpt lat="46.4926254" lon="11.0107134"><ele>0.0</ele><time>2024-12-03T22:34:03.800Z</time></trkpt>
   <trkpt lat="46.4926254" lon="11.0107134"><ele>0.0</ele><time>2024-12-03T22:34:04.1000Z</time></trkpt>
   <trkpt lat="46.4926254" lon="11.0107134"><ele>0.0</ele><time>2024-12-03T22:34:04.200Z</time></trkpt>
   <trkpt lat="46.4926254" lon="11.0107134"><ele>0.0</ele><time>2024-12-03T22:34:04.400Z</time></trkpt>
   <trkpt lat="46.4926254" lon="11.0107134"><ele>0.0</ele><time>2024-12-03T22:34:04.600Z</time></trkpt>
   <trkpt lat="46.4926254" lon="11.0107134"><ele>0.0</ele><time>2024-12-03T22:34:04.800Z</time></trkpt>
   <trkpt lat="46.4926254" lon="11.0107134"><ele>0.0</ele><time>2024-12-03T22:34:05.1000Z</time></trkpt>
   <trkpt lat="46.4926254" lon="11.0107134"><ele>0.0</ele><time>2024-12-03T22:34:05.200Z</time></trkpt>
   <trkpt lat="46.4926254" lon="11.0107134"><ele>0.0</ele><time>2024-12-03T22:34:05.400Z</time></trkpt>
   <trkpt lat="46.4926254" lon="11.0107134"><ele>0.0</ele><time>2024-12-03T22:34:05.600Z</time></trkpt>
   <trkpt lat="46.4926254" lon="11.0107134"><ele>0.0</ele><time>2024-12-03T22:34:05.800Z</time></trkpt>
   <trkpt lat="46.4926254" lon="11.0107134"><ele>0.0</ele><time>2024-12-03T22:34:06.1000Z</time></trkpt>
   <trkpt lat="46.4926254" lon="11.0107134"><ele>0.0</ele><time>2024-12-03T22:34:06.200Z</time></trkpt>
   <trkpt lat="46.4926254" lon="11.0107134"><ele>0.0</ele><time>2024-12-03T22:34:06.400Z</time></trkpt>
   <trkpt lat="46.4926254" lon="11.0107134"><ele>0.0</ele><time>2024-12-03T22:34:06.600Z</time></trkpt>
   <trkpt lat="46.4926254" lon="11.0107134"><ele>0.0</ele><time>2024-12-03T22:34:06.800Z</time></trkpt>
   <trkpt lat="46.4926254" lon="11.0107134"><ele>0.0</ele><time>2024-12-03T22:34:07.1000Z</time></trkpt>
   <trkpt lat="46.4926254" lon="11.0107134"><ele>0.0</ele><time>2024-12-03T22:34:07.200Z</time></trkpt>
   <trkpt lat="46.4926254" lon="11.0107134"><ele>0.0</ele><time>2024-12-03T22:34:07.400Z</time></trkpt>
   <trkpt lat="46.4926254" lon="11.0107134"><ele>0.0</ele><time>2024-12-03T22:34:07.600Z</time></trkpt>
   <trkpt lat="46.4926254" lon="11.0107134"><ele>0.0</ele><time>2024-12-03T22:34:07.800Z</time></trkpt>
   <trkpt lat="46.4926254" lon="11.0107134"><ele>0.0</ele><time>2024-12-03T22:34:08.1000Z</time></trkpt>
   <trkpt lat="46.4926254" lon="11.0107134"><ele>0.0</ele><time>2024-12-03T22:34:08.200Z</time></trkpt>
   <trkpt lat="46.4926254" lon="11.0107134"><ele>0.0</ele><time>2024-12-03T22:34:08.400Z</time></trkpt>
   <trkpt lat="46.4926254" lon="11.0107134"><ele>0.0</ele><time>2024-12-03T22:34:08.600Z</time></trkpt>
   <trkpt lat="46.4926254" lon="11.0107134"><ele>0.0</ele><time>2024-12-03T22:34:08.800Z</time></trkpt>
   <trkpt lat="46.4926254" lon="11.0107134"><ele>0.0</ele><time>2024-12-03T22:34:09.1000Z</time></trkpt>
   <trkpt lat="46.4926254" lon="11.0107134"><ele>0.0</ele><time>2024-12-03T22:34:09.200Z</time></trkpt>
   <trkpt lat="46.4926254" lon="11.0107134"><ele>0.0</ele><time>2024-12-03T22:34:09.400Z</time></trkpt>
   <trkpt lat="46.4926254" lon="11.0107134"><ele>0.0</ele><time>2024-12-03T22:34:09.600Z</time></trkpt>
   <trkpt lat="46.4926254" lon="11.0107134"><ele>0.0</ele><time>2024-12-03T22:34:09.800Z</time></trkpt>
   <trkpt lat="46.4926254" lon="11.0107134"><ele>0.0</ele><time>2024-12-03T22:34:10.1000Z</time></trkpt>
   <trkpt lat="46.4926254" lon="11.0107134"><ele>0.0</ele><time>2024-12-03T22:34:10.200Z</time></trkpt>
   <trkpt lat="46.4926254" lon="11.0107134"><ele>0.0</ele><time>2024-12-03T22:34:10.400Z</time></trkpt>
   <trkpt lat="46.4926254" lon="11.0107134"><ele>0.0</ele><time>2024-12-03T22:34:10.600Z</time></trkpt>
   <trkpt lat="46.4926254" lon="11.0107134"><ele>0.0</ele><time>2024-12-03T22:34:10.800Z</time></trkpt>
   <trkpt lat="46.4926254" lon="11.0107134"><ele>0.0</ele><time>2024-12-03T22:34:11.1000Z</time></trkpt>
   <trkpt lat="46.4926254" lon="11.0107134"><ele>0.0</ele><time>2024-12-03T22:34:11.200Z</time></trkpt>
   <trkpt lat="46.4926254" lon="11.0107134"><ele>0.0</ele><time>2024-12-03T22:34:11.400Z</time></trkpt>
   <trkpt lat="46.4926254" lon="11.0107134"><ele>0.0</ele><time>2024-12-03T22:34:11.600Z</time></trkpt>
   <trkpt lat="46.4926254" lon="11.0107134"><ele>0.0</ele><time>2024-12-03T22:34:11.800Z</time></trkpt>
   <trkpt lat="46.4926254" lon="11.0107134"><ele>0.0</ele><time>2024-12-03T22:34:12.1000Z</time></trkpt>
   <trkpt lat="46.4926254" lon="11.0107134"><ele>0.0</ele><time>2024-12-03T22:34:12.200Z</time></trkpt>
   <trkpt lat="46.4926254" lon="11.0107134"><ele>0.0</ele><time>2024-12-03T22:34:12.400Z</time></trkpt>
   <trkpt lat="46.4926254" lon="11.0107134"><ele>0.0</ele><time>2024-12-03T22:34:12.600Z</time></trkpt>
   <trkpt lat="46.4926146" lon="11.0107141"><ele>0.0</ele><time>2024-12-03T22:34:12.800Z</time></trkpt>
   <trkpt lat="46.4926039" lon="11.0107161"><ele>0.0</ele><time>2024-12-03T22:34:13.1000Z</time></trkpt>
   <trkpt lat="46.4925934" lon="11.0107194"><ele>0.0</ele><time>2024-12-03T22:34:13.200Z</time></trkpt>
   <trkpt lat="46.4925830" lon="11.0107240"><ele>0.0</ele><time>2024-12-03T22:34:13.400Z</time></trkpt>
   <trkpt lat="46.4925730" lon="11.0107299"><ele>0.0</ele><time>2024-12-03T22:34:13.600Z</time></trkpt>
   <trkpt lat="46.4925634" lon="11.0107371"><ele>0.0</ele><time>2024-12-03T22:34:13.800Z</time></trkpt>
   <trkpt lat="46.4925543" lon="11.0107454"><ele>0.0</ele><time>2024-12-03T22:34:14.1000Z</time></trkpt>
   <trkpt lat="46.4925456" lon="11.0107548"><ele>0.0</ele><time>2024-12-03T22:34:14.200Z</time></trkpt>
   <trkpt lat="46.4925376" lon="11.0107652"><ele>0.0</ele><time>2024-12-03T22:34:14.400Z</time></trkpt>
   <trkpt lat="46.4925302" lon="11.0107766"><ele>0.0</ele><time>2024-12-03T22:34:14.600Z</time></trkpt>
   <trkpt lat="46.4925235" lon="11.0107889"><ele>0.0</ele><time>2024-12-03T22:34:14.800Z</time></trkpt>
   <trkpt lat="46.4925175" lon="11.0108019"><ele>0.0</ele><time>2024-12-03T22:34:15.1000Z</time></trkpt>
   <trkpt lat="46.4925123" lon="11.0108157"><ele>0.0</ele><time>2024-12-03T22:34:15.200Z</time></trkpt>
   <trkpt lat="46.4925080" lon="11.0108301"><ele>0.0</ele><time>2024-12-03T22:34:15.400Z</time></trkpt>
   <trkpt lat="46.4925045" lon="11.0108449"><ele>0.0</ele><time>2024-12-03T22:34:15.600Z</time></trkpt>
   <trkpt lat="46.4925019" lon="11.0108601"><ele>0.0</ele><time>2024-12-03T22:34:15.800Z</time></trkpt>
   <trkpt lat="46.4925003" lon="11.0108756"><ele>0.0</ele><time>2024-12-03T22:34:16.1000Z</time></trkpt>
   <trkpt lat="46.4924995" lon="11.0108913"><ele>0.0</ele><time>2024-12-03T22:34:16.200Z</time></trkpt>
   <trkpt lat="46.4924994" lon="11.0108964"><ele>0.0</ele><time>2024-12-03T22:34:16.400Z</time></trkpt>
   <trkpt lat="46.4924994" lon="11.0109277"><ele>0.0</ele><time>2024-12-03T22:34:16.600Z</time></trkpt>
   <trkpt lat="46.4924994" lon="11.0109591"><ele>0.0</ele><time>2024-12-03T22:34:16.800Z</time></trkpt>
   <trkpt lat="46.4924994" lon="11.0109904"><ele>0.0</ele><time>2024-12-03T22:34:17.1000Z</time></trkpt>
   <trkpt lat="46.4924994" lon="11.0110218"><ele>0.0</ele><time>2024-12-03T22:34:17.200Z</time></trkpt>
   <trkpt lat="46.4924994" lon="11.0110531"><ele>0.0</ele><time>2024-12-03T22:34:17.400Z</time></trkpt>
   <trkpt lat="46.4924994" lon="11.0110845"><ele>0.0</ele><time>2024-12-03T22:34:17.600Z</time></trkpt>
   <trkpt lat="46.4924994" lon="11.0111158"><ele>0.0</ele><time>2024-12-03T22:34:17.800Z</time></trkpt>
   <trkpt lat="46.4924994" lon="11.0111472"><ele>0.0</ele><time>2024-12-03T22:34:18.1000Z</time></trkpt>
   <trkpt lat="46.4924994" lon="11.0111786"><ele>0.0</ele><time>2024-12-03T22:34:18.200Z</time></trkpt>
   <trkpt lat="46.4924994" lon="11.0112099"><ele>0.0</ele><time>2024-12-03T22:34:18.400Z</time></trkpt>
   <trkpt lat="46.4924994" lon="11.0112413"><ele>0.0</ele><time>2024-12-03T22:34:18.600Z</time></trkpt>
   <trkpt lat="46.4924994" lon="11.0112726"><ele>0.0</ele><time>2024-12-03T22:34:18.800Z</time></trkpt>
   <trkpt lat="46.4924994" lon="11.0113040"><ele>0.0</ele><time>2024-12-03T22:34:19.1000Z</time></trkpt>
   <trkpt lat="46.4924994" lon="11.0113353"><ele>0.0</ele><time>2024-12-03T22:34:19.200Z</time></trkpt>
   <trkpt lat="46.4924994" lon="11.0113667"><ele>0.0</ele><time>2024-12-03T22:34:19.400Z</time></trkpt>
   <trkpt lat="46.4924994" lon="11.0113980"><ele>0.0</ele><time>2024-12-03T22:34:19.600Z</time></trkpt>
   <trkpt lat="46.4924994" lon="11.0114294"><ele>0.0</ele><time>2024-12-03T22:34:19.800Z</time></trkpt>
   <trkpt lat="46.4924994" lon="11.0114608"><ele>0.0</ele><time>2024-12-03T22:34:20.1000Z</time></trkpt>
   <trkpt lat="46.4924994" lon="11.0114921"><ele>0.0</ele><time>2024-12-03T22:34:20.200Z</time></trkpt>
   <trkpt lat="46.4924994" lon="11.0115235"><ele>0.0</ele><time>2024-12-03T22:34:20.400Z</time></trkpt>
   <trkpt lat="46.4924994" lon="11.0115548"><ele>0.0</ele><time>2024-12-03T22:34:20.600Z</time></trkpt>
   <trkpt lat="46.4924994" lon="11.0115862"><ele>0.0</ele><time>2024-12-03T22:34:20.800Z</time></trkpt>
   <trkpt lat="46.4924994" lon="11.0116175"><ele>0.0</ele><time>2024-12-03T22:34:21.1000Z</time></trkpt>
   <trkpt lat="46.4924994" lon="11.0116489"><ele>0.0</ele><time>2024-12-03T22:34:21.200Z</time></trkpt>
   <trkpt lat="46.4924994" lon="11.0116802"><ele>0.0</ele><time>2024-12-03T22:34:21.400Z</time></trkpt>
   <trkpt lat="46.4924994" lon="11.0117116"><ele>0.0</ele><time>2024-12-03T22:34:21.600Z</time></trkpt>
   <trkpt lat="46.4924994" lon="11.0117430"><ele>0.0</ele><time>2024-12-03T22:34:21.800Z</time></trkpt>
   <trkpt lat="46.4924994" lon="11.0117743"><ele>0.0</ele><time>2024-12-03T22:34:22.1000Z</time></trkpt>
   <trkpt lat="46.4924994" lon="11.0118057"><ele>0.0</ele><time>2024-12-03T22:34:22.200Z</time></trkpt>
   <trkpt lat="46.4924994" lon="11.0118370"><ele>0.0</ele><time>2024-12-03T22:34:22.400Z</time></trkpt>
   <trkpt lat="46.4924994" lon="11.0118684"><ele>0.0</ele><time>2024-12-03T22:34:22.600Z</time></trkpt>
   <trkpt lat="46.4924994" lon="11.0118997"><ele>0.0</ele><time>2024-12-03T22:34:22.800Z</time></trkpt>
   <trkpt lat="46.4924994" lon="11.0119311"><ele>0.0</ele><time>2024-12-03T22:34:23.1000Z</time></trkpt>
   <trkpt lat="46.4924994" lon="11.0119624"><ele>0.0</ele><time>2024-12-03T22:34:23.200Z</time></trkpt>
   <trkpt lat="46.4924994" lon="11.0119938"><ele>0.0</ele><time>2024-12-03T22:34:23.400Z</time></trkpt>
   <trkpt lat="46.4924994" lon="11.0120252"><ele>0.0</ele><time>2024-12-03T22:34:23.600Z</time></trkpt>
   <trkpt lat="46.4924994" lon="11.0120565"><ele>0.0</ele><time>2024-12-03T22:34:23.800Z</time></trkpt>
   <trkpt lat="46.4924994" lon="11.0120879"><ele>0.0</ele><time>2024-12-03T22:34:24.1000Z</time></trkpt>
   <trkpt lat="46.4924994" lon="11.0121192"><ele>0.0</ele><time>2024-12-03T22:34:24.200Z</time></trkpt>
   <trkpt lat="46.4924994" lon="11.0121506"><ele>0.0</ele><time>2024-12-03T22:34:24.400Z</time></trkpt>
   <trkpt lat="46.4924994" lon="11.0121819"><ele>0.0</ele><time>2024-12-03T22:34:24.600Z</time></trkpt>
   <trkpt lat="46.4924994" lon="11.0122133"><ele>0.0</ele><time>2024-12-03T22:34:24.800Z</time></trkpt>
   <trkpt lat="46.4924994" lon="11.0122446"><ele>0.0</ele><time>2024-12-03T22:34:25.1000Z</time></trkpt>
   <trkpt lat="46.4924994" lon="11.0122760"><ele>0.0</ele><time>2024-12-03T22:34:25.200Z</time></trkpt>
   <trkpt lat="46.4924994" lon="11.0123074"><ele>0.0</ele><time>2024-12-03T22:34:25.400Z</time></trkpt>
   <trkpt lat="46.4924994" lon="11.0123387"><ele>0.0</ele><time>2024-12-03T22:34:25.600Z</time></trkpt>
   <trkpt lat="46.4924994" lon="11.0123701"><ele>0.0</ele><time>2024-12-03T22:34:25.800Z</time></trkpt>
   <trkpt lat="46.4924994" lon="11.0124014"><ele>0.0</ele><time>2024-12-03T22:34:26.1000Z</time></trkpt>
   <trkpt lat="46.4924994" lon="11.0124328"><ele>0.0</ele><time>2024-12-03T22:34:26.200Z</time></trkpt>
   <trkpt lat="46.4924994" lon="11.0124641"><ele>0.0</ele><time>2024-12-03T22:34:26.400Z</time></trkpt>
   <trkpt lat="46.4924994" lon="11.0124955"><ele>0.0</ele><time>2024-12-03T22:34:26.600Z</time></trkpt>
   <trkpt lat="46.4924994" lon="11.0125268"><ele>0.0</ele><time>2024-12-03T22:34:26.800Z</time></trkpt>
   <trkpt lat="46.4924994" lon="11.0125582"><ele>0.0</ele><time>2024-12-03T22:34:27.1000Z</time></trkpt>
   <trkpt lat="46.4924994" lon="11.0125896"><ele>0.0</ele><time>2024-12-03T22:34:27.200Z</time></trkpt>
   <trkpt lat="46.4924994" lon="11.0126209"><ele>0.0</ele><time>2024-12-03T22:34:27.400Z</time></trkpt>
   <trkpt lat="46.4924994" lon="11.0126523"><ele>0.0</ele><time>2024-12-03T22:34:27.600Z</time></trkpt>
   <trkpt lat="46.4924994" lon="11.0126836"><ele>0.0</ele><time>2024-12-03T22:34:27.800Z</time></trkpt>
   <trkpt lat="46.4924994" lon="11.0127150"><ele>0.0</ele><time>2024-12-03T22:34:28.1000Z</time></trkpt>
   <trkpt lat="46.4924994" lon="11.0127463"><ele>0.0</ele><time>2024-12-03T22:34:28.200Z</time></trkpt>
   <trkpt lat="46.4924994" lon="11.0127777"><ele>0.0</ele><time>2024-12-03T22:34:28.400Z</time></trkpt>
   <trkpt lat="46.4924994" lon="11.0128090"><ele>0.0</ele><time>2024-12-03T22:34:28.600Z</time></trkpt>
   <trkpt lat="46.4924994" lon="11.0128404"><ele>0.0</ele><time>2024-12-03T22:34:28.800Z</time></trkpt>
   <trkpt lat="46.4924994" lon="11.0128718"><ele>0.0</ele><time>2024-12-03T22:34:29.1000Z</time></trkpt>
   <trkpt lat="46.4924994" lon="11.0129031"><ele>0.0</ele><time>2024-12-03T22:34:29.200Z</time></trkpt>
   <trkpt lat="46.4924994" lon="11.0129345"><ele>0.0</ele><time>2024-12-03T22:34:29.400Z</time></trkpt>
   <trkpt lat="46.4924994" lon="11.0129658"><ele>0.0</ele><time>2024-12-03T22:34:29.600Z</time></trkpt>
   <trkpt lat="46.4924994" lon="11.0129972"><ele>0.0</ele><time>2024-12-03T22:34:29.800Z</time></trkpt>
   <trkpt lat="46.4924994" lon="11.0130285"><ele>0.0</ele><time>2024-12-03T22:34:30.1000Z</time></trkpt>
   <trkpt lat="46.4924994" lon="11.0130599"><ele>0.0</ele><time>2024-12-03T22:34:30.200Z</time></trkpt>
   <trkpt lat="46.4924994" lon="11.0130912"><ele>0.0</ele><time>2024-12-03T22:34:30.400Z</time></trkpt>
   <trkpt lat="46.4924994" lon="11.0131226"><ele>0.0</ele><time>2024-12-03T22:34:30.600Z</time></trkpt>
   <trkpt lat="46.4924994" lon="11.0131540"><ele>0.0</ele><time>2024-12-03T22:34:30.800Z</time></trkpt>
   <trkpt lat="46.4924994" lon="11.0131853"><ele>0.0</ele><time>2024-12-03T22:34:31.1000Z</time></trkpt>
   <trkpt lat="46.4924994" lon="11.0132167"><ele>0.0</ele><time>2024-12-03T22:34:31.200Z</time></trkpt>
   <trkpt lat="46.4924994" lon="11.0132480"><ele>0.0</ele><time>2024-12-03T22:34:31.400Z</time></trkpt>
   <trkpt lat="46.4924994" lon="11.0132794"><ele>0.0</ele><time>2024-12-03T22:34:31.600Z</time></trkpt>
   <trkpt lat="46.4924994" lon="11.0133107"><ele>0.0</ele><time>2024-12-03T22:34:31.800Z</time></trkpt>
   <trkpt lat="46.4924994" lon="11.0133421"><ele>0.0</ele><time>2024-12-03T22:34:32.1000Z</time></trkpt>
   <trkpt lat="46.4924994" lon="11.0133734"><ele>0.0</ele><time>2024-12-03T22:34:32.200Z</time></trkpt>
   <trkpt lat="46.4924994" lon="11.0134048"><ele>0.0</ele><time>2024-12-03T22:34:32.400Z</time></trkpt>
   <trkpt lat="46.4924994" lon="11.0134362"><ele>0.0</ele><time>2024-12-03T22:34:32.600Z</time></trkpt>
   <trkpt lat="46.4924994" lon="11.0134675"><ele>0.0</ele><time>2024-12-03T22:34:32.800Z</time></trkpt>
   <trkpt lat="46.4924994" lon="11.0134989"><ele>0.0</ele><time>2024-12-03T22:34:33.1000Z</time></trkpt>
   <trkpt lat="46.4924994" lon="11.0135302"><ele>0.0</ele><time>2024-12-03T22:34:33.200Z</time></trkpt>
   <trkpt lat="46.4924994" lon="11.0135616"><ele>0.0</ele><time>2024-12-03T22:34:33.400Z</time></trkpt>
   <trkpt lat="46.4924994" lon="11.0135929"><ele>0.0</ele><time>2024-12-03T22:34:33.600Z</time></trkpt>
   <trkpt lat="46.4924994" lon="11.0136243"><ele>0.0</ele><time>2024-12-03T22:34:33.800Z</time></trkpt>
   <trkpt lat="46.4924994" lon="11.0136556"><ele>0.0</ele><time>2024-12-03T22:34:34.1000Z</time></trkpt>
   <trkpt lat="46.4924994" lon="11.0136870"><ele>0.0</ele><time>2024-12-03T22:34:34.200Z</time></trkpt>
   <trkpt lat="46.4924994" lon="11.0137184"><ele>0.0</ele><time>2024-12-03T22:34:34.400Z</time></trkpt>
   <trkpt lat="46.4924994" lon="11.0137497"><ele>0.0</ele><time>2024-12-03T22:34:34.600Z</time></trkpt>
   <trkpt lat="46.4924994" lon="11.0137706"><ele>0.0</ele><time>2024-12-03T22:34:34.800Z</time></trkpt>
   <trkpt lat="46.4924994" lon="11.0137706"><ele>0.0</ele><time>2024-12-03T22:34:35.1000Z</time></trkpt>
   <trkpt lat="46.4924994" lon="11.0137706"><ele>0.0</ele><time>2024-12-03T22:34:35.200Z</time></trkpt>
   <trkpt lat="46.4924994" lon="11.0137706"><ele>0.0</ele><time>2024-12-03T22:34:35.400Z</time></trkpt>
   <trkpt lat="46.4924994" lon="11.0137706"><ele>0.0</ele><time>2024-12-03T22:34:35.600Z</time></trkpt>
   <trkpt lat="46.4924994" lon="11.0137706"><ele>0.0</ele><time>2024-12-03T22:34:35.800Z</time></trkpt>
   <trkpt lat="46.4924994" lon="11.0137706"><ele>0.0</ele><time>2024-12-03T22:34:36.1000Z</time></trkpt>
   <trkpt lat="46.4924994" lon="11.0137706"><ele>0.0</ele><time>2024-12-03T22:34:36.200Z</time></trkpt>
   <trkpt lat="46.4924994" lon="11.0137706"><ele>0.0</ele><time>2024-12-03T22:34:36.400Z</time></trkpt>
   <trkpt lat="46.4924994" lon="11.0137706"><ele>0.0</ele><time>2024-12-03T22:34:36.600Z</time></trkpt>
   <trkpt lat="46.4924994" lon="11.0137706"><ele>0.0</ele><time>2024-12-03T22:34:36.800Z</time></trkpt>
   <trkpt lat="46.4924994" lon="11.0137706"><ele>0.0</ele><time>2024-12-03T22:34:37.1000Z</time></trkpt>
   <trkpt lat="46.4924994" lon="11.0137706"><ele>0.0</ele><time>2024-12-03T22:34:37.200Z</time></trkpt>
   <trkpt lat="46.4924994" lon="11.0137706"><ele>0.0</ele><time>2024-12-03T22:34:37.400Z</time></trkpt>
   <trkpt lat="46.4924994" lon="11.0137706"><ele>0.0</ele><time>2024-12-03T22:34:37.600Z</time></trkpt>
   <trkpt lat="46.4924994" lon="11.0137706"><ele>0.0</ele><time>2024-12-03T22:34:37.800Z</time></trkpt>
   <trkpt lat="46.4924994" lon="11.0137706"><ele>0.0</ele><time>2024-12-03T22:34:38.1000Z</time></trkpt>
   <trkpt lat="46.4924994" lon="11.0137706"><ele>0.0</ele><time>2024-12-03T22:34:38.200Z</time></trkpt>
   <trkpt lat="46.4924994" lon="11.0137706"><ele>0.0</ele><time>2024-12-03T22:34:38.400Z</time></trkpt>
   <trkpt lat="46.4924994" lon="11.0137706"><ele>0.0</ele><time>2024-12-03T22:34:38.600Z</time></trkpt>
   <trkpt lat="46.4924994" lon="11.0137706"><ele>0.0</ele><time>2024-12-03T22:34:38.800Z</time></trkpt>
   <trkpt lat="46.4924994" lon="11.0137706"><ele>0.0</ele><time>2024-12-03T22:34:39.1000Z</time></trkpt>
   <trkpt lat="46.4924994" lon="11.0137706"><ele>0.0</ele><time>2024-12-03T22:34:39.200Z</time></trkpt>
   <trkpt lat="46.4924994" lon="11.0137706"><ele>0.0</ele><time>2024-12-03T22:34:39.400Z</time></trkpt>
   <trkpt lat="46.4924994" lon="11.0137706"><ele>0.0</ele><time>2024-12-03T22:34:39.600Z</time></trkpt>
   <trkpt lat="46.4924994" lon="11.0137706"><ele>0.0</ele><time>2024-12-03T22:34:39.800Z</time></trkpt>
   <trkpt lat="46.4924994" lon="11.0137706"><ele>0.0</ele><time>2024-12-03T22:34:40.1000Z</time></trkpt>
   <trkpt lat="46.4924994" lon="11.0137706"><ele>0.0</ele><time>2024-12-03T22:34:40.200Z</time></trkpt>
   <trkpt lat="46.4924994" lon="11.0137706"><ele>0.0</ele><time>2024-12-03T22:34:40.400Z</time></trkpt>
   <trkpt lat="46.4924994" lon="11.0137706"><ele>0.0</ele><time>2024-12-03T22:34:40.600Z</time></trkpt>
   <trkpt lat="46.4924994" lon="11.0137706"><ele>0.0</ele><time>2024-12-03T22:34:40.800Z</time></trkpt>
   <trkpt lat="46.4924994" lon="11.0137706"><ele>0.0</ele><time>2024-12-03T22:34:41.1000Z</time></trkpt>
   <trkpt lat="46.4924994" lon="11.0137706"><ele>0.0</ele><time>2024-12-03T22:34:41.200Z</time></trkpt>
   <trkpt lat="46.4924994" lon="11.0137706"><ele>0.0</ele><time>2024-12-03T22:34:41.400Z</time></trkpt>
   <trkpt lat="46.4924994" lon="11.0137706"><ele>0.0</ele><time>2024-12-03T22:34:41.600Z</time></trkpt>
   <trkpt lat="46.4924994" lon="11.0137706"><ele>0.0</ele><time>2024-12-03T22:34:41.800Z</time></trkpt>
   <trkpt lat="46.4924994" lon="11.0137706"><ele>0.0</ele><time>2024-12-03T22:34:42.1000Z</time></trkpt>
   <trkpt lat="46.4924994" lon="11.0137706"><ele>0.0</ele><time>2024-12-03T22:34:42.200Z</time></trkpt>
   <trkpt lat="46.4924994" lon="11.0137706"><ele>0.0</ele><time>2024-12-03T22:34:42.400Z</time></trkpt>
   <trkpt lat="46.4924994" lon="11.0137706"><ele>0.0</ele><time>2024-12-03T22:34:42.600Z</time></trkpt>
   <trkpt lat="46.4924994" lon="11.0137706"><ele>0.0</ele><time>2024-12-03T22:34:42.800Z</time></trkpt>
   <trkpt lat="46.4924994" lon="11.0137706"><ele>0.0</ele><time>2024-12-03T22:34:43.1000Z</time></trkpt>
   <trkpt lat="46.4924994" lon="11.0137706"><ele>0.0</ele><time>2024-12-03T22:34:43.200Z</time></trkpt>
   <trkpt lat="46.4924994" lon="11.0137706"><ele>0.0</ele><time>2024-12-03T22:34:43.400Z</time></trkpt>
   <trkpt lat="46.4924994" lon="11.0137706"><ele>0.0</ele><time>2024-12-03T22:34:43.600Z</time></trkpt>
   <trkpt lat="46.4924994" lon="11.0137706"><ele>0.0</ele><time>2024-12-03T22:34:43.800Z</time></trkpt>
   <trkpt lat="46.4924994" lon="11.0137706"><ele>0.0</ele><time>2024-12-03T22:34:44.1000Z</time></trkpt>
   <trkpt lat="46.4924994" lon="11.0137706"><ele>0.0</ele><time>2024-12-03T22:34:44.200Z</time></trkpt>
   <trkpt lat="46.4924994" lon="11.0137706"><ele>0.0</ele><time>2024-12-03T22:34:44.400Z</time></trkpt>
   <trkpt lat="46.4924994" lon="11.0137706"><ele>0.0</ele><time>2024-12-03T22:34:44.600Z</time></trkpt>
   <trkpt lat="46.4924994" lon="11.0137706"><ele>0.0</ele><time>2024-12-03T22:34:44.800Z</time></trkpt>
   <trkpt lat="46.4924994" lon="11.0137706"><ele>0.0</ele><time>2024-12-03T22:34:45.1000Z</time></trkpt>
   <trkpt lat="46.4924994" lon="11.0137706"><ele>0.0</ele><time>2024-12-03T22:34:45.200Z</time></trkpt>
   <trkpt lat="46.4924994" lon="11.0137706"><ele>0.0</ele><time>2024-12-03T22:34:45.400Z</time></trkpt>
   <trkpt lat="46.4924994" lon="11.0137706"><ele>0.0</ele><time>2024-12-03T22:34:45.600Z</time></trkpt>
   <trkpt lat="46.4924994" lon="11.0137706"><ele>0.0</ele><time>2024-12-03T22:34:45.800Z</time></trkpt>
   <trkpt lat="46.4924994" lon="11.0137706"><ele>0.0</ele><time>2024-12-03T22:34:46.1000Z</time></trkpt>
   <trkpt lat="46.4924994" lon="11.0137706"><ele>0.0</ele><time>2024-12-03T22:34:46.200Z</time></trkpt>
   <trkpt lat="46.4924994" lon="11.0137706"><ele>0.0</ele><time>2024-12-03T22:34:46.400Z</time></trkpt>
   <trkpt lat="46.4924994" lon="11.0137706"><ele>0.0</ele><time>2024-12-03T22:34:46.600Z</time></trkpt>
   <trkpt lat="46.4924994" lon="11.0137706"><ele>0.0</ele><time>2024-12-03T22:34:46.800Z</time></trkpt>
   <trkpt lat="46.4924994" lon="11.0137706"><ele>0.0</ele><time>2024-12-03T22:34:47.1000Z</time></trkpt>
   <trkpt lat="46.4924994" lon="11.0137706"><ele>0.0</ele><time>2024-12-03T22:34:47.200Z</time></trkpt>
   <trkpt lat="46.4924994" lon="11.0137706"><ele>0.0</ele><time>2024-12-03T22:34:47.400Z</time></trkpt>
   <trkpt lat="46.4924994" lon="11.0137706"><ele>0.0</ele><time>2024-12-03T22:34:47.600Z</time></trkpt>
   <trkpt lat="46.4924994" lon="11.0137706"><ele>0.0</ele><time>2024-12-03T22:34:47.800Z</time></trkpt>
   <trkpt lat="46.4924994" lon="11.0137706"><ele>0.0</ele><time>2024-12-03T22:34:48.1000Z</time></trkpt>
   <trkpt lat="46.4924994" lon="11.0137706"><ele>0.0</ele><time>2024-12-03T22:34:48.200Z</time></trkpt>
   <trkpt lat="46.4924994" lon="11.0137706"><ele>0.0</ele><time>2024-12-03T22:34:48.400Z</time></trkpt>
   <trkpt lat="46.4924994" lon="11.0137706"><ele>0.0</ele><time>2024-12-03T22:34:48.600Z</time></trkpt>
   <trkpt lat="46.4924994" lon="11.0137706"><ele>0.0</ele><time>2024-12-03T22:34:48.800Z</time></trkpt>
   <trkpt lat="46.4924994" lon="11.0137706"><ele>0.0</ele><time>2024-12-03T22:34:49.1000Z</time></trkpt>
   <trkpt lat="46.4924994" lon="11.0137706"><ele>0.0</ele><time>2024-12-03T22:34:49.200Z</time></trkpt>
   <trkpt lat="46.4924994" lon="11.0137706"><ele>0.0</ele><time>2024-12-03T22:34:49.400Z</time></trkpt>
   <trkpt lat="46.4924994" lon="11.0137706"><ele>0.0</ele><time>2024-12-03T22:34:49.600Z</time></trkpt>
   <trkpt lat="46.4924994" lon="11.0137706"><ele>0.0</ele><time>2024-12-03T22:34:49.800Z</time></trkpt>
   <trkpt lat="46.4924994" lon="11.0137706"><ele>0.0</ele><time>2024-12-03T22:34:50.1000Z</time></trkpt>
   <trkpt lat="46.4924994" lon="11.0137706"><ele>0.0</ele><time>2024-12-03T22:34:50.200Z</time></trkpt>
   <trkpt lat="46.4924994" lon="11.0137706"><ele>0.0</ele><time>2024-12-03T22:34:50.400Z</time></trkpt>
   <trkpt lat="46.4924994" lon="11.0137706"><ele>0.0</ele><time>2024-12-03T22:34:50.600Z</time></trkpt>
   <trkpt lat="46.4924994" lon="11.0137706"><ele>0.0</ele><time>2024-12-03T22:34:50.800Z</time></trkpt>
   <trkpt lat="46.4924994" lon="11.0137706"><ele>0.0</ele><time>2024-12-03T22:34:51.1000Z</time></trkpt>
   <trkpt lat="46.4924994" lon="11.0137706"><ele>0.0</ele><time>2024-12-03T22:34:51.200Z</time></trkpt>
   <trkpt lat="46.4924994" lon="11.0137706"><ele>0.0</ele><time>2024-12-03T22:34:51.400Z</time></trkpt>
   <trkpt lat="46.4924994" lon="11.0137706"><ele>0.0</ele><time>2024-12-03T22:34:51.600Z</time></trkpt>
   <trkpt lat="46.4924994" lon="11.0137706"><ele>0.0</ele><time>2024-12-03T22:34:51.800Z</time></trkpt>
   <trkpt lat="46.4924994" lon="11.0137706"><ele>0.0</ele><time>2024-12-03T22:34:52.1000Z</time></trkpt>
   <trkpt lat="46.4924994" lon="11.0137706"><ele>0.0</ele><time>2024-12-03T22:34:52.200Z</time></trkpt>
   <trkpt lat="46.4924994" lon="11.0137706"><ele>0.0</ele><time>2024-12-03T22:34:52.400Z</time></trkpt>
   <trkpt lat="46.4924994" lon="11.0137706"><ele>0.0</ele><time>2024-12-03T22:34:52.600Z</time></trkpt>
   <trkpt lat="46.4924994" lon="11.0137706"><ele>0.0</ele><time>2024-12-03T22:34:52.800Z</time></trkpt>
   <trkpt lat="46.4924990" lon="11.0137863"><ele>0.0</ele><time>2024-12-03T22:34:53.1000Z</time></trkpt>
   <trkpt lat="46.4924976" lon="11.0138018"><ele>0.0</ele><time>2024-12-03T22:34:53.200Z</time></trkpt>
   <trkpt lat="46.4924953" lon="11.0138171"><ele>0.0</ele><time>2024-12-03T22:34:53.400Z</time></trkpt>
   <trkpt lat="46.4924921" lon="11.0138321"><ele>0.0</ele><time>2024-12-03T22:34:53.600Z</time></trkpt>
   <trkpt lat="46.4924880" lon="11.0138466"><ele>0.0</ele><time>2024-12-03T22:34:53.800Z</time></trkpt>
   <trkpt lat="46.4924831" lon="11.0138606"><ele>0.0</ele><time>2024-12-03T22:34:54.1000Z</time></trkpt>
   <trkpt lat="46.4924774" lon="11.0138739"><ele>0.0</ele><time>2024-12-03T22:34:54.200Z</time></trkpt>
   <trkpt lat="46.4924710" lon="11.0138865"><ele>0.0</ele><time>2024-12-03T22:34:54.400Z</time></trkpt>
   <trkpt lat="46.4924638" lon="11.0138982"><ele>0.0</ele><time>2024-12-03T22:34:54.600Z</time></trkpt>
   <trkpt lat="46.4924559" lon="11.0139089"><ele>0.0</ele><time>2024-12-03T22:34:54.800Z</time></trkpt>
   <trkpt lat="46.4924475" lon="11.0139187"><ele>0.0</ele><time>2024-12-03T22:34:55.1000Z</time></trkpt>
   <trkpt lat="46.4924385" lon="11.0139273"><ele>0.0</ele><time>2024-12-03T22:34:55.200Z</time></trkpt>
   <trkpt lat="46.4924290" lon="11.0139348"><ele>0.0</ele><time>2024-12-03T22:34:55.400Z</time></trkpt>
   <trkpt lat="46.4924191" lon="11.0139411"><ele>0.0</ele><time>2024-12-03T22:34:55.600Z</time></trkpt>
   <trkpt lat="46.4924089" lon="11.0139462"><ele>0.0</ele><time>2024-12-03T22:34:55.800Z</time></trkpt>
   <trkpt lat="46.4923984" lon="11.0139500"><ele>0.0</ele><time>2024-12-03T22:34:56.1000Z</time></trkpt>
   <trkpt lat="46.4923878" lon="11.0139524"><ele>0.0</ele><time>2024-12-03T22:34:56.200Z</time></trkpt>
   <trkpt lat="46.4923770" lon="11.0139535"><ele>0.0</ele><time>2024-12-03T22:34:56.400Z</time></trkpt>
   <trkpt lat="46.4923735" lon="11.0139536"><ele>0.0</ele><time>2024-12-03T22:34:56.600Z</time></trkpt>
   <trkpt lat="46.4923519" lon="11.0139536"><ele>0.0</ele><time>2024-12-03T22:34:56.800Z</time></trkpt>
   <trkpt lat="46.4923303" lon="11.0139536"><ele>0.0</ele><time>2024-12-03T22:34:57.1000Z</time></trkpt>
   <trkpt lat="46.4923087" lon="11.0139536"><ele>0.0</ele><time>2024-12-03T22:34:57.200Z</time></trkpt>
   <trkpt lat="46.4922872" lon="11.0139536"><ele>0.0</ele><time>2024-12-03T22:34:57.400Z</time></trkpt>
   <trkpt lat="46.4922656" lon="11.0139536"><ele>0.0</ele><time>2024-12-03T22:34:57.600Z</time></trkpt>
   <trkpt lat="46.4922440" lon="11.0139536"><ele>0.0</ele><time>2024-12-03T22:34:57.800Z</time></trkpt>
   <trkpt lat="46.4922224" lon="11.0139536"><ele>0.0</ele><time>2024-12-03T22:34:58.1000Z</time></trkpt>
   <trkpt lat="46.4922008" lon="11.0139536"><ele>0.0</ele><time>2024-12-03T22:34:58.200Z</time></trkpt>
   <trkpt lat="46.4921792" lon="11.0139536"><ele>0.0</ele><time>2024-12-03T22:34:58.400Z</time></trkpt>
   <trkpt lat="46.4921577" lon="11.0139536"><ele>0.0</ele><time>2024-12-03T22:34:58.600Z</time></trkpt>
   <trkpt lat="46.4921361" lon="11.0139536"><ele>0.0</ele><time>2024-12-03T22:34:58.800Z</time></trkpt>
   <trkpt lat="46.4921145" lon="11.0139536"><ele>0.0</ele><time>2024-12-03T22:34:59.1000Z</time></trkpt>
   <trkpt lat="46.4920929" lon="11.0139536"><ele>0.0</ele><time>2024-12-03T22:34:59.200Z</time></trkpt>
   <trkpt lat="46.4920713" lon="11.0139536"><ele>0.0</ele><time>2024-12-03T22:34:59.400Z</time></trkpt>
   <trkpt lat="46.4920497" lon="11.0139536"><ele>0.0</ele><time>2024-12-03T22:34:59.600Z</time></trkpt>
   <trkpt lat="46.4920282" lon="11.0139536"><ele>0.0</ele><time>2024-12-03T22:34:59.800Z</time></trkpt>
   <trkpt lat="46.4920066" lon="11.0139536"><ele>0.0</ele><time>2024-12-03T22:35:00.1000Z</time></trkpt>
   <trkpt lat="46.4919850" lon="11.0139536"><ele>0.0</ele><time>2024-12-03T22:35:00.200Z</time></trkpt>
   <trkpt lat="46.4919634" lon="11.0139536"><ele>0.0</ele><time>2024-12-03T22:35:00.400Z</time></trkpt>
   <trkpt lat="46.4919418" lon="11.0139536"><ele>0.0</ele><time>2024-12-03T22:35:00.600Z</time></trkpt>
   <trkpt lat="46.4919202" lon="11.0139536"><ele>0.0</ele><time>2024-12-03T22:35:00.800Z</time></trkpt>
   <trkpt lat="46.4918987" lon="11.0139536"><ele>0.0</ele><time>2024-12-03T22:35:01.1000Z</time></trkpt>
   <trkpt lat="46.4918771" lon="11.0139536"><ele>0.0</ele><time>2024-12-03T22:35:01.200Z</time></trkpt>
   <trkpt lat="46.4918555" lon="11.0139536"><ele>0.0</ele><time>2024-12-03T22:35:01.400Z</time></trkpt>
   <trkpt lat="46.4918339" lon="11.0139536"><ele>0.0</ele><time>2024-12-03T22:35:01.600Z</time></trkpt>
   <trkpt lat="46.4918123" lon="11.0139536"><ele>0.0</ele><time>2024-12-03T22:35:01.800Z</time></trkpt>
   <trkpt lat="46.4917907" lon="11.0139536"><ele>0.0</ele><time>2024-12-03T22:35:02.1000Z</time></trkpt>
   <trkpt lat="46.4917692" lon="11.0139536"><ele>0.0</ele><time>2024-12-03T22:35:02.200Z</time></trkpt>
   <trkpt lat="46.4917476" lon="11.0139536"><ele>0.0</ele><time>2024-12-03T22:35:02.400Z</time></trkpt>
   <trkpt lat="46.4917260" lon="11.0139536"><ele>0.0</ele><time>2024-12-03T22:35:02.600Z</time></trkpt>
   <trkpt lat="46.4917044" lon="11.0139536"><ele>0.0</ele><time>2024-12-03T22:35:02.800Z</time></trkpt>
   <trkpt lat="46.4916828" lon="11.0139536"><ele>0.0</ele><time>2024-12-03T22:35:03.1000Z</time></trkpt>
   <trkpt lat="46.4916612" lon="11.0139536"><ele>0.0</ele><time>2024-12-03T22:35:03.200Z</time></trkpt>
   <trkpt lat="46.4916397" lon="11.0139536"><ele>0.0</ele><time>2024-12-03T22:35:03.400Z</time></trkpt>
   <trkpt lat="46.4916181" lon="11.0139536"><ele>0.0</ele><time>2024-12-03T22:35:03.600Z</time></trkpt>
   <trkpt lat="46.4915965" lon="11.0139536"><ele>0.0</ele><time>2024-12-03T22:35:03.800Z</time></trkpt>
   <trkpt lat="46.4915749" lon="11.0139536"><ele>0.0</ele><time>2024-12-03T22:35:04.1000Z</time></trkpt>
   <trkpt lat="46.4915533" lon="11.0139536"><ele>0.0</ele><time>2024-12-03T22:35:04.200Z</time></trkpt>
   <trkpt lat="46.4915317" lon="11.0139536"><ele>0.0</ele><time>2024-12-03T22:35:04.400Z</time></trkpt>
   <trkpt lat="46.4915101" lon="11.0139536"><ele>0.0</ele><time>2024-12-03T22:35:04.600Z</time></trkpt>
   <trkpt lat="46.4914886" lon="11.0139536"><ele>0.0</ele><time>2024-12-03T22:35:04.800Z</time></trkpt>
   <trkpt lat="46.4914670" lon="11.0139536"><ele>0.0</ele><time>2024-12-03T22:35:05.1000Z</time></trkpt>
   <trkpt lat="46.4914454" lon="11.0139536"><ele>0.0</ele><time>2024-12-03T22:35:05.200Z</time></trkpt>
   <trkpt lat="46.4914238" lon="11.0139536"><ele>0.0</ele><time>2024-12-03T22:35:05.400Z</time></trkpt>
   <trkpt lat="46.4914022" lon="11.0139536"><ele>0.0</ele><time>2024-12-03T22:35:05.600Z</time></trkpt>
   <trkpt lat="46.4913806" lon="11.0139536"><ele>0.0</ele><time>2024-12-03T22:35:05.800Z</time></trkpt>
   <trkpt lat="46.4913591" lon="11.0139536"><ele>0.0</ele><time>2024-12-03T22:35:06.1000Z</time></trkpt>
   <trkpt lat="46.4913375" lon="11.0139536"><ele>0.0</ele><time>2024-12-03T22:35:06.200Z</time></trkpt>
   <trkpt lat="46.4913159" lon="11.0139536"><ele>0.0</ele><time>2024-12-03T22:35:06.400Z</time></trkpt>
   <trkpt lat="46.4912943" lon="11.0139536"><ele>0.0</ele><time>2024-12-03T22:35:06.600Z</time></trkpt>
   <trkpt lat="46.4912727" lon="11.0139536"><ele>0.0</ele><time>2024-12-03T22:35:06.800Z</time></trkpt>
   <trkpt lat="46.4912511" lon="11.0139536"><ele>0.0</ele><time>2024-12-03T22:35:07.1000Z</time></trkpt>
   <trkpt lat="46.4912296" lon="11.0139536"><ele>0.0</ele><time>2024-12-03T22:35:07.200Z</time></trkpt>
   <trkpt lat="46.4912080" lon="11.0139536"><ele>0.0</ele><time>2024-12-03T22:35:07.400Z</time></trkpt>
   <trkpt lat="46.4911864" lon="11.0139536"><ele>0.0</ele><time>2024-12-03T22:35:07.600Z</time></trkpt>
   <trkpt lat="46.4911648" lon="11.0139536"><ele>0.0</ele><time>2024-12-03T22:35:07.800Z</time></trkpt>
   <trkpt lat="46.4911432" lon="11.0139536"><ele>0.0</ele><time>2024-12-03T22:35:08.1000Z</time></trkpt>
   <trkpt lat="46.4911216" lon="11.0139536"><ele>0.0</ele><time>2024-12-03T22:35:08.200Z</time></trkpt>
   <trkpt lat="46.4911001" lon="11.0139536"><ele>0.0</ele><time>2024-12-03T22:35:08.400Z</time></trkpt>
   <trkpt lat="46.4910785" lon="11.0139536"><ele>0.0</ele><time>2024-12-03T22:35:08.600Z</time></trkpt>
   <trkpt lat="46.4910569" lon="11.0139536"><ele>0.0</ele><time>2024-12-03T22:35:08.800Z</time></trkpt>
   <trkpt lat="46.4910353" lon="11.0139536"><ele>0.0</ele><time>2024-12-03T22:35:09.1000Z</time></trkpt>
   <trkpt lat="46.4910137" lon="11.0139536"><ele>0.0</ele><time>2024-12-03T22:35:09.200Z</time></trkpt>
   <trkpt lat="46.4909921" lon="11.0139536"><ele>0.0</ele><time>2024-12-03T22:35:09.400Z</time></trkpt>
   <trkpt lat="46.4909706" lon="11.0139536"><ele>0.0</ele><time>2024-12-03T22:35:09.600Z</time></trkpt>
   <trkpt lat="46.4909490" lon="11.0139536"><ele>0.0</ele><time>2024-12-03T22:35:09.800Z</time></trkpt>
   <trkpt lat="46.4909274" lon="11.0139536"><ele>0.0</ele><time>2024-12-03T22:35:10.1000Z</time></trkpt>
   <trkpt lat="46.4909058" lon="11.0139536"><ele>0.0</ele><time>2024-12-03T22:35:10.200Z</time></trkpt>
   <trkpt lat="46.4908842" lon="11.0139536"><ele>0.0</ele><time>2024-12-03T22:35:10.400Z</time></trkpt>
   <trkpt lat="46.4908626" lon="11.0139536"><ele>0.0</ele><time>2024-12-03T22:35:10.600Z</time></trkpt>
   <trkpt lat="46.4908411" lon="11.0139536"><ele>0.0</ele><time>2024-12-03T22:35:10.800Z</time></trkpt>
   <trkpt lat="46.4908195" lon="11.0139536"><ele>0.0</ele><time>2024-12-03T22:35:11.1000Z</time></trkpt>
   <trkpt lat="46.4907979" lon="11.0139536"><ele>0.0</ele><time>2024-12-03T22:35:11.200Z</time></trkpt>
   <trkpt lat="46.4907763" lon="11.0139536"><ele>0.0</ele><time>2024-12-03T22:35:11.400Z</time></trkpt>
   <trkpt lat="46.4907547" lon="11.0139536"><ele>0.0</ele><time>2024-12-03T22:35:11.600Z</time></trkpt>
   <trkpt lat="46.4907331" lon="11.0139536"><ele>0.0</ele><time>2024-12-03T22:35:11.800Z</time></trkpt>
   <trkpt lat="46.4907116" lon="11.0139536"><ele>0.0</ele><time>2024-12-03T22:35:12.1000Z</time></trkpt>
   <trkpt lat="46.4906900" lon="11.0139536"><ele>0.0</ele><time>2024-12-03T22:35:12.200Z</time></trkpt>
   <trkpt lat="46.4906684" lon="11.0139536"><ele>0.0</ele><time>2024-12-03T22:35:12.400Z</time></trkpt>
   <trkpt lat="46.4906468" lon="11.0139536"><ele>0.0</ele><time>2024-12-03T22:35:12.600Z</time></trkpt>
   <trkpt lat="46.4906252" lon="11.0139536"><ele>0.0</ele><time>2024-12-03T22:35:12.800Z</time></trkpt>
   <trkpt lat="46.4906036" lon="11.0139536"><ele>0.0</ele><time>2024-12-03T22:35:13.1000Z</time></trkpt>
   <trkpt lat="46.4905821" lon="11.0139536"><ele>0.0</ele><time>2024-12-03T22:35:13.200Z</time></trkpt>
   <trkpt lat="46.4905605" lon="11.0139536"><ele>0.0</ele><time>2024-12-03T22:35:13.400Z</time></trkpt>
   <trkpt lat="46.4905389" lon="11.0139536"><ele>0.0</ele><time>2024-12-03T22:35:13.600Z</time></trkpt>
   <trkpt lat="46.4905173" lon="11.0139536"><ele>0.0</ele><time>2024-12-03T22:35:13.800Z</time></trkpt>
   <trkpt lat="46.4904957" lon="11.0139536"><ele>0.0</ele><time>2024-12-03T22:35:14.1000Z</time></trkpt>
   <trkpt lat="46.4904741" lon="11.0139536"><ele>0.0</ele><time>2024-12-03T22:35:14.200Z</time></trkpt>
   <trkpt lat="46.4904525" lon="11.0139536"><ele>0.0</ele><time>2024-12-03T22:35:14.400Z</time></trkpt>
   <trkpt lat="46.4904310" lon="11.0139536"><ele>0.0</ele><time>2024-12-03T22:35:14.600Z</time></trkpt>
   <trkpt lat="46.4904094" lon="11.0139536"><ele>0.0</ele><time>2024-12-03T22:35:14.800Z</time></trkpt>
   <trkpt lat="46.4903878" lon="11.0139536"><ele>0.0</ele><time>2024-12-03T22:35:15.1000Z</time></trkpt>
   <trkpt lat="46.4903662" lon="11.0139536"><ele>0.0</ele><time>2024-12-03T22:35:15.200Z</time></trkpt>
   <trkpt lat="46.4903446" lon="11.0139536"><ele>0.0</ele><time>2024-12-03T22:35:15.400Z</time></trkpt>
   <trkpt lat="46.4903230" lon="11.0139536"><ele>0.0</ele><time>2024-12-03T22:35:15.600Z</time></trkpt>
   <trkpt lat="46.4903015" lon="11.0139536"><ele>0.0</ele><time>2024-12-03T22:35:15.800Z</time></trkpt>
   <trkpt lat="46.4902799" lon="11.0139536"><ele>0.0</ele><time>2024-12-03T22:35:16.1000Z</time></trkpt>
   <trkpt lat="46.4902583" lon="11.0139536"><ele>0.0</ele><time>2024-12-03T22:35:16.200Z</time></trkpt>
   <trkpt lat="46.4902367" lon="11.0139536"><ele>0.0</ele><time>2024-12-03T22:35:16.400Z</time></trkpt>
   <trkpt lat="46.4902151" lon="11.0139536"><ele>0.0</ele><time>2024-12-03T22:35:16.600Z</time></trkpt>
   <trkpt lat="46.4901935" lon="11.0139536"><ele>0.0</ele><time>2024-12-03T22:35:16.800Z</time></trkpt>
   <trkpt lat="46.4901720" lon="11.0139536"><ele>0.0</ele><time>2024-12-03T22:35:17.1000Z</time></trkpt>
   <trkpt lat="46.4901504" lon="11.0139536"><ele>0.0</ele><time>2024-12-03T22:35:17.200Z</time></trkpt>
   <trkpt lat="46.4901288" lon="11.0139536"><ele>0.0</ele><time>2024-12-03T22:35:17.400Z</time></trkpt>
   <trkpt lat="46.4901252" lon="11.0139536"><ele>0.0</ele><time>2024-12-03T22:35:17.600Z</time></trkpt>
   <trkpt lat="46.4901252" lon="11.0139536"><ele>0.0</ele><time>2024-12-03T22:35:17.800Z</time></trkpt>
   <trkpt lat="46.4901252" lon="11.0139536"><ele>0.0</ele><time>2024-12-03T22:35:18.1000Z</time></trkpt>
   <trkpt lat="46.4901252" lon="11.0139536"><ele>0.0</ele><time>2024-12-03T22:35:18.200Z</time></trkpt>
   <trkpt lat="46.4901252" lon="11.0139536"><ele>0.0</ele><time>2024-12-03T22:35:18.400Z</time></trkpt>
   <trkpt lat="46.4901252" lon="11.0139536"><ele>0.0</ele><time>2024-12-03T22:35:18.600Z</time></trkpt>
   <trkpt lat="46.4901252" lon="11.0139536"><ele>0.0</ele><time>2024-12-03T22:35:18.800Z</time></trkpt>
   <trkpt lat="46.4901252" lon="11.0139536"><ele>0.0</ele><time>2024-12-03T22:35:19.1000Z</time></trkpt>
   <trkpt lat="46.4901252" lon="11.0139536"><ele>0.0</ele><time>2024-12-03T22:35:19.200Z</time></trkpt>
   <trkpt lat="46.4901252" lon="11.0139536"><ele>0.0</ele><time>2024-12-03T22:35:19.400Z</time></trkpt>
   <trkpt lat="46.4901252" lon="11.0139536"><ele>0.0</ele><time>2024-12-03T22:35:19.600Z</time></trkpt>
   <trkpt lat="46.4901252" lon="11.0139536"><ele>0.0</ele><time>2024-12-03T22:35:19.800Z</time></trkpt>
   <trkpt lat="46.4901252" lon="11.0139536"><ele>0.0</ele><time>2024-12-03T22:35:20.1000Z</time></trkpt>
   <trkpt lat="46.4901252" lon="11.0139536"><ele>0.0</ele><time>2024-12-03T22:35:20.200Z</time></trkpt>
   <trkpt lat="46.4901252" lon="11.0139536"><ele>0.0</ele><time>2024-12-03T22:35:20.400Z</time></trkpt>
   <trkpt lat="46.4901252" lon="11.0139536"><ele>0.0</ele><time>2024-12-03T22:35:20.600Z</time></trkpt>
   <trkpt lat="46.4901252" lon="11.0139536"><ele>0.0</ele><time>2024-12-03T22:35:20.800Z</time></trkpt>
   <trkpt lat="46.4901252" lon="11.0139536"><ele>0.0</ele><time>2024-12-03T22:35:21.1000Z</time></trkpt>
   <trkpt lat="46.4901252" lon="11.0139536"><ele>0.0</ele><time>2024-12-03T22:35:21.200Z</time></trkpt>
   <trkpt lat="46.4901252" lon="11.0139536"><ele>0.0</ele><time>2024-12-03T22:35:21.400Z</time></trkpt>
   <trkpt lat="46.4901252" lon="11.0139536"><ele>0.0</ele><time>2024-12-03T22:35:21.600Z</time></trkpt>
   <trkpt lat="46.4901252" lon="11.0139536"><ele>0.0</ele><time>2024-12-03T22:35:21.800Z</time></trkpt>
   <trkpt lat="46.4901252" lon="11.0139536"><ele>0.0</ele><time>2024-12-03T22:35:22.1000Z</time></trkpt>
   <trkpt lat="46.4901252" lon="11.0139536"><ele>0.0</ele><time>2024-12-03T22:35:22.200Z</time></trkpt>
   <trkpt lat="46.4901252" lon="11.0139536"><ele>0.0</ele><time>2024-12-03T22:35:22.400Z</time></trkpt>
   <trkpt lat="46.4901252" lon="11.0139536"><ele>0.0</ele><time>2024-12-03T22:35:22.600Z</time></trkpt>
   <trkpt lat="46.4901252" lon="11.0139536"><ele>0.0</ele><time>2024-12-03T22:35:22.800Z</time></trkpt>
   <trkpt lat="46.4901252" lon="11.0139536"><ele>0.0</ele><time>2024-12-03T22:35:23.1000Z</time></trkpt>
   <trkpt lat="46.4901252" lon="11.0139536"><ele>0.0</ele><time>2024-12-03T22:35:23.200Z</time></trkpt>
   <trkpt lat="46.4901252" lon="11.0139536"><ele>0.0</ele><time>2024-12-03T22:35:23.400Z</time></trkpt>
   <trkpt lat="46.4901252" lon="11.0139536"><ele>0.0</ele><time>2024-12-03T22:35:23.600Z</time></trkpt>
   <trkpt lat="46.4901252" lon="11.0139536"><ele>0.0</ele><time>2024-12-03T22:35:23.800Z</time></trkpt>
   <trkpt lat="46.4901252" lon="11.0139536"><ele>0.0</ele><time>2024-12-03T22:35:24.1000Z</time></trkpt>
   <trkpt lat="46.4901252" lon="11.0139536"><ele>0.0</ele><time>2024-12-03T22:35:24.200Z</time></trkpt>
   <trkpt lat="46.4901252" lon="11.0139536"><ele>0.0</ele><time>2024-12-03T22:35:24.400Z</time></trkpt>
   <trkpt lat="46.4901252" lon="11.0139536"><ele>0.0</ele><time>2024-12-03T22:35:24.600Z</time></trkpt>
   <trkpt lat="46.4901252" lon="11.0139536"><ele>0.0</ele><time>2024-12-03T22:35:24.800Z</time></trkpt>
   <trkpt lat="46.4901252" lon="11.0139536"><ele>0.0</ele><time>2024-12-03T22:35:25.1000Z</time></trkpt>
   <trkpt lat="46.4901252" lon="11.0139536"><ele>0.0</ele><time>2024-12-03T22:35:25.200Z</time></trkpt>
   <trkpt lat="46.4901252" lon="11.0139536"><ele>0.0</ele><time>2024-12-03T22:35:25.400Z</time></trkpt>
   <trkpt lat="46.4901252" lon="11.0139536"><ele>0.0</ele><time>2024-12-03T22:35:25.600Z</time></trkpt>
   <trkpt lat="46.4901252" lon="11.0139536"><ele>0.0</ele><time>2024-12-03T22:35:25.800Z</time></trkpt>
   <trkpt lat="46.4901252" lon="11.0139536"><ele>0.0</ele><time>2024-12-03T22:35:26.1000Z</time></trkpt>
   <trkpt lat="46.4901252" lon="11.0139536"><ele>0.0</ele><time>2024-12-03T22:35:26.200Z</time></trkpt>
   <trkpt lat="46.4901252" lon="11.0139536"><ele>0.0</ele><time>2024-12-03T22:35:26.400Z</time></trkpt>
   <trkpt lat="46.4901252" lon="11.0139536"><ele>0.0</ele><time>2024-12-03T22:35:26.600Z</time></trkpt>
   <trkpt lat="46.4901252" lon="11.0139536"><ele>0.0</ele><time>2024-12-03T22:35:26.800Z</time></trkpt>
   <trkpt lat="46.4901252" lon="11.0139536"><ele>0.0</ele><time>2024-12-03T22:35:27.1000Z</time></trkpt>
   <trkpt lat="46.4901252" lon="11.0139536"><ele>0.0</ele><time>2024-12-03T22:35:27.200Z</time></trkpt>
   <trkpt lat="46.4901252" lon="11.0139536"><ele>0.0</ele><time>2024-12-03T22:35:27.400Z</time></trkpt>
   <trkpt lat="46.4901252" lon="11.0139536"><ele>0.0</ele><time>2024-12-03T22:35:27.600Z</time></trkpt>
   <trkpt lat="46.4901252" lon="11.0139536"><ele>0.0</ele><time>2024-12-03T22:35:27.800Z</time></trkpt>
   <trkpt lat="46.4901252" lon="11.0139536"><ele>0.0</ele><time>2024-12-03T22:35:28.1000Z</time></trkpt>
   <trkpt lat="46.4901252" lon="11.0139536"><ele>0.0</ele><time>2024-12-03T22:35:28.200Z</time></trkpt>
   <trkpt lat="46.4901252" lon="11.0139536"><ele>0.0</ele><time>2024-12-03T22:35:28.400Z</time></trkpt>
   <trkpt lat="46.4901252" lon="11.0139536"><ele>0.0</ele><time>2024-12-03T22:35:28.600Z</time></trkpt>
   <trkpt lat="46.4901252" lon="11.0139536"><ele>0.0</ele><time>2024-12-03T22:35:28.800Z</time></trkpt>
   <trkpt lat="46.4901252" lon="11.0139536"><ele>0.0</ele><time>2024-12-03T22:35:29.1000Z</time></trkpt>
   <trkpt lat="46.4901252" lon="11.0139536"><ele>0.0</ele><time>2024-12-03T22:35:29.200Z</time></trkpt>
   <trkpt lat="46.4901252" lon="11.0139536"><ele>0.0</ele><time>2024-12-03T22:35:29.400Z</time></trkpt>
   <trkpt lat="46.4901252" lon="11.0139536"><ele>0.0</ele><time>2024-12-03T22:35:29.600Z</time></trkpt>
   <trkpt lat="46.4901252" lon="11.0139536"><ele>0.0</ele><time>2024-12-03T22:35:29.800Z</time></trkpt>
   <trkpt lat="46.4901252" lon="11.0139536"><ele>0.0</ele><time>2024-12-03T22:35:30.1000Z</time></trkpt>
   <trkpt lat="46.4901252" lon="11.0139536"><ele>0.0</ele><time>2024-12-03T22:35:30.200Z</time></trkpt>
   <trkpt lat="46.4901252" lon="11.0139536"><ele>0.0</ele><time>2024-12-03T22:35:30.400Z</time></trkpt>
   <trkpt lat="46.4901252" lon="11.0139536"><ele>0.0</ele><time>2024-12-03T22:35:30.600Z</time></trkpt>
   <trkpt lat="46.4901252" lon="11.0139536"><ele>0.0</ele><time>2024-12-03T22:35:30.800Z</time></trkpt>
   <trkpt lat="46.4901252" lon="11.0139536"><ele>0.0</ele><time>2024-12-03T22:35:31.1000Z</time></trkpt>
   <trkpt lat="46.4901252" lon="11.0139536"><ele>0.0</ele><time>2024-12-03T22:35:31.200Z</time></trkpt>
   <trkpt lat="46.4901252" lon="11.0139536"><ele>0.0</ele><time>2024-12-03T22:35:31.400Z</time></trkpt>
   <trkpt lat="46.4901252" lon="11.0139536"><ele>0.0</ele><time>2024-12-03T22:35:31.600Z</time></trkpt>
   <trkpt lat="46.4901252" lon="11.0139536"><ele>0.0</ele><time>2024-12-03T22:35:31.800Z</time></trkpt>
   <trkpt lat="46.4901252" lon="11.0139536"><ele>0.0</ele><time>2024-12-03T22:35:32.1000Z</time></trkpt>
   <trkpt lat="46.4901252" lon="11.0139536"><ele>0.0</ele><time>2024-12-03T22:35:32.200Z</time></trkpt>
   <trkpt lat="46.4901252" lon="11.0139536"><ele>0.0</ele><time>2024-12-03T22:35:32.400Z</time></trkpt>
   <trkpt lat="46.4901252" lon="11.0139536"><ele>0.0</ele><time>2024-12-03T22:35:32.600Z</time></trkpt>
   <trkpt lat="46.4901252" lon="11.0139536"><ele>0.0</ele><time>2024-12-03T22:35:32.800Z</time></trkpt>
   <trkpt lat="46.4901252" lon="11.0139536"><ele>0.0</ele><time>2024-12-03T22:35:33.1000Z</time></trkpt>
   <trkpt lat="46.4901252" lon="11.0139536"><ele>0.0</ele><time>2024-12-03T22:35:33.200Z</time></trkpt>
   <trkpt lat="46.4901252" lon="11.0139536"><ele>0.0</ele><time>2024-12-03T22:35:33.400Z</time></trkpt>
   <trkpt lat="46.4901252" lon="11.0139536"><ele>0.0</ele><time>2024-12-03T22:35:33.600Z</time></trkpt>
   <trkpt lat="46.4901252" lon="11.0139536"><ele>0.0</ele><time>2024-12-03T22:35:33.800Z</time></trkpt>
   <trkpt lat="46.4901252" lon="11.0139536"><ele>0.0</ele><time>2024-12-03T22:35:34.1000Z</time></trkpt>
   <trkpt lat="46.4901252" lon="11.0139536"><ele>0.0</ele><time>2024-12-03T22:35:34.200Z</time></trkpt>
   <trkpt lat="46.4901252" lon="11.0139536"><ele>0.0</ele><time>2024-12-03T22:35:34.400Z</time></trkpt>
   <trkpt lat="46.4901252" lon="11.0139536"><ele>0.0</ele><time>2024-12-03T22:35:34.600Z</time></trkpt>
   <trkpt lat="46.4901252" lon="11.0139536"><ele>0.0</ele><time>2024-12-03T22:35:34.800Z</time></trkpt>
   <trkpt lat="46.4901252" lon="11.0139536"><ele>0.0</ele><time>2024-12-03T22:35:35.1000Z</time></trkpt>
   <trkpt lat="46.4901252" lon="11.0139536"><ele>0.0</ele><time>2024-12-03T22:35:35.200Z</time></trkpt>
   <trkpt lat="46.4901252" lon="11.0139536"><ele>0.0</ele><time>2024-12-03T22:35:35.400Z</time></trkpt>
   <trkpt lat="46.4901252" lon="11.0139536"><ele>0.0</ele><time>2024-12-03T22:35:35.600Z</time></trkpt>
   <trkpt lat="46.4901144" lon="11.0139542"><ele>0.0</ele><time>2024-12-03T22:35:35.800Z</time></trkpt>
   <trkpt lat="46.4901037" lon="11.0139563"><ele>0.0</ele><time>2024-12-03T22:35:36.1000Z</time></trkpt>
   <trkpt lat="46.4900932" lon="11.0139596"><ele>0.0</ele><time>2024-12-03T22:35:36.200Z</time></trkpt>
   <trkpt lat="46.4900829" lon="11.0139642"><ele>0.0</ele><time>2024-12-03T22:35:36.400Z</time></trkpt>
   <trkpt lat="46.4900729" lon="11.0139701"><ele>0.0</ele><time>2024-12-03T22:35:36.600Z</time></trkpt>
   <trkpt lat="46.4900632" lon="11.0139772"><ele>0.0</ele><time>2024-12-03T22:35:36.800Z</time></trkpt>
   <trkpt lat="46.4900541" lon="11.0139855"><ele>0.0</ele><time>2024-12-03T22:35:37.1000Z</time></trkpt>
   <trkpt lat="46.4900454" lon="11.0139949"><ele>0.0</ele><time>2024-12-03T22:35:37.200Z</time></trkpt>
   <trkpt lat="46.4900374" lon="11.0140054"><ele>0.0</ele><time>2024-12-03T22:35:37.400Z</time></trkpt>
   <trkpt lat="46.4900300" lon="11.0140168"><ele>0.0</ele><time>2024-12-03T22:35:37.600Z</time></trkpt>
   <trkpt lat="46.4900233" lon="11.0140291"><ele>0.0</ele><time>2024-12-03T22:35:37.800Z</time></trkpt>
   <trkpt lat="46.4900173" lon="11.0140421"><ele>0.0</ele><time>2024-12-03T22:35:38.1000Z</time></trkpt>
   <trkpt lat="46.4900122" lon="11.0140559"><ele>0.0</ele><time>2024-12-03T22:35:38.200Z</time></trkpt>
   <trkpt lat="46.4900078" lon="11.0140702"><ele>0.0</ele><time>2024-12-03T22:35:38.400Z</time></trkpt>
   <trkpt lat="46.4900043" lon="11.0140851"><ele>0.0</ele><time>2024-12-03T22:35:38.600Z</time></trkpt>
   <trkpt lat="46.4900017" lon="11.0141003"><ele>0.0</ele><time>2024-12-03T22:35:38.800Z</time></trkpt>
   <trkpt lat="46.4900001" lon="11.0141158"><ele>0.0</ele><time>2024-12-03T22:35:39.1000Z</time></trkpt>
   <trkpt lat="46.4899993" lon="11.0141314"><ele>0.0</ele><time>2024-12-03T22:35:39.200Z</time></trkpt>
   <trkpt lat="46.4899993" lon="11.0141365"><ele>0.0</ele><time>2024-12-03T22:35:39.400Z</time></trkpt>
   <trkpt lat="46.4899993" lon="11.0141679"><ele>0.0</ele><time>2024-12-03T22:35:39.600Z</time></trkpt>
   <trkpt lat="46.4899993" lon="11.0141992"><ele>0.0</ele><time>2024-12-03T22:35:39.800Z</time></trkpt>
   <trkpt lat="46.4899993" lon="11.0142306"><ele>0.0</ele><time>2024-12-03T22:35:40.1000Z</time></trkpt>
   <trkpt lat="46.4899993" lon="11.0142620"><ele>0.0</ele><time>2024-12-03T22:35:40.200Z</time></trkpt>
   <trkpt lat="46.4899993" lon="11.0142933"><ele>0.0</ele><time>2024-12-03T22:35:40.400Z</time></trkpt>
   <trkpt lat="46.4899993" lon="11.0143247"><ele>0.0</ele><time>2024-12-03T22:35:40.600Z</time></trkpt>
   <trkpt lat="46.4899993" lon="11.0143560"><ele>0.0</ele><time>2024-12-03T22:35:40.800Z</time></trkpt>
   <trkpt lat="46.4899993" lon="11.0143874"><ele>0.0</ele><time>2024-12-03T22:35:41.1000Z</time></trkpt>
   <trkpt lat="46.4899993" lon="11.0144187"><ele>0.0</ele><time>2024-12-03T22:35:41.200Z</time></trkpt>
   <trkpt lat="46.4899993" lon="11.0144501"><ele>0.0</ele><time>2024-12-03T22:35:41.400Z</time></trkpt>
   <trkpt lat="46.4899993" lon="11.0144814"><ele>0.0</ele><time>2024-12-03T22:35:41.600Z</time></trkpt>
   <trkpt lat="46.4899993" lon="11.0145128"><ele>0.0</ele><time>2024-12-03T22:35:41.800Z</time></trkpt>
   <trkpt lat="46.4899993" lon="11.0145442"><ele>0.0</ele><time>2024-12-03T22:35:42.1000Z</time></trkpt>
   <trkpt lat="46.4899993" lon="11.0145755"><ele>0.0</ele><time>2024-12-03T22:35:42.200Z</time></trkpt>
   <trkpt lat="46.4899993" lon="11.0146069"><ele>0.0</ele><time>2024-12-03T22:35:42.400Z</time></trkpt>
   <trkpt lat="46.4899993" lon="11.0146382"><ele>0.0</ele><time>2024-12-03T22:35:42.600Z</time></trkpt>
   <trkpt lat="46.4899993" lon="11.0146696"><ele>0.0</ele><time>2024-12-03T22:35:42.800Z</time></trkpt>
   <trkpt lat="46.4899993" lon="11.0147009"><ele>0.0</ele><time>2024-12-03T22:35:43.1000Z</time></trkpt>
   <trkpt lat="46.4899993" lon="11.0147323"><ele>0.0</ele><time>2024-12-03T22:35:43.200Z</time></trkpt>
   <trkpt lat="46.4899993" lon="11.0147636"><ele>0.0</ele><time>2024-12-03T22:35:43.400Z</time></trkpt>
   <trkpt lat="46.4899993" lon="11.0147950"><ele>0.0</ele><time>2024-12-03T22:35:43.600Z</time></trkpt>
   <trkpt lat="46.4899993" lon="11.0148264"><ele>0.0</ele><time>2024-12-03T22:35:43.800Z</time></trkpt>
   <trkpt lat="46.4899993" lon="11.0148577"><ele>0.0</ele><time>2024-12-03T22:35:44.1000Z</time></trkpt>
   <trkpt lat="46.4899993" lon="11.0148891"><ele>0.0</ele><time>2024-12-03T22:35:44.200Z</time></trkpt>
   <trkpt lat="46.4899993" lon="11.0149204"><ele>0.0</ele><time>2024-12-03T22:35:44.400Z</time></trkpt>
   <trkpt lat="46.4899993" lon="11.0149518"><ele>0.0</ele><time>2024-12-03T22:35:44.600Z</time></trkpt>
   <trkpt lat="46.4899993" lon="11.0149831"><ele>0.0</ele><time>2024-12-03T22:35:44.800Z</time></trkpt>
   <trkpt lat="46.4899993" lon="11.0150145"><ele>0.0</ele><time>2024-12-03T22:35:45.1000Z</time></trkpt>
   <trkpt lat="46.4899993" lon="11.0150458"><ele>0.0</ele><time>2024-12-03T22:35:45.200Z</time></trkpt>
   <trkpt lat="46.4899993" lon="11.0150772"><ele>0.0</ele><time>2024-12-03T22:35:45.400Z</time></trkpt>
   <trkpt lat="46.4899993" lon="11.0151086"><ele>0.0</ele><time>2024-12-03T22:35:45.600Z</time></trkpt>
   <trkpt lat="46.4899993" lon="11.0151399"><ele>0.0</ele><time>2024-12-03T22:35:45.800Z</time></trkpt>
   <trkpt lat="46.4899993" lon="11.0151713"><ele>0.0</ele><time>2024-12-03T22:35:46.1000Z</time></trkpt>
   <trkpt lat="46.4899993" lon="11.0152026"><ele>0.0</ele><time>2024-12-03T22:35:46.200Z</time></trkpt>
   <trkpt lat="46.4899993" lon="11.0152340"><ele>0.0</ele><time>2024-12-03T22:35:46.400Z</time></trkpt>
   <trkpt lat="46.4899993" lon="11.0152653"><ele>0.0</ele><time>2024-12-03T22:35:46.600Z</time></trkpt>
   <trkpt lat="46.4899993" lon="11.0152967"><ele>0.0</ele><time>2024-12-03T22:35:46.800Z</time></trkpt>
   <trkpt lat="46.4899993" lon="11.0153280"><ele>0.0</ele><time>2024-12-03T22:35:47.1000Z</time></trkpt>
   <trkpt lat="46.4899993" lon="11.0153594"><ele>0.0</ele><time>2024-12-03T22:35:47.200Z</time></trkpt>
   <trkpt lat="46.4899993" lon="11.0153908"><ele>0.0</ele><time>2024-12-03T22:35:47.400Z</time></trkpt>
   <trkpt lat="46.4899993" lon="11.0154221"><ele>0.0</ele><time>2024-12-03T22:35:47.600Z</time></trkpt>
   <trkpt lat="46.4899993" lon="11.0154535"><ele>0.0</ele><time>2024-12-03T22:35:47.800Z</time></trkpt>
   <trkpt lat="46.4899993" lon="11.0154848"><ele>0.0</ele><time>2024-12-03T22:35:48.1000Z</time></trkpt>
   <trkpt lat="46.4899993" lon="11.0155162"><ele>0.0</ele><time>2024-12-03T22:35:48.200Z</time></trkpt>
   <trkpt lat="46.4899993" lon="11.0155475"><ele>0.0</ele><time>2024-12-03T22:35:48.400Z</time></trkpt>
   <trkpt lat="46.4899993" lon="11.0155789"><ele>0.0</ele><time>2024-12-03T22:35:48.600Z</time></trkpt>
   <trkpt lat="46.4899993" lon="11.0156102"><ele>0.0</ele><time>2024-12-03T22:35:48.800Z</time></trkpt>
   <trkpt lat="46.4899993" lon="11.0156416"><ele>0.0</ele><time>2024-12-03T22:35:49.1000Z</time></trkpt>
   <trkpt lat="46.4899993" lon="11.0156730"><ele>0.0</ele><time>2024-12-03T22:35:49.200Z</time></trkpt>
   <trkpt lat="46.4899993" lon="11.0157043"><ele>0.0</ele><time>2024-12-03T22:35:49.400Z</time></trkpt>
   <trkpt lat="46.4899993" lon="11.0157357"><ele>0.0</ele><time>2024-12-03T22:35:49.600Z</time></trkpt>
   <trkpt lat="46.4899993" lon="11.0157670"><ele>0.0</ele><time>2024-12-03T22:35:49.800Z</time></trkpt>
   <trkpt lat="46.4899993" lon="11.0157984"><ele>0.0</ele><time>2024-12-03T22:35:50.1000Z</time></trkpt>
   <trkpt lat="46.4899993" lon="11.0158297"><ele>0.0</ele><time>2024-12-03T22:35:50.200Z</time></trkpt>
   <trkpt lat="46.4899993" lon="11.0158611"><ele>0.0</ele><time>2024-12-03T22:35:50.400Z</time></trkpt>
   <trkpt lat="46.4899993" lon="11.0158924"><ele>0.0</ele><time>2024-12-03T22:35:50.600Z</time></trkpt>
   <trkpt lat="46.4899993" lon="11.0159238"><ele>0.0</ele><time>2024-12-03T22:35:50.800Z</time></trkpt>
   <trkpt lat="46.4899993" lon="11.0159552"><ele>0.0</ele><time>2024-12-03T22:35:51.1000Z</time></trkpt>
   <trkpt lat="46.4899993" lon="11.0159865"><ele>0.0</ele><time>2024-12-03T22:35:51.200Z</time></trkpt>
   <trkpt lat="46.4899993" lon="11.0160179"><ele>0.0</ele><time>2024-12-03T22:35:51.400Z</time></trkpt>
   <trkpt lat="46.4899993" lon="11.0160492"><ele>0.0</ele><time>2024-12-03T22:35:51.600Z</time></trkpt>
   <trkpt lat="46.4899993" lon="11.0160806"><ele>0.0</ele><time>2024-12-03T22:35:51.800Z</time></trkpt>
   <trkpt lat="46.4899993" lon="11.0161119"><ele>0.0</ele><time>2024-12-03T22:35:52.1000Z</time></trkpt>
   <trkpt lat="46.4899993" lon="11.0161433"><ele>0.0</ele><time>2024-12-03T22:35:52.200Z</time></trkpt>
   <trkpt lat="46.4899993" lon="11.0161746"><ele>0.0</ele><time>2024-12-03T22:35:52.400Z</time></trkpt>
   <trkpt lat="46.4899993" lon="11.0162060"><ele>0.0</ele><time>2024-12-03T22:35:52.600Z</time></trkpt>
   <trkpt lat="46.4899993" lon="11.0162374"><ele>0.0</ele><time>2024-12-03T22:35:52.800Z</time></trkpt>
   <trkpt lat="46.4899993" lon="11.0162687"><ele>0.0</ele><time>2024-12-03T22:35:53.1000Z</time></trkpt>
   <trkpt lat="46.4899993" lon="11.0163001"><ele>0.0</ele><time>2024-12-03T22:35:53.200Z</time></trkpt>
   <trkpt lat="46.4899993" lon="11.0163314"><ele>0.0</ele><time>2024-12-03T22:35:53.400Z</time></trkpt>
   <trkpt lat="46.4899993" lon="11.0163628"><ele>0.0</ele><time>2024-12-03T22:35:53.600Z</time></trkpt>
   <trkpt lat="46.4899993" lon="11.0163941"><ele>0.0</ele><time>2024-12-03T22:35:53.800Z</time></trkpt>
   <trkpt lat="46.4899993" lon="11.0164255"><ele>0.0</ele><time>2024-12-03T22:35:54.1000Z</time></trkpt>
   <trkpt lat="46.4899993" lon="11.0164568"><ele>0.0</ele><time>2024-12-03T22:35:54.200Z</time></trkpt>
   <trkpt lat="46.4899993" lon="11.0164882"><ele>0.0</ele><time>2024-12-03T22:35:54.400Z</time></trkpt>
   <trkpt lat="46.4899993" lon="11.0165196"><ele>0.0</ele><time>2024-12-03T22:35:54.600Z</time></trkpt>
   <trkpt lat="46.4899993" lon="11.0165509"><ele>0.0</ele><time>2024-12-03T22:35:54.800Z</time></trkpt>
   <trkpt lat="46.4899993" lon="11.0165823"><ele>0.0</ele><time>2024-12-03T22:35:55.1000Z</time></trkpt>
   <trkpt lat="46.4899993" lon="11.0166136"><ele>0.0</ele><time>2024-12-03T22:35:55.200Z</time></trkpt>
   <trkpt lat="46.4899993" lon="11.0166450"><ele>0.0</ele><time>2024-12-03T22:35:55.400Z</time></trkpt>
   <trkpt lat="46.4899993" lon="11.0166763"><ele>0.0</ele><time>2024-12-03T22:35:55.600Z</time></trkpt>
   <trkpt lat="46.4899993" lon="11.0167077"><ele>0.0</ele><time>2024-12-03T22:35:55.800Z</time></trkpt>
   <trkpt lat="46.4899993" lon="11.0167390"><ele>0.0</ele><time>2024-12-03T22:35:56.1000Z</time></trkpt>
   <trkpt lat="46.4899993" lon="11.0167495"><ele>0.0</ele><time>2024-12-03T22:35:56.200Z</time></trkpt>
  </trkseg>
 </trk>
</gpx>
